userId,campaignId,group,semanticScore,locationScore,categoryScore,urgencyScore,popularityScore,recencyScore,monetary,goods,volunteer,label
U0001,C0067,15,0.1242,0.0552,0,0.4035,0.1466,0.7085,0,0,1,1
U0001,C0027,15,0.4958,0.2368,0,0.1749,0.1883,0.7626,0,1,0,5
U0001,C0119,15,0.4515,0.7467,0,0.2205,0.3384,0.1854,1,0,0,5
U0001,C0021,15,0.8848,0.3072,1,0.3635,0.5089,0.667,0,0,1,5
U0001,C0042,15,0.7662,0.1153,0,0.0906,0.4937,0.614,1,0,0,5
U0001,C0090,15,0.3089,0.5181,0,0.3228,0.0591,0.149,1,0,0,5
U0001,C0005,15,0.3647,0.0684,0,0.3696,0.2129,0.8414,0,0,1,5
U0001,C0066,15,0.7129,0.4478,0,0.5309,0.1527,0.7597,0,0,1,5
U0001,C0147,15,0.7899,0.1164,1,0.4412,0.0156,0.7024,0,0,1,2
U0001,C0043,15,0.2789,0.2399,0,0.4568,0.0377,0.3736,0,1,0,2
U0001,C0145,15,0.3115,0.1568,0,0.2817,0.2066,0.4919,0,0,1,2
U0001,C0105,15,0.2032,0.1445,1,0.3057,0.588,0.1225,0,1,0,2
U0001,C0100,15,0.2453,0.05,1,0.3463,0.18,0.6218,0,1,0,2
U0001,C0098,15,0.8802,0.1004,0,0.6351,0.0448,0.2837,0,1,0,2
U0001,C0080,15,0.3363,0.2457,0,0.4314,0.1509,0.5151,0,0,1,2
U0002,C0130,18,0.1905,0.9489,1,0.1453,0.2084,0.9786,0,0,1,2
U0002,C0142,18,0.3335,0.1212,0,0.3655,0.3272,0.7983,1,0,0,5
U0002,C0009,18,0.6145,0.4645,0,0.5793,0.095,0.5154,0,0,1,5
U0002,C0075,18,0.3078,0.0609,0,0.1449,0.173,0.6698,0,0,1,5
U0002,C0109,18,0.6608,0.2448,0,0.362,0.3634,0.7171,0,0,1,5
U0002,C0135,18,0.271,0.4171,1,0.4356,0.3704,0.2127,0,1,0,5
U0002,C0028,18,0.771,0.4216,0,0.3255,0.3258,0.4928,0,0,1,5
U0002,C0068,18,0.6445,0.6413,0,0.046,0.0367,0.2246,1,0,0,5
U0002,C0067,18,0.1667,0.4802,0,0.4035,0.1466,0.7085,0,0,1,2
U0002,C0003,18,0.1069,0.05,0,0.1995,0.3083,0.3506,1,0,0,1
U0002,C0029,18,0.8211,0.2068,0,0.2135,0.1634,0.7001,0,1,0,2
U0002,C0010,18,0.8932,0.2297,0,0.4611,0.2742,0.985,1,0,0,2
U0002,C0144,18,0.368,0.764,0,0.3825,0.0875,0.4128,0,0,1,1
U0002,C0039,18,0.8162,0.4269,0,0.4162,0.5551,0.7068,0,1,0,1
U0002,C0150,18,0.305,0.3071,0,0.5086,0.0134,0.5967,0,1,0,1
U0002,C0077,18,0.4113,0.05,0,0.3769,0.0663,0.4988,0,1,0,1
U0002,C0041,18,0.507,0.5599,0,0.5116,0.567,0.5192,0,0,1,1
U0002,C0134,18,0.347,0.1573,0,0.2475,0.1161,0.8961,0,1,0,2
U0003,C0118,20,0.0724,0.5698,0,0.1071,0.322,0.7665,1,0,0,2
U0003,C0045,20,0.8929,0.5375,0,0.1719,0.2712,0.965,1,0,0,5
U0003,C0125,20,0.5081,0.2557,0,0.0932,0.1975,0.6547,0,1,0,5
U0003,C0005,20,0.98,0.0862,0,0.3696,0.2129,0.8414,0,0,1,5
U0003,C0062,20,0.8051,0.1861,0,0.2459,0.3905,0.4621,1,0,0,5
U0003,C0098,20,0.7439,0.2739,0,0.6351,0.0448,0.2837,0,1,0,5
U0003,C0009,20,0.9054,0.068,0,0.5793,0.095,0.5154,0,0,1,2
U0003,C0061,20,0.4319,0.2494,1,0.2856,0.3106,0.4733,0,1,0,5
U0003,C0148,20,0.2557,0.9592,0,0.1613,0.3539,0.9027,0,1,0,2
U0003,C0053,20,0.3059,0.1003,0,0.1426,0.0445,0.1154,0,0,1,5
U0003,C0007,20,0.0692,0.2571,0,0.2653,0.2633,0.7991,0,0,1,2
U0003,C0082,20,0.6069,0.2121,0,0.3825,0.2499,0.5536,0,1,0,1
U0003,C0122,20,0.7626,0.3603,1,0.0737,0.1789,0.1599,0,1,0,1
U0003,C0011,20,0.0991,0.0673,0,0.1781,0.0681,0.808,0,1,0,2
U0003,C0001,20,0.7314,0.2506,0,0.3659,0.2368,0.8433,0,0,1,1
U0003,C0134,20,0.4234,0.7736,1,0.2475,0.1161,0.8961,0,1,0,1
U0003,C0079,20,0.4517,0.3407,0,0.3678,0.218,0.8749,0,1,0,1
U0003,C0131,20,0.6311,0.2123,0,0.5277,0.3804,0.7151,0,1,0,2
U0003,C0063,20,0.7156,0.2907,0,0.3814,0.1207,0.4515,0,1,0,2
U0003,C0008,20,0.5432,0.2677,0,0.0494,0.0915,0.8395,0,1,0,1
U0004,C0117,18,0.632,0.9563,0,0.0224,0.0825,0.1707,1,0,0,2
U0004,C0046,18,0.0798,0.2543,1,0.2768,0.1672,0.9025,0,0,1,5
U0004,C0091,18,0.0969,0.2804,0,0.4545,0.5855,0.6798,0,0,1,5
U0004,C0076,18,0.8614,0.3927,0,0.3624,0.3919,0.5224,0,1,0,5
U0004,C0116,18,0.4528,0.05,0,0.3269,0.2855,0.6783,0,1,0,5
U0004,C0099,18,0.4201,0.3248,0,0.4917,0.4187,0.1381,0,1,0,5
U0004,C0073,18,0.2485,0.3092,0,0.5746,0.2968,0.4343,1,0,0,5
U0004,C0017,18,0.5688,0.2913,0,0.3559,0.4084,0.3376,0,0,1,2
U0004,C0147,18,0.3264,0.4318,0,0.4412,0.0156,0.7024,0,0,1,5
U0004,C0109,18,0.7649,0.7079,0,0.362,0.3634,0.7171,0,0,1,2
U0004,C0136,18,0.2321,0.6712,0,0.7682,0.1707,0.2805,1,0,0,1
U0004,C0021,18,0.5339,0.06,0,0.3635,0.5089,0.667,0,0,1,1
U0004,C0065,18,0.0787,0.1775,1,0.1786,0.2128,0.6745,0,1,0,1
U0004,C0007,18,0.2418,0.1094,0,0.2653,0.2633,0.7991,0,0,1,2
U0004,C0063,18,0.6321,0.3404,0,0.3814,0.1207,0.4515,0,1,0,1
U0004,C0082,18,0.5491,0.448,0,0.3825,0.2499,0.5536,0,1,0,1
U0004,C0090,18,0.9132,0.8076,0,0.3228,0.0591,0.149,1,0,0,1
U0004,C0112,18,0.8242,0.2673,0,0.6128,0.227,0.9582,0,1,0,1
U0005,C0111,18,0.8001,0.7293,1,0.2173,0.1798,0.6751,0,1,0,2
U0005,C0055,18,0.9047,0.2756,0,0.6798,0.4857,0.7355,1,0,0,5
U0005,C0011,18,0.3412,0.2105,0,0.1781,0.0681,0.808,0,1,0,5
U0005,C0084,18,0.1511,0.2966,0,0.144,0.2945,0.8495,0,1,0,5
U0005,C0120,18,0.8151,0.7852,0,0.7087,0.1727,0.6347,1,0,0,5
U0005,C0116,18,0.785,0.5127,0,0.3269,0.2855,0.6783,0,1,0,5
U0005,C0110,18,0.6355,0.3243,0,0.2999,0.3518,0.9192,0,0,1,5
U0005,C0134,18,0.6665,0.2217,0,0.2475,0.1161,0.8961,0,1,0,5
U0005,C0012,18,0.8608,0.1309,0,0.2139,0.412,0.7963,1,0,0,2
U0005,C0125,18,0.1101,0.0924,0,0.0932,0.1975,0.6547,0,1,0,2
U0005,C0026,18,0.7861,0.0996,0,0.329,0.3563,0.5628,0,0,1,1
U0005,C0119,18,0.5187,0.5116,0,0.2205,0.3384,0.1854,1,0,0,1
U0005,C0122,18,0.1901,0.8972,0,0.0737,0.1789,0.1599,0,1,0,1
U0005,C0092,18,0.2695,0.1066,0,0.2617,0.3656,0.9768,0,0,1,1
U0005,C0074,18,0.4141,0.3206,0,0.1902,0.3126,0.6567,1,0,0,1
U0005,C0052,18,0.6985,0.4927,0,0.2264,0.1546,0.1142,0,1,0,1
U0005,C0118,18,0.4853,0.0869,0,0.1071,0.322,0.7665,1,0,0,1
U0005,C0093,18,0.8139,0.3198,0,0.1232,0.4355,0.1628,1,0,0,2
U0006,C0022,21,0.4838,0.4633,0,0.3178,0.2738,0.8723,0,0,1,2
U0006,C0093,21,0.8213,0.0759,0,0.1232,0.4355,0.1628,1,0,0,2
U0006,C0147,21,0.3155,0.3136,0,0.4412,0.0156,0.7024,0,0,1,5
U0006,C0060,21,0.6247,0.1398,0,0.2468,0.252,0.9446,1,0,0,5
U0006,C0077,21,0.8028,0.1304,1,0.3769,0.0663,0.4988,0,1,0,5
U0006,C0133,21,0.2196,0.3755,0,0.2197,0.4224,0.8201,1,0,0,5
U0006,C0083,21,0.422,0.4883,0,0.2692,0.0207,0.9543,0,0,1,5
U0006,C0150,21,0.1113,0.1561,0,0.5086,0.0134,0.5967,0,1,0,2
U0006,C0005,21,0.9765,0.671,0,0.3696,0.2129,0.8414,0,0,1,5
U0006,C0068,21,0.5472,0.8775,0,0.046,0.0367,0.2246,1,0,0,2
U0006,C0128,21,0.8386,0.1969,0,0.3936,0.1843,0.6371,0,1,0,5
U0006,C0059,21,0.3964,0.338,0,0.0711,0.1059,0.1048,1,0,0,2
U0006,C0039,21,0.7256,0.1185,1,0.4162,0.5551,0.7068,0,1,0,1
U0006,C0113,21,0.3358,0.4613,0,0.4553,0.1208,0.8935,1,0,0,1
U0006,C0031,21,0.1523,0.7808,0,0.3153,0.4029,0.7732,0,0,1,1
U0006,C0131,21,0.4572,0.3943,0,0.5277,0.3804,0.7151,0,1,0,2
U0006,C0085,21,0.8594,0.229,0,0.7087,0.1505,0.4262,0,0,1,1
U0006,C0032,21,0.3421,0.3482,0,0.3971,0.3099,0.8314,1,0,0,1
U0006,C0078,21,0.7056,0.1198,0,0.245,0.2838,0.5447,1,0,0,1
U0006,C0064,21,0.5934,0.3855,0,0.402,0.3089,0.1624,1,0,0,2
U0006,C0051,21,0.118,0.3046,1,0.158,0.2724,0.381,0,1,0,1
U0007,C0132,21,0.3705,0.2716,1,0.1512,0.4582,0.4379,0,1,0,2
U0007,C0014,21,0.0576,0.368,0,0.2162,0.1109,0.2355,0,1,0,5
U0007,C0084,21,0.7649,0.095,0,0.144,0.2945,0.8495,0,1,0,5
U0007,C0108,21,0.2134,0.187,0,0.2017,0.1291,0.5094,0,0,1,5
U0007,C0019,21,0.5463,0.5013,0,0.5338,0.307,0.8996,0,0,1,5
U0007,C0125,21,0.2015,0.732,0,0.0932,0.1975,0.6547,0,1,0,5
U0007,C0073,21,0.9584,0.2912,0,0.5746,0.2968,0.4343,1,0,0,5
U0007,C0021,21,0.1173,0.1299,0,0.3635,0.5089,0.667,0,0,1,2
U0007,C0037,21,0.468,0.3816,0,0.5885,0.8288,0.9402,0,1,0,2
U0007,C0057,21,0.3359,0.1379,0,0.3163,0.1677,0.2194,1,0,0,2
U0007,C0118,21,0.9295,0.3801,0,0.1071,0.322,0.7665,1,0,0,5
U0007,C0060,21,0.9301,0.05,0,0.2468,0.252,0.9446,1,0,0,2
U0007,C0008,21,0.3907,0.1254,0,0.0494,0.0915,0.8395,0,1,0,1
U0007,C0121,21,0.05,0.1125,0,0.1379,0.1556,0.7324,1,0,0,1
U0007,C0011,21,0.4332,0.3546,0,0.1781,0.0681,0.808,0,1,0,1
U0007,C0085,21,0.1138,0.2569,0,0.7087,0.1505,0.4262,0,0,1,1
U0007,C0113,21,0.2471,0.3603,0,0.4553,0.1208,0.8935,1,0,0,2
U0007,C0124,21,0.5383,0.8659,0,0.1069,0.5369,0.9241,1,0,0,1
U0007,C0137,21,0.82,0.154,0,0.1397,0.2365,0.2946,0,1,0,1
U0007,C0006,21,0.4625,0.3719,0,0.2425,0.0563,0.1568,1,0,0,2
U0007,C0088,21,0.1305,0.2283,0,0.5048,0.7336,0.9325,0,1,0,1
U0008,C0149,21,0.5644,0.1336,0,0.5411,0.0374,0.3754,0,1,0,2
U0008,C0115,21,0.5354,0.1914,1,0.4254,0.6476,0.8504,0,0,1,5
U0008,C0148,21,0.6582,0.3685,0,0.1613,0.3539,0.9027,0,1,0,5
U0008,C0121,21,0.522,0.9007,0,0.1379,0.1556,0.7324,1,0,0,5
U0008,C0104,21,0.8962,0.05,0,0.3407,0.4493,0.7169,1,0,0,5
U0008,C0112,21,0.6998,0.5959,0,0.6128,0.227,0.9582,0,1,0,5
U0008,C0027,21,0.8775,0.4055,0,0.1749,0.1883,0.7626,0,1,0,5
U0008,C0007,21,0.8533,0.0812,0,0.2653,0.2633,0.7991,0,0,1,2
U0008,C0127,21,0.1872,0.7782,0,0.0894,0.2251,0.7216,1,0,0,2
U0008,C0076,21,0.2775,0.4397,0,0.3624,0.3919,0.5224,0,1,0,5
U0008,C0079,21,0.6436,0.1623,0,0.3678,0.218,0.8749,0,1,0,2
U0008,C0100,21,0.891,0.456,0,0.3463,0.18,0.6218,0,1,0,2
U0008,C0008,21,0.3085,0.4774,0,0.0494,0.0915,0.8395,0,1,0,2
U0008,C0048,21,0.2012,0.05,0,0.261,0.7379,0.4654,0,0,1,1
U0008,C0065,21,0.0914,0.6554,0,0.1786,0.2128,0.6745,0,1,0,1
U0008,C0036,21,0.105,0.2321,0,0.2348,0.2335,0.9128,1,0,0,1
U0008,C0150,21,0.0611,0.3872,0,0.5086,0.0134,0.5967,0,1,0,1
U0008,C0086,21,0.4246,0.1573,0,0.1612,0.0544,0.8773,0,0,1,1
U0008,C0061,21,0.3127,0.8443,1,0.2856,0.3106,0.4733,0,1,0,1
U0008,C0136,21,0.0726,0.4519,0,0.7682,0.1707,0.2805,1,0,0,1
U0008,C0062,21,0.27,0.1131,0,0.2459,0.3905,0.4621,1,0,0,2
U0009,C0075,18,0.6544,0.366,0,0.1449,0.173,0.6698,0,0,1,5
U0009,C0073,18,0.4054,0.6852,0,0.5746,0.2968,0.4343,1,0,0,5
U0009,C0122,18,0.8575,0.3757,1,0.0737,0.1789,0.1599,0,1,0,5
U0009,C0079,18,0.9155,0.4345,0,0.3678,0.218,0.8749,0,1,0,2
U0009,C0085,18,0.0962,0.6313,0,0.7087,0.1505,0.4262,0,0,1,5
U0009,C0088,18,0.3916,0.98,0,0.5048,0.7336,0.9325,0,1,0,5
U0009,C0006,18,0.8209,0.4532,0,0.2425,0.0563,0.1568,1,0,0,5
U0009,C0004,18,0.1677,0.2806,0,0.2286,0.3073,0.6892,0,0,1,5
U0009,C0115,18,0.4428,0.3081,1,0.4254,0.6476,0.8504,0,0,1,2
U0009,C0014,18,0.1784,0.9036,0,0.2162,0.1109,0.2355,0,1,0,1
U0009,C0021,18,0.3283,0.1453,0,0.3635,0.5089,0.667,0,0,1,2
U0009,C0112,18,0.2638,0.4971,0,0.6128,0.227,0.9582,0,1,0,2
U0009,C0017,18,0.0961,0.4661,0,0.3559,0.4084,0.3376,0,0,1,2
U0009,C0038,18,0.4529,0.05,0,0.1376,0.2429,0.8212,1,0,0,2
U0009,C0086,18,0.2197,0.346,0,0.1612,0.0544,0.8773,0,0,1,1
U0009,C0148,18,0.6375,0.3065,0,0.1613,0.3539,0.9027,0,1,0,1
U0009,C0036,18,0.118,0.7108,0,0.2348,0.2335,0.9128,1,0,0,1
U0009,C0099,18,0.217,0.628,0,0.4917,0.4187,0.1381,0,1,0,2
U0010,C0093,15,0.6386,0.1657,0,0.1232,0.4355,0.1628,1,0,0,5
U0010,C0071,15,0.8621,0.1706,0,0.0339,0.1683,0.8816,0,0,1,5
U0010,C0058,15,0.8561,0.7403,0,0.2961,0.1857,0.5605,0,1,0,5
U0010,C0136,15,0.5164,0.7671,0,0.7682,0.1707,0.2805,1,0,0,5
U0010,C0027,15,0.5974,0.4442,1,0.1749,0.1883,0.7626,0,1,0,5
U0010,C0096,15,0.9583,0.1485,1,0.0227,0.0278,0.8292,0,0,1,5
U0010,C0105,15,0.8636,0.3263,0,0.3057,0.588,0.1225,0,1,0,5
U0010,C0061,15,0.0689,0.3355,0,0.2856,0.3106,0.4733,0,1,0,2
U0010,C0045,15,0.0991,0.3147,0,0.1719,0.2712,0.965,1,0,0,2
U0010,C0141,15,0.3972,0.5834,0,0.4364,0.2668,0.9467,1,0,0,2
U0010,C0126,15,0.6734,0.3128,0,0.1993,0.2585,0.3217,1,0,0,2
U0010,C0085,15,0.4134,0.1901,0,0.7087,0.1505,0.4262,0,0,1,2
U0010,C0148,15,0.3542,0.4772,0,0.1613,0.3539,0.9027,0,1,0,2
U0010,C0118,15,0.4762,0.3568,0,0.1071,0.322,0.7665,1,0,0,2
U0010,C0057,15,0.6446,0.8047,0,0.3163,0.1677,0.2194,1,0,0,1
U0011,C0118,17,0.4773,0.3019,1,0.1071,0.322,0.7665,1,0,0,5
U0011,C0072,17,0.4857,0.2489,0,0.0127,0.1046,0.4412,0,1,0,5
U0011,C0052,17,0.6784,0.6027,0,0.2264,0.1546,0.1142,0,1,0,5
U0011,C0068,17,0.3624,0.2404,0,0.046,0.0367,0.2246,1,0,0,5
U0011,C0098,17,0.7505,0.4754,0,0.6351,0.0448,0.2837,0,1,0,5
U0011,C0135,17,0.7927,0.341,0,0.4356,0.3704,0.2127,0,1,0,5
U0011,C0085,17,0.7825,0.3883,0,0.7087,0.1505,0.4262,0,0,1,5
U0011,C0026,17,0.4197,0.5527,0,0.329,0.3563,0.5628,0,0,1,2
U0011,C0120,17,0.082,0.4009,0,0.7087,0.1727,0.6347,1,0,0,1
U0011,C0004,17,0.1759,0.8113,1,0.2286,0.3073,0.6892,0,0,1,2
U0011,C0106,17,0.2657,0.2898,1,0.33,0.3127,0.2543,0,1,0,2
U0011,C0028,17,0.5994,0.2061,0,0.3255,0.3258,0.4928,0,0,1,2
U0011,C0130,17,0.8867,0.0614,0,0.1453,0.2084,0.9786,0,0,1,2
U0011,C0123,17,0.05,0.6688,0,0.2637,0.0474,0.3077,0,1,0,2
U0011,C0013,17,0.4016,0.05,0,0.3808,0.151,0.7731,1,0,0,1
U0011,C0048,17,0.4789,0.937,0,0.261,0.7379,0.4654,0,0,1,1
U0011,C0109,17,0.685,0.2128,1,0.362,0.3634,0.7171,0,0,1,2
U0012,C0142,21,0.877,0.3197,0,0.3655,0.3272,0.7983,1,0,0,2
U0012,C0038,21,0.2468,0.4127,0,0.1376,0.2429,0.8212,1,0,0,2
U0012,C0101,21,0.8968,0.1111,0,0.4391,0.1313,0.5076,1,0,0,5
U0012,C0135,21,0.4398,0.4402,0,0.4356,0.3704,0.2127,0,1,0,5
U0012,C0002,21,0.806,0.2134,0,0.3844,0.2499,0.5168,0,1,0,5
U0012,C0055,21,0.2277,0.7318,1,0.6798,0.4857,0.7355,1,0,0,5
U0012,C0118,21,0.4526,0.8947,0,0.1071,0.322,0.7665,1,0,0,5
U0012,C0149,21,0.4109,0.3777,0,0.5411,0.0374,0.3754,0,1,0,2
U0012,C0019,21,0.2817,0.3914,0,0.5338,0.307,0.8996,0,0,1,5
U0012,C0144,21,0.2096,0.067,0,0.3825,0.0875,0.4128,0,0,1,2
U0012,C0007,21,0.4757,0.1681,0,0.2653,0.2633,0.7991,0,0,1,5
U0012,C0027,21,0.2238,0.337,0,0.1749,0.1883,0.7626,0,1,0,2
U0012,C0044,21,0.2868,0.0797,0,0.1681,0.234,0.3863,0,1,0,1
U0012,C0050,21,0.7925,0.1198,0,0.1149,0.3756,0.1722,1,0,0,1
U0012,C0012,21,0.1626,0.3864,0,0.2139,0.412,0.7963,1,0,0,1
U0012,C0053,21,0.5463,0.2797,0,0.1426,0.0445,0.1154,0,0,1,1
U0012,C0092,21,0.8505,0.1799,0,0.2617,0.3656,0.9768,0,0,1,2
U0012,C0127,21,0.4529,0.3849,0,0.0894,0.2251,0.7216,1,0,0,1
U0012,C0024,21,0.914,0.09,0,0.5432,0.2853,0.4861,0,0,1,1
U0012,C0086,21,0.8901,0.9347,0,0.1612,0.0544,0.8773,0,0,1,2
U0012,C0003,21,0.7323,0.1105,0,0.1995,0.3083,0.3506,1,0,0,1
U0013,C0048,16,0.792,0.2391,0,0.261,0.7379,0.4654,0,0,1,5
U0013,C0032,16,0.8301,0.6955,0,0.3971,0.3099,0.8314,1,0,0,5
U0013,C0069,16,0.5029,0.3401,0,0.2052,0.6311,0.621,1,0,0,5
U0013,C0090,16,0.9365,0.8546,0,0.3228,0.0591,0.149,1,0,0,5
U0013,C0042,16,0.6184,0.2624,1,0.0906,0.4937,0.614,1,0,0,5
U0013,C0094,16,0.4655,0.1435,0,0.4751,0.4894,0.5992,0,1,0,5
U0013,C0147,16,0.1725,0.2519,0,0.4412,0.0156,0.7024,0,0,1,5
U0013,C0070,16,0.766,0.5191,0,0.5536,0.18,0.6125,0,0,1,2
U0013,C0006,16,0.074,0.3685,0,0.2425,0.0563,0.1568,1,0,0,2
U0013,C0060,16,0.8189,0.6276,1,0.2468,0.252,0.9446,1,0,0,2
U0013,C0091,16,0.7377,0.105,0,0.4545,0.5855,0.6798,0,0,1,2
U0013,C0100,16,0.431,0.3403,0,0.3463,0.18,0.6218,0,1,0,2
U0013,C0007,16,0.678,0.2543,1,0.2653,0.2633,0.7991,0,0,1,2
U0013,C0128,16,0.8239,0.1715,0,0.3936,0.1843,0.6371,0,1,0,2
U0013,C0149,16,0.0689,0.299,0,0.5411,0.0374,0.3754,0,1,0,1
U0013,C0117,16,0.1354,0.98,0,0.0224,0.0825,0.1707,1,0,0,1
U0014,C0119,20,0.5738,0.237,0,0.2205,0.3384,0.1854,1,0,0,2
U0014,C0013,20,0.4315,0.3079,0,0.3808,0.151,0.7731,1,0,0,5
U0014,C0147,20,0.9642,0.7405,0,0.4412,0.0156,0.7024,0,0,1,5
U0014,C0079,20,0.0928,0.4274,1,0.3678,0.218,0.8749,0,1,0,5
U0014,C0014,20,0.129,0.6965,1,0.2162,0.1109,0.2355,0,1,0,5
U0014,C0125,20,0.2559,0.1606,0,0.0932,0.1975,0.6547,0,1,0,5
U0014,C0039,20,0.8177,0.2663,0,0.4162,0.5551,0.7068,0,1,0,2
U0014,C0117,20,0.3504,0.0689,0,0.0224,0.0825,0.1707,1,0,0,5
U0014,C0084,20,0.5703,0.3135,0,0.144,0.2945,0.8495,0,1,0,5
U0014,C0140,20,0.9531,0.1914,0,0.197,0.2235,0.6571,0,1,0,2
U0014,C0086,20,0.0928,0.4585,0,0.1612,0.0544,0.8773,0,0,1,1
U0014,C0009,20,0.7666,0.1136,0,0.5793,0.095,0.5154,0,0,1,2
U0014,C0010,20,0.3316,0.299,0,0.4611,0.2742,0.985,1,0,0,2
U0014,C0005,20,0.6631,0.294,0,0.3696,0.2129,0.8414,0,0,1,2
U0014,C0018,20,0.2196,0.1284,0,0.1823,0.3987,0.4737,0,0,1,1
U0014,C0115,20,0.0825,0.2487,0,0.4254,0.6476,0.8504,0,0,1,1
U0014,C0044,20,0.6395,0.3162,0,0.1681,0.234,0.3863,0,1,0,1
U0014,C0131,20,0.4087,0.3745,0,0.5277,0.3804,0.7151,0,1,0,1
U0014,C0085,20,0.1994,0.7814,0,0.7087,0.1505,0.4262,0,0,1,1
U0014,C0094,20,0.5258,0.1127,0,0.4751,0.4894,0.5992,0,1,0,2
U0015,C0149,17,0.43,0.4059,0,0.5411,0.0374,0.3754,0,1,0,5
U0015,C0075,17,0.422,0.7401,1,0.1449,0.173,0.6698,0,0,1,5
U0015,C0015,17,0.6452,0.4494,0,0.197,0.2352,0.2955,0,0,1,5
U0015,C0046,17,0.6132,0.3318,0,0.2768,0.1672,0.9025,0,0,1,2
U0015,C0111,17,0.5659,0.3145,0,0.2173,0.1798,0.6751,0,1,0,5
U0015,C0079,17,0.5304,0.1913,0,0.3678,0.218,0.8749,0,1,0,5
U0015,C0144,17,0.9571,0.2504,0,0.3825,0.0875,0.4128,0,0,1,5
U0015,C0091,17,0.1122,0.2699,0,0.4545,0.5855,0.6798,0,0,1,2
U0015,C0131,17,0.5498,0.27,0,0.5277,0.3804,0.7151,0,1,0,5
U0015,C0133,17,0.7386,0.1234,0,0.2197,0.4224,0.8201,1,0,0,2
U0015,C0127,17,0.7515,0.1957,0,0.0894,0.2251,0.7216,1,0,0,1
U0015,C0132,17,0.665,0.4558,0,0.1512,0.4582,0.4379,0,1,0,1
U0015,C0146,17,0.285,0.3213,0,0.2666,0.2475,0.4564,0,0,1,1
U0015,C0004,17,0.2253,0.161,0,0.2286,0.3073,0.6892,0,0,1,2
U0015,C0109,17,0.1124,0.5131,0,0.362,0.3634,0.7171,0,0,1,2
U0015,C0024,17,0.938,0.308,0,0.5432,0.2853,0.4861,0,0,1,2
U0015,C0051,17,0.2173,0.4544,1,0.158,0.2724,0.381,0,1,0,2
U0016,C0039,19,0.2915,0.3686,0,0.4162,0.5551,0.7068,0,1,0,5
U0016,C0034,19,0.0791,0.1069,0,0.4504,0.0773,0.9705,0,1,0,5
U0016,C0089,19,0.0781,0.1073,1,0.172,0.2367,0.6685,0,0,1,5
U0016,C0136,19,0.714,0.2984,0,0.7682,0.1707,0.2805,1,0,0,5
U0016,C0120,19,0.0751,0.7251,0,0.7087,0.1727,0.6347,1,0,0,5
U0016,C0128,19,0.4729,0.1404,0,0.3936,0.1843,0.6371,0,1,0,5
U0016,C0072,19,0.8837,0.8774,0,0.0127,0.1046,0.4412,0,1,0,5
U0016,C0060,19,0.5364,0.2032,0,0.2468,0.252,0.9446,1,0,0,2
U0016,C0059,19,0.6928,0.4233,0,0.0711,0.1059,0.1048,1,0,0,2
U0016,C0050,19,0.7911,0.05,0,0.1149,0.3756,0.1722,1,0,0,1
U0016,C0148,19,0.1125,0.2487,1,0.1613,0.3539,0.9027,0,1,0,2
U0016,C0125,19,0.5843,0.0895,0,0.0932,0.1975,0.6547,0,1,0,1
U0016,C0057,19,0.1013,0.2188,0,0.3163,0.1677,0.2194,1,0,0,1
U0016,C0150,19,0.681,0.3977,1,0.5086,0.0134,0.5967,0,1,0,1
U0016,C0084,19,0.2808,0.2226,0,0.144,0.2945,0.8495,0,1,0,2
U0016,C0022,19,0.2461,0.1254,0,0.3178,0.2738,0.8723,0,0,1,2
U0016,C0132,19,0.176,0.1924,0,0.1512,0.4582,0.4379,0,1,0,2
U0016,C0070,19,0.3349,0.2125,0,0.5536,0.18,0.6125,0,0,1,2
U0016,C0093,19,0.8687,0.3003,0,0.1232,0.4355,0.1628,1,0,0,1
U0017,C0019,16,0.4061,0.3869,0,0.5338,0.307,0.8996,0,0,1,5
U0017,C0040,16,0.433,0.5612,1,0.408,0.4465,0.1051,0,1,0,5
U0017,C0148,16,0.1888,0.2205,0,0.1613,0.3539,0.9027,0,1,0,5
U0017,C0073,16,0.7351,0.1641,0,0.5746,0.2968,0.4343,1,0,0,5
U0017,C0111,16,0.418,0.5302,0,0.2173,0.1798,0.6751,0,1,0,5
U0017,C0112,16,0.8838,0.7193,0,0.6128,0.227,0.9582,0,1,0,5
U0017,C0106,16,0.6678,0.6578,0,0.33,0.3127,0.2543,0,1,0,5
U0017,C0039,16,0.5204,0.3768,0,0.4162,0.5551,0.7068,0,1,0,2
U0017,C0108,16,0.0847,0.3932,1,0.2017,0.1291,0.5094,0,0,1,2
U0017,C0096,16,0.957,0.3144,0,0.0227,0.0278,0.8292,0,0,1,2
U0017,C0067,16,0.516,0.9253,0,0.4035,0.1466,0.7085,0,0,1,1
U0017,C0075,16,0.1798,0.1691,0,0.1449,0.173,0.6698,0,0,1,1
U0017,C0009,16,0.2914,0.2522,0,0.5793,0.095,0.5154,0,0,1,1
U0017,C0045,16,0.798,0.6462,0,0.1719,0.2712,0.965,1,0,0,1
U0017,C0014,16,0.8057,0.4105,0,0.2162,0.1109,0.2355,0,1,0,1
U0017,C0079,16,0.082,0.0924,0,0.3678,0.218,0.8749,0,1,0,2
U0018,C0116,17,0.7159,0.6168,1,0.3269,0.2855,0.6783,0,1,0,5
U0018,C0109,17,0.3264,0.2797,0,0.362,0.3634,0.7171,0,0,1,5
U0018,C0074,17,0.8386,0.4345,0,0.1902,0.3126,0.6567,1,0,0,5
U0018,C0147,17,0.7834,0.05,0,0.4412,0.0156,0.7024,0,0,1,5
U0018,C0073,17,0.1526,0.4352,0,0.5746,0.2968,0.4343,1,0,0,5
U0018,C0079,17,0.8263,0.05,0,0.3678,0.218,0.8749,0,1,0,5
U0018,C0148,17,0.3265,0.2794,0,0.1613,0.3539,0.9027,0,1,0,2
U0018,C0052,17,0.472,0.3299,1,0.2264,0.1546,0.1142,0,1,0,2
U0018,C0023,17,0.2622,0.3645,0,0.1731,0.0376,0.8054,1,0,0,2
U0018,C0067,17,0.3671,0.2671,0,0.4035,0.1466,0.7085,0,0,1,1
U0018,C0106,17,0.328,0.0547,0,0.33,0.3127,0.2543,0,1,0,1
U0018,C0038,17,0.5363,0.7687,0,0.1376,0.2429,0.8212,1,0,0,1
U0018,C0144,17,0.6532,0.7118,0,0.3825,0.0875,0.4128,0,0,1,1
U0018,C0031,17,0.4797,0.6397,0,0.3153,0.4029,0.7732,0,0,1,1
U0018,C0107,17,0.5089,0.6413,0,0.3318,0.1496,0.5082,1,0,0,1
U0018,C0049,17,0.683,0.6248,0,0.6034,0.4181,0.1123,1,0,0,1
U0018,C0002,17,0.4481,0.5952,0,0.3844,0.2499,0.5168,0,1,0,2
U0019,C0148,19,0.7401,0.2069,0,0.1613,0.3539,0.9027,0,1,0,5
U0019,C0032,19,0.0917,0.3168,0,0.3971,0.3099,0.8314,1,0,0,5
U0019,C0045,19,0.2059,0.2192,0,0.1719,0.2712,0.965,1,0,0,5
U0019,C0053,19,0.5777,0.4398,1,0.1426,0.0445,0.1154,0,0,1,5
U0019,C0133,19,0.5662,0.4149,0,0.2197,0.4224,0.8201,1,0,0,5
U0019,C0118,19,0.5817,0.3421,0,0.1071,0.322,0.7665,1,0,0,5
U0019,C0004,19,0.05,0.5012,0,0.2286,0.3073,0.6892,0,0,1,2
U0019,C0056,19,0.8194,0.3916,0,0.5135,0.1568,0.3781,0,0,1,5
U0019,C0066,19,0.7147,0.2407,0,0.5309,0.1527,0.7597,0,0,1,2
U0019,C0029,19,0.3073,0.4794,0,0.2135,0.1634,0.7001,0,1,0,1
U0019,C0082,19,0.6142,0.6423,0,0.3825,0.2499,0.5536,0,1,0,2
U0019,C0121,19,0.5798,0.1454,0,0.1379,0.1556,0.7324,1,0,0,2
U0019,C0058,19,0.2193,0.5224,0,0.2961,0.1857,0.5605,0,1,0,2
U0019,C0111,19,0.1206,0.2803,0,0.2173,0.1798,0.6751,0,1,0,2
U0019,C0113,19,0.4521,0.3048,0,0.4553,0.1208,0.8935,1,0,0,1
U0019,C0127,19,0.98,0.2134,0,0.0894,0.2251,0.7216,1,0,0,1
U0019,C0096,19,0.4991,0.3723,0,0.0227,0.0278,0.8292,0,0,1,1
U0019,C0104,19,0.8817,0.7864,0,0.3407,0.4493,0.7169,1,0,0,1
U0019,C0116,19,0.6994,0.1002,0,0.3269,0.2855,0.6783,0,1,0,2
U0020,C0043,12,0.441,0.1474,0,0.4568,0.0377,0.3736,0,1,0,5
U0020,C0048,12,0.2952,0.2237,0,0.261,0.7379,0.4654,0,0,1,5
U0020,C0003,12,0.3652,0.3111,1,0.1995,0.3083,0.3506,1,0,0,5
U0020,C0092,12,0.5883,0.4178,0,0.2617,0.3656,0.9768,0,0,1,5
U0020,C0099,12,0.4696,0.2531,0,0.4917,0.4187,0.1381,0,1,0,5
U0020,C0096,12,0.329,0.3457,0,0.0227,0.0278,0.8292,0,0,1,5
U0020,C0110,12,0.5033,0.6539,0,0.2999,0.3518,0.9192,0,0,1,5
U0020,C0091,12,0.581,0.2801,0,0.4545,0.5855,0.6798,0,0,1,2
U0020,C0140,12,0.2686,0.2654,0,0.197,0.2235,0.6571,0,1,0,2
U0020,C0041,12,0.4229,0.2881,0,0.5116,0.567,0.5192,0,0,1,2
U0020,C0070,12,0.3543,0.05,0,0.5536,0.18,0.6125,0,0,1,2
U0020,C0097,12,0.4696,0.5015,0,0.2215,0.1013,0.4724,1,0,0,1
U0021,C0009,18,0.7527,0.3538,0,0.5793,0.095,0.5154,0,0,1,5
U0021,C0034,18,0.4351,0.8833,0,0.4504,0.0773,0.9705,0,1,0,5
U0021,C0081,18,0.3416,0.7979,0,0.4999,0.1906,0.9459,0,0,1,5
U0021,C0025,18,0.9611,0.4497,0,0.2146,0.2956,0.281,0,0,1,5
U0021,C0137,18,0.269,0.7797,0,0.1397,0.2365,0.2946,0,1,0,5
U0021,C0082,18,0.3091,0.3168,0,0.3825,0.2499,0.5536,0,1,0,5
U0021,C0125,18,0.7821,0.38,0,0.0932,0.1975,0.6547,0,1,0,5
U0021,C0001,18,0.4528,0.2964,0,0.3659,0.2368,0.8433,0,0,1,2
U0021,C0085,18,0.2608,0.1543,0,0.7087,0.1505,0.4262,0,0,1,2
U0021,C0142,18,0.6641,0.4626,0,0.3655,0.3272,0.7983,1,0,0,1
U0021,C0066,18,0.735,0.2185,0,0.5309,0.1527,0.7597,0,0,1,2
U0021,C0053,18,0.0684,0.3147,0,0.1426,0.0445,0.1154,0,0,1,2
U0021,C0126,18,0.2253,0.05,0,0.1993,0.2585,0.3217,1,0,0,1
U0021,C0058,18,0.2498,0.3805,0,0.2961,0.1857,0.5605,0,1,0,1
U0021,C0039,18,0.05,0.05,0,0.4162,0.5551,0.7068,0,1,0,1
U0021,C0063,18,0.833,0.3379,0,0.3814,0.1207,0.4515,0,1,0,1
U0021,C0043,18,0.7199,0.4747,0,0.4568,0.0377,0.3736,0,1,0,1
U0021,C0068,18,0.0557,0.05,0,0.046,0.0367,0.2246,1,0,0,2
U0022,C0074,19,0.5545,0.2882,0,0.1902,0.3126,0.6567,1,0,0,2
U0022,C0133,19,0.1276,0.4178,1,0.2197,0.4224,0.8201,1,0,0,5
U0022,C0100,19,0.4079,0.3925,0,0.3463,0.18,0.6218,0,1,0,5
U0022,C0064,19,0.8687,0.4357,1,0.402,0.3089,0.1624,1,0,0,5
U0022,C0080,19,0.9015,0.3533,0,0.4314,0.1509,0.5151,0,0,1,5
U0022,C0072,19,0.7612,0.4173,0,0.0127,0.1046,0.4412,0,1,0,5
U0022,C0032,19,0.4756,0.1911,1,0.3971,0.3099,0.8314,1,0,0,2
U0022,C0107,19,0.4835,0.1554,0,0.3318,0.1496,0.5082,1,0,0,5
U0022,C0113,19,0.6386,0.6767,0,0.4553,0.1208,0.8935,1,0,0,2
U0022,C0069,19,0.4237,0.3378,0,0.2052,0.6311,0.621,1,0,0,5
U0022,C0145,19,0.5401,0.05,1,0.2817,0.2066,0.4919,0,0,1,2
U0022,C0111,19,0.0742,0.3218,0,0.2173,0.1798,0.6751,0,1,0,1
U0022,C0106,19,0.3111,0.2206,0,0.33,0.3127,0.2543,0,1,0,1
U0022,C0108,19,0.6548,0.5182,0,0.2017,0.1291,0.5094,0,0,1,1
U0022,C0025,19,0.2686,0.41,0,0.2146,0.2956,0.281,0,0,1,2
U0022,C0056,19,0.2798,0.2618,0,0.5135,0.1568,0.3781,0,0,1,1
U0022,C0123,19,0.1997,0.3207,0,0.2637,0.0474,0.3077,0,1,0,2
U0022,C0028,19,0.7763,0.4403,0,0.3255,0.3258,0.4928,0,0,1,2
U0022,C0102,19,0.3451,0.5401,0,0.2618,0.4192,0.9539,0,0,1,1
U0023,C0112,21,0.5199,0.9107,1,0.6128,0.227,0.9582,0,1,0,5
U0023,C0127,21,0.0778,0.8678,0,0.0894,0.2251,0.7216,1,0,0,2
U0023,C0101,21,0.05,0.1475,0,0.4391,0.1313,0.5076,1,0,0,5
U0023,C0035,21,0.9693,0.1517,1,0.1816,0.3439,0.844,0,0,1,5
U0023,C0130,21,0.8646,0.2569,0,0.1453,0.2084,0.9786,0,0,1,5
U0023,C0129,21,0.6388,0.307,0,0.4607,0.3731,0.5514,0,1,0,5
U0023,C0031,21,0.9491,0.2563,0,0.3153,0.4029,0.7732,0,0,1,5
U0023,C0081,21,0.4137,0.3329,0,0.4999,0.1906,0.9459,0,0,1,2
U0023,C0049,21,0.4059,0.3941,1,0.6034,0.4181,0.1123,1,0,0,2
U0023,C0088,21,0.3193,0.4169,0,0.5048,0.7336,0.9325,0,1,0,2
U0023,C0104,21,0.5854,0.2288,1,0.3407,0.4493,0.7169,1,0,0,5
U0023,C0115,21,0.724,0.0984,0,0.4254,0.6476,0.8504,0,0,1,2
U0023,C0134,21,0.1312,0.1026,0,0.2475,0.1161,0.8961,0,1,0,1
U0023,C0011,21,0.8002,0.3713,0,0.1781,0.0681,0.808,0,1,0,1
U0023,C0010,21,0.2672,0.3053,0,0.4611,0.2742,0.985,1,0,0,1
U0023,C0070,21,0.1417,0.3267,0,0.5536,0.18,0.6125,0,0,1,1
U0023,C0023,21,0.274,0.6698,0,0.1731,0.0376,0.8054,1,0,0,2
U0023,C0075,21,0.3523,0.3876,0,0.1449,0.173,0.6698,0,0,1,1
U0023,C0102,21,0.5449,0.2599,1,0.2618,0.4192,0.9539,0,0,1,1
U0023,C0048,21,0.6638,0.5337,0,0.261,0.7379,0.4654,0,0,1,2
U0023,C0091,21,0.8681,0.3508,0,0.4545,0.5855,0.6798,0,0,1,1
U0024,C0123,18,0.1286,0.8298,1,0.2637,0.0474,0.3077,0,1,0,2
U0024,C0106,18,0.1831,0.1487,0,0.33,0.3127,0.2543,0,1,0,5
U0024,C0057,18,0.5359,0.4075,1,0.3163,0.1677,0.2194,1,0,0,5
U0024,C0010,18,0.2445,0.681,0,0.4611,0.2742,0.985,1,0,0,5
U0024,C0122,18,0.8944,0.3203,0,0.0737,0.1789,0.1599,0,1,0,5
U0024,C0097,18,0.7451,0.1613,1,0.2215,0.1013,0.4724,1,0,0,5
U0024,C0144,18,0.5039,0.3403,0,0.3825,0.0875,0.4128,0,0,1,5
U0024,C0031,18,0.2494,0.1437,0,0.3153,0.4029,0.7732,0,0,1,2
U0024,C0033,18,0.7062,0.1405,0,0.5872,0.251,0.7362,1,0,0,5
U0024,C0054,18,0.3293,0.9061,0,0.2075,0.1691,0.9249,0,0,1,2
U0024,C0124,18,0.2837,0.1241,1,0.1069,0.5369,0.9241,1,0,0,2
U0024,C0109,18,0.0523,0.3902,0,0.362,0.3634,0.7171,0,0,1,2
U0024,C0044,18,0.1945,0.2537,0,0.1681,0.234,0.3863,0,1,0,2
U0024,C0003,18,0.553,0.2291,0,0.1995,0.3083,0.3506,1,0,0,1
U0024,C0058,18,0.8974,0.2571,0,0.2961,0.1857,0.5605,0,1,0,1
U0024,C0102,18,0.6545,0.2025,0,0.2618,0.4192,0.9539,0,0,1,1
U0024,C0147,18,0.5182,0.1211,0,0.4412,0.0156,0.7024,0,0,1,1
U0024,C0069,18,0.8183,0.5313,1,0.2052,0.6311,0.621,1,0,0,2
U0025,C0020,19,0.9582,0.1507,1,0.3514,0.3371,0.8419,1,0,0,5
U0025,C0031,19,0.109,0.6603,0,0.3153,0.4029,0.7732,0,0,1,5
U0025,C0135,19,0.2417,0.1083,0,0.4356,0.3704,0.2127,0,1,0,5
U0025,C0037,19,0.3515,0.2389,0,0.5885,0.8288,0.9402,0,1,0,5
U0025,C0036,19,0.5951,0.0891,1,0.2348,0.2335,0.9128,1,0,0,5
U0025,C0065,19,0.3231,0.3183,0,0.1786,0.2128,0.6745,0,1,0,5
U0025,C0115,19,0.5397,0.611,0,0.4254,0.6476,0.8504,0,0,1,2
U0025,C0017,19,0.1101,0.1438,0,0.3559,0.4084,0.3376,0,0,1,5
U0025,C0129,19,0.4464,0.1276,0,0.4607,0.3731,0.5514,0,1,0,2
U0025,C0099,19,0.6083,0.4469,0,0.4917,0.4187,0.1381,0,1,0,2
U0025,C0112,19,0.4713,0.3852,0,0.6128,0.227,0.9582,0,1,0,2
U0025,C0091,19,0.0829,0.3408,0,0.4545,0.5855,0.6798,0,0,1,2
U0025,C0118,19,0.1599,0.05,0,0.1071,0.322,0.7665,1,0,0,2
U0025,C0024,19,0.4924,0.0745,0,0.5432,0.2853,0.4861,0,0,1,2
U0025,C0082,19,0.2816,0.2901,0,0.3825,0.2499,0.5536,0,1,0,1
U0025,C0138,19,0.2352,0.2137,1,0.5192,0.3613,0.7221,0,1,0,1
U0025,C0128,19,0.5657,0.05,0,0.3936,0.1843,0.6371,0,1,0,1
U0025,C0032,19,0.6611,0.131,0,0.3971,0.3099,0.8314,1,0,0,1
U0025,C0014,19,0.7313,0.4135,0,0.2162,0.1109,0.2355,0,1,0,1
U0026,C0082,21,0.449,0.2243,0,0.3825,0.2499,0.5536,0,1,0,2
U0026,C0002,21,0.9307,0.4257,1,0.3844,0.2499,0.5168,0,1,0,2
U0026,C0024,21,0.5839,0.7121,1,0.5432,0.2853,0.4861,0,0,1,5
U0026,C0028,21,0.8525,0.6956,0,0.3255,0.3258,0.4928,0,0,1,5
U0026,C0146,21,0.6284,0.3827,1,0.2666,0.2475,0.4564,0,0,1,5
U0026,C0089,21,0.6233,0.3598,0,0.172,0.2367,0.6685,0,0,1,5
U0026,C0092,21,0.557,0.457,0,0.2617,0.3656,0.9768,0,0,1,5
U0026,C0036,21,0.1713,0.2433,0,0.2348,0.2335,0.9128,1,0,0,2
U0026,C0149,21,0.1583,0.2204,1,0.5411,0.0374,0.3754,0,1,0,5
U0026,C0072,21,0.6445,0.5663,0,0.0127,0.1046,0.4412,0,1,0,2
U0026,C0113,21,0.7997,0.0832,0,0.4553,0.1208,0.8935,1,0,0,5
U0026,C0100,21,0.4093,0.0874,0,0.3463,0.18,0.6218,0,1,0,2
U0026,C0098,21,0.3094,0.4178,1,0.6351,0.0448,0.2837,0,1,0,2
U0026,C0068,21,0.1088,0.3761,0,0.046,0.0367,0.2246,1,0,0,1
U0026,C0030,21,0.9189,0.5051,0,0.0434,0.0563,0.1849,1,0,0,1
U0026,C0110,21,0.8404,0.0823,0,0.2999,0.3518,0.9192,0,0,1,1
U0026,C0083,21,0.3796,0.05,0,0.2692,0.0207,0.9543,0,0,1,1
U0026,C0033,21,0.4412,0.3229,0,0.5872,0.251,0.7362,1,0,0,1
U0026,C0023,21,0.9138,0.6409,0,0.1731,0.0376,0.8054,1,0,0,1
U0026,C0013,21,0.1213,0.9371,0,0.3808,0.151,0.7731,1,0,0,2
U0026,C0027,21,0.0641,0.4801,1,0.1749,0.1883,0.7626,0,1,0,1
U0027,C0027,20,0.5652,0.2601,0,0.1749,0.1883,0.7626,0,1,0,5
U0027,C0122,20,0.1137,0.05,0,0.0737,0.1789,0.1599,0,1,0,5
U0027,C0047,20,0.3735,0.4775,1,0.2469,0.1057,0.8643,1,0,0,5
U0027,C0050,20,0.7816,0.05,0,0.1149,0.3756,0.1722,1,0,0,5
U0027,C0104,20,0.6907,0.1229,1,0.3407,0.4493,0.7169,1,0,0,5
U0027,C0037,20,0.6619,0.2307,0,0.5885,0.8288,0.9402,0,1,0,5
U0027,C0098,20,0.5323,0.3503,0,0.6351,0.0448,0.2837,0,1,0,5
U0027,C0067,20,0.3177,0.1875,0,0.4035,0.1466,0.7085,0,0,1,2
U0027,C0073,20,0.3471,0.2939,1,0.5746,0.2968,0.4343,1,0,0,2
U0027,C0131,20,0.1223,0.2236,0,0.5277,0.3804,0.7151,0,1,0,2
U0027,C0103,20,0.7412,0.3915,0,0.0991,0.4177,0.1545,1,0,0,2
U0027,C0054,20,0.5959,0.1541,0,0.2075,0.1691,0.9249,0,0,1,2
U0027,C0042,20,0.4403,0.0758,0,0.0906,0.4937,0.614,1,0,0,2
U0027,C0055,20,0.05,0.0769,0,0.6798,0.4857,0.7355,1,0,0,1
U0027,C0072,20,0.1997,0.1628,0,0.0127,0.1046,0.4412,0,1,0,1
U0027,C0085,20,0.1759,0.2862,0,0.7087,0.1505,0.4262,0,0,1,1
U0027,C0107,20,0.8199,0.5336,0,0.3318,0.1496,0.5082,1,0,0,1
U0027,C0117,20,0.2423,0.05,0,0.0224,0.0825,0.1707,1,0,0,1
U0027,C0124,20,0.3452,0.7761,0,0.1069,0.5369,0.9241,1,0,0,1
U0027,C0058,20,0.2513,0.2011,0,0.2961,0.1857,0.5605,0,1,0,2
U0028,C0105,16,0.4852,0.0718,0,0.3057,0.588,0.1225,0,1,0,5
U0028,C0123,16,0.8777,0.2273,0,0.2637,0.0474,0.3077,0,1,0,5
U0028,C0093,16,0.078,0.1141,0,0.1232,0.4355,0.1628,1,0,0,5
U0028,C0025,16,0.6737,0.4435,0,0.2146,0.2956,0.281,0,0,1,5
U0028,C0081,16,0.4446,0.1716,1,0.4999,0.1906,0.9459,0,0,1,5
U0028,C0118,16,0.05,0.2566,0,0.1071,0.322,0.7665,1,0,0,5
U0028,C0034,16,0.8403,0.3917,0,0.4504,0.0773,0.9705,0,1,0,5
U0028,C0128,16,0.3505,0.084,0,0.3936,0.1843,0.6371,0,1,0,2
U0028,C0140,16,0.7135,0.285,0,0.197,0.2235,0.6571,0,1,0,2
U0028,C0028,16,0.1382,0.0639,0,0.3255,0.3258,0.4928,0,0,1,2
U0028,C0134,16,0.6478,0.0883,0,0.2475,0.1161,0.8961,0,1,0,2
U0028,C0085,16,0.6801,0.6715,0,0.7087,0.1505,0.4262,0,0,1,2
U0028,C0043,16,0.2884,0.3896,0,0.4568,0.0377,0.3736,0,1,0,2
U0028,C0100,16,0.5286,0.4765,0,0.3463,0.18,0.6218,0,1,0,2
U0028,C0021,16,0.472,0.2418,0,0.3635,0.5089,0.667,0,0,1,1
U0028,C0067,16,0.3334,0.05,0,0.4035,0.1466,0.7085,0,0,1,1
U0029,C0134,20,0.2768,0.4629,0,0.2475,0.1161,0.8961,0,1,0,5
U0029,C0049,20,0.6733,0.4399,0,0.6034,0.4181,0.1123,1,0,0,5
U0029,C0108,20,0.4869,0.3107,0,0.2017,0.1291,0.5094,0,0,1,5
U0029,C0081,20,0.861,0.4328,1,0.4999,0.1906,0.9459,0,0,1,5
U0029,C0094,20,0.1427,0.1966,1,0.4751,0.4894,0.5992,0,1,0,5
U0029,C0117,20,0.7392,0.2976,0,0.0224,0.0825,0.1707,1,0,0,2
U0029,C0023,20,0.8476,0.3551,0,0.1731,0.0376,0.8054,1,0,0,2
U0029,C0011,20,0.127,0.1231,0,0.1781,0.0681,0.808,0,1,0,2
U0029,C0141,20,0.9385,0.328,0,0.4364,0.2668,0.9467,1,0,0,2
U0029,C0128,20,0.6467,0.4359,0,0.3936,0.1843,0.6371,0,1,0,5
U0029,C0098,20,0.883,0.7241,0,0.6351,0.0448,0.2837,0,1,0,2
U0029,C0005,20,0.8448,0.4629,1,0.3696,0.2129,0.8414,0,0,1,2
U0029,C0067,20,0.2279,0.2707,0,0.4035,0.1466,0.7085,0,0,1,1
U0029,C0007,20,0.4782,0.8757,0,0.2653,0.2633,0.7991,0,0,1,1
U0029,C0148,20,0.4547,0.4152,0,0.1613,0.3539,0.9027,0,1,0,1
U0029,C0144,20,0.1905,0.3488,0,0.3825,0.0875,0.4128,0,0,1,1
U0029,C0112,20,0.6443,0.2752,0,0.6128,0.227,0.9582,0,1,0,1
U0029,C0105,20,0.4333,0.1009,0,0.3057,0.588,0.1225,0,1,0,1
U0029,C0076,20,0.5622,0.4382,1,0.3624,0.3919,0.5224,0,1,0,1
U0029,C0020,20,0.3968,0.1254,0,0.3514,0.3371,0.8419,1,0,0,2
U0030,C0072,18,0.5287,0.2124,0,0.0127,0.1046,0.4412,0,1,0,2
U0030,C0144,18,0.4617,0.1704,0,0.3825,0.0875,0.4128,0,0,1,5
U0030,C0113,18,0.888,0.1436,0,0.4553,0.1208,0.8935,1,0,0,5
U0030,C0070,18,0.6484,0.3356,1,0.5536,0.18,0.6125,0,0,1,5
U0030,C0122,18,0.1026,0.4678,1,0.0737,0.1789,0.1599,0,1,0,5
U0030,C0140,18,0.2951,0.3989,1,0.197,0.2235,0.6571,0,1,0,5
U0030,C0149,18,0.2471,0.4296,0,0.5411,0.0374,0.3754,0,1,0,5
U0030,C0111,18,0.6986,0.2799,0,0.2173,0.1798,0.6751,0,1,0,5
U0030,C0054,18,0.8638,0.3191,0,0.2075,0.1691,0.9249,0,0,1,2
U0030,C0015,18,0.2673,0.2267,0,0.197,0.2352,0.2955,0,0,1,2
U0030,C0006,18,0.8858,0.1584,0,0.2425,0.0563,0.1568,1,0,0,2
U0030,C0108,18,0.1812,0.8855,0,0.2017,0.1291,0.5094,0,0,1,2
U0030,C0001,18,0.6927,0.0614,0,0.3659,0.2368,0.8433,0,0,1,2
U0030,C0077,18,0.1346,0.3914,0,0.3769,0.0663,0.4988,0,1,0,1
U0030,C0064,18,0.0751,0.8448,0,0.402,0.3089,0.1624,1,0,0,1
U0030,C0038,18,0.3822,0.0542,0,0.1376,0.2429,0.8212,1,0,0,1
U0030,C0083,18,0.4672,0.1501,0,0.2692,0.0207,0.9543,0,0,1,1
U0030,C0057,18,0.5176,0.6328,0,0.3163,0.1677,0.2194,1,0,0,2
U0031,C0020,18,0.7412,0.1569,0,0.3514,0.3371,0.8419,1,0,0,5
U0031,C0147,18,0.5884,0.4855,0,0.4412,0.0156,0.7024,0,0,1,5
U0031,C0068,18,0.9109,0.2238,1,0.046,0.0367,0.2246,1,0,0,5
U0031,C0034,18,0.1065,0.4354,1,0.4504,0.0773,0.9705,0,1,0,5
U0031,C0054,18,0.7594,0.7187,0,0.2075,0.1691,0.9249,0,0,1,5
U0031,C0123,18,0.3787,0.6783,0,0.2637,0.0474,0.3077,0,1,0,5
U0031,C0148,18,0.1,0.527,0,0.1613,0.3539,0.9027,0,1,0,5
U0031,C0134,18,0.3867,0.05,1,0.2475,0.1161,0.8961,0,1,0,2
U0031,C0146,18,0.69,0.2978,0,0.2666,0.2475,0.4564,0,0,1,2
U0031,C0130,18,0.4855,0.2429,0,0.1453,0.2084,0.9786,0,0,1,2
U0031,C0092,18,0.0753,0.3923,0,0.2617,0.3656,0.9768,0,0,1,1
U0031,C0012,18,0.5213,0.7295,0,0.2139,0.412,0.7963,1,0,0,1
U0031,C0109,18,0.9018,0.2783,0,0.362,0.3634,0.7171,0,0,1,1
U0031,C0076,18,0.5157,0.05,0,0.3624,0.3919,0.5224,0,1,0,1
U0031,C0108,18,0.3886,0.5062,0,0.2017,0.1291,0.5094,0,0,1,1
U0031,C0101,18,0.3188,0.3658,0,0.4391,0.1313,0.5076,1,0,0,2
U0031,C0011,18,0.0865,0.8225,0,0.1781,0.0681,0.808,0,1,0,2
U0031,C0081,18,0.0667,0.3475,0,0.4999,0.1906,0.9459,0,0,1,1
U0032,C0017,20,0.602,0.1981,0,0.3559,0.4084,0.3376,0,0,1,2
U0032,C0068,20,0.9716,0.6765,0,0.046,0.0367,0.2246,1,0,0,5
U0032,C0045,20,0.9193,0.0902,0,0.1719,0.2712,0.965,1,0,0,5
U0032,C0146,20,0.4591,0.9432,0,0.2666,0.2475,0.4564,0,0,1,5
U0032,C0115,20,0.5594,0.7109,0,0.4254,0.6476,0.8504,0,0,1,5
U0032,C0053,20,0.8473,0.4124,1,0.1426,0.0445,0.1154,0,0,1,5
U0032,C0105,20,0.5507,0.4664,0,0.3057,0.588,0.1225,0,1,0,5
U0032,C0040,20,0.2822,0.3386,0,0.408,0.4465,0.1051,0,1,0,2
U0032,C0129,20,0.541,0.1891,1,0.4607,0.3731,0.5514,0,1,0,2
U0032,C0091,20,0.188,0.3677,0,0.4545,0.5855,0.6798,0,0,1,5
U0032,C0052,20,0.0555,0.2246,0,0.2264,0.1546,0.1142,0,1,0,2
U0032,C0106,20,0.3153,0.1942,0,0.33,0.3127,0.2543,0,1,0,1
U0032,C0145,20,0.5947,0.0726,0,0.2817,0.2066,0.4919,0,0,1,1
U0032,C0119,20,0.2373,0.3751,0,0.2205,0.3384,0.1854,1,0,0,1
U0032,C0122,20,0.5116,0.3331,0,0.0737,0.1789,0.1599,0,1,0,1
U0032,C0067,20,0.8762,0.0888,1,0.4035,0.1466,0.7085,0,0,1,2
U0032,C0027,20,0.2926,0.0868,0,0.1749,0.1883,0.7626,0,1,0,1
U0032,C0064,20,0.9508,0.4364,0,0.402,0.3089,0.1624,1,0,0,2
U0032,C0009,20,0.4617,0.4754,0,0.5793,0.095,0.5154,0,0,1,2
U0032,C0144,20,0.1919,0.8683,0,0.3825,0.0875,0.4128,0,0,1,1
U0033,C0039,18,0.6544,0.3896,0,0.4162,0.5551,0.7068,0,1,0,2
U0033,C0023,18,0.9756,0.5524,0,0.1731,0.0376,0.8054,1,0,0,5
U0033,C0052,18,0.3094,0.1225,0,0.2264,0.1546,0.1142,0,1,0,5
U0033,C0144,18,0.2792,0.3037,1,0.3825,0.0875,0.4128,0,0,1,5
U0033,C0103,18,0.5934,0.6711,0,0.0991,0.4177,0.1545,1,0,0,5
U0033,C0096,18,0.1109,0.178,0,0.0227,0.0278,0.8292,0,0,1,5
U0033,C0135,18,0.8725,0.5913,0,0.4356,0.3704,0.2127,0,1,0,5
U0033,C0129,18,0.8344,0.172,0,0.4607,0.3731,0.5514,0,1,0,2
U0033,C0095,18,0.1936,0.05,0,0.2951,0.2241,0.773,1,0,0,5
U0033,C0013,18,0.7623,0.7023,0,0.3808,0.151,0.7731,1,0,0,2
U0033,C0002,18,0.3692,0.3759,0,0.3844,0.2499,0.5168,0,1,0,2
U0033,C0132,18,0.5164,0.05,0,0.1512,0.4582,0.4379,0,1,0,2
U0033,C0037,18,0.4797,0.446,0,0.5885,0.8288,0.9402,0,1,0,2
U0033,C0054,18,0.7239,0.3587,0,0.2075,0.1691,0.9249,0,0,1,1
U0033,C0056,18,0.8849,0.1252,0,0.5135,0.1568,0.3781,0,0,1,1
U0033,C0012,18,0.2878,0.4008,0,0.2139,0.412,0.7963,1,0,0,1
U0033,C0122,18,0.2182,0.7127,0,0.0737,0.1789,0.1599,0,1,0,1
U0033,C0078,18,0.198,0.1089,0,0.245,0.2838,0.5447,1,0,0,2
U0034,C0106,19,0.5515,0.3737,1,0.33,0.3127,0.2543,0,1,0,2
U0034,C0012,19,0.0874,0.2713,0,0.2139,0.412,0.7963,1,0,0,5
U0034,C0068,19,0.6285,0.4525,0,0.046,0.0367,0.2246,1,0,0,5
U0034,C0101,19,0.9026,0.861,0,0.4391,0.1313,0.5076,1,0,0,5
U0034,C0123,19,0.739,0.3104,0,0.2637,0.0474,0.3077,0,1,0,5
U0034,C0027,19,0.108,0.2226,0,0.1749,0.1883,0.7626,0,1,0,5
U0034,C0059,19,0.861,0.3215,0,0.0711,0.1059,0.1048,1,0,0,5
U0034,C0051,19,0.3168,0.2727,0,0.158,0.2724,0.381,0,1,0,2
U0034,C0023,19,0.4161,0.1858,0,0.1731,0.0376,0.8054,1,0,0,5
U0034,C0131,19,0.6627,0.4055,0,0.5277,0.3804,0.7151,0,1,0,2
U0034,C0104,19,0.399,0.3677,1,0.3407,0.4493,0.7169,1,0,0,2
U0034,C0025,19,0.6983,0.3275,0,0.2146,0.2956,0.281,0,0,1,2
U0034,C0145,19,0.3334,0.0639,0,0.2817,0.2066,0.4919,0,0,1,2
U0034,C0035,19,0.5049,0.05,1,0.1816,0.3439,0.844,0,0,1,1
U0034,C0129,19,0.3913,0.4256,0,0.4607,0.3731,0.5514,0,1,0,1
U0034,C0084,19,0.4694,0.3259,0,0.144,0.2945,0.8495,0,1,0,1
U0034,C0016,19,0.7966,0.0651,0,0.065,0.2654,0.5176,0,1,0,1
U0034,C0078,19,0.4014,0.8807,0,0.245,0.2838,0.5447,1,0,0,1
U0034,C0083,19,0.7732,0.3723,0,0.2692,0.0207,0.9543,0,0,1,2
U0035,C0016,19,0.7406,0.2009,1,0.065,0.2654,0.5176,0,1,0,5
U0035,C0026,19,0.447,0.5947,0,0.329,0.3563,0.5628,0,0,1,2
U0035,C0001,19,0.3673,0.248,1,0.3659,0.2368,0.8433,0,0,1,5
U0035,C0107,19,0.7474,0.2974,0,0.3318,0.1496,0.5082,1,0,0,5
U0035,C0003,19,0.3418,0.1845,0,0.1995,0.3083,0.3506,1,0,0,5
U0035,C0131,19,0.8767,0.1858,0,0.5277,0.3804,0.7151,0,1,0,5
U0035,C0051,19,0.19,0.29,0,0.158,0.2724,0.381,0,1,0,2
U0035,C0084,19,0.2304,0.8796,0,0.144,0.2945,0.8495,0,1,0,5
U0035,C0022,19,0.4617,0.3262,0,0.3178,0.2738,0.8723,0,0,1,2
U0035,C0076,19,0.8514,0.458,0,0.3624,0.3919,0.5224,0,1,0,5
U0035,C0025,19,0.2511,0.2404,0,0.2146,0.2956,0.281,0,0,1,2
U0035,C0011,19,0.8188,0.464,1,0.1781,0.0681,0.808,0,1,0,2
U0035,C0057,19,0.9533,0.8408,0,0.3163,0.1677,0.2194,1,0,0,1
U0035,C0103,19,0.2789,0.4493,0,0.0991,0.4177,0.1545,1,0,0,1
U0035,C0014,19,0.5226,0.3218,0,0.2162,0.1109,0.2355,0,1,0,1
U0035,C0144,19,0.5917,0.2033,0,0.3825,0.0875,0.4128,0,0,1,1
U0035,C0092,19,0.4273,0.05,0,0.2617,0.3656,0.9768,0,0,1,2
U0035,C0046,19,0.1422,0.2942,0,0.2768,0.1672,0.9025,0,0,1,2
U0035,C0032,19,0.6,0.8843,0,0.3971,0.3099,0.8314,1,0,0,1
U0036,C0006,21,0.2606,0.3973,0,0.2425,0.0563,0.1568,1,0,0,5
U0036,C0053,21,0.183,0.2807,0,0.1426,0.0445,0.1154,0,0,1,2
U0036,C0013,21,0.2853,0.0911,0,0.3808,0.151,0.7731,1,0,0,5
U0036,C0135,21,0.5444,0.3548,0,0.4356,0.3704,0.2127,0,1,0,5
U0036,C0094,21,0.7635,0.2228,0,0.4751,0.4894,0.5992,0,1,0,5
U0036,C0036,21,0.7851,0.0868,1,0.2348,0.2335,0.9128,1,0,0,5
U0036,C0137,21,0.8993,0.8514,0,0.1397,0.2365,0.2946,0,1,0,2
U0036,C0065,21,0.7852,0.3468,0,0.1786,0.2128,0.6745,0,1,0,2
U0036,C0050,21,0.6423,0.4346,0,0.1149,0.3756,0.1722,1,0,0,2
U0036,C0030,21,0.05,0.1097,0,0.0434,0.0563,0.1849,1,0,0,1
U0036,C0150,21,0.9177,0.1949,0,0.5086,0.0134,0.5967,0,1,0,2
U0036,C0128,21,0.7485,0.2053,0,0.3936,0.1843,0.6371,0,1,0,2
U0036,C0121,21,0.108,0.2186,0,0.1379,0.1556,0.7324,1,0,0,1
U0036,C0091,21,0.6324,0.2805,0,0.4545,0.5855,0.6798,0,0,1,1
U0036,C0067,21,0.6417,0.3074,0,0.4035,0.1466,0.7085,0,0,1,1
U0036,C0142,21,0.4704,0.3692,0,0.3655,0.3272,0.7983,1,0,0,1
U0036,C0025,21,0.5971,0.0971,0,0.2146,0.2956,0.281,0,0,1,1
U0036,C0085,21,0.5782,0.4567,1,0.7087,0.1505,0.4262,0,0,1,1
U0036,C0143,21,0.7384,0.4691,0,0.0952,0.5785,0.2151,0,0,1,5
U0036,C0098,21,0.0916,0.4519,0,0.6351,0.0448,0.2837,0,1,0,2
U0036,C0097,21,0.7264,0.3398,0,0.2215,0.1013,0.4724,1,0,0,5
U0037,C0058,17,0.7774,0.2256,1,0.2961,0.1857,0.5605,0,1,0,5
U0037,C0043,17,0.7783,0.8287,0,0.4568,0.0377,0.3736,0,1,0,5
U0037,C0024,17,0.1897,0.284,0,0.5432,0.2853,0.4861,0,0,1,5
U0037,C0009,17,0.1575,0.6338,0,0.5793,0.095,0.5154,0,0,1,5
U0037,C0046,17,0.4427,0.5713,0,0.2768,0.1672,0.9025,0,0,1,5
U0037,C0045,17,0.4984,0.0999,0,0.1719,0.2712,0.965,1,0,0,5
U0037,C0144,17,0.8879,0.8548,0,0.3825,0.0875,0.4128,0,0,1,5
U0037,C0116,17,0.1497,0.7266,1,0.3269,0.2855,0.6783,0,1,0,2
U0037,C0125,17,0.8551,0.5986,0,0.0932,0.1975,0.6547,0,1,0,2
U0037,C0084,17,0.0715,0.4776,0,0.144,0.2945,0.8495,0,1,0,2
U0037,C0022,17,0.6115,0.4362,0,0.3178,0.2738,0.8723,0,0,1,2
U0037,C0017,17,0.665,0.133,0,0.3559,0.4084,0.3376,0,0,1,2
U0037,C0076,17,0.247,0.7424,0,0.3624,0.3919,0.5224,0,1,0,2
U0037,C0106,17,0.2134,0.4887,0,0.33,0.3127,0.2543,0,1,0,1
U0037,C0086,17,0.0522,0.155,1,0.1612,0.0544,0.8773,0,0,1,1
U0037,C0029,17,0.544,0.2841,0,0.2135,0.1634,0.7001,0,1,0,1
U0037,C0039,17,0.2633,0.0937,0,0.4162,0.5551,0.7068,0,1,0,2
U0038,C0056,21,0.5737,0.2415,0,0.5135,0.1568,0.3781,0,0,1,2
U0038,C0032,21,0.4836,0.1142,0,0.3971,0.3099,0.8314,1,0,0,2
U0038,C0133,21,0.7828,0.4632,0,0.2197,0.4224,0.8201,1,0,0,5
U0038,C0128,21,0.2034,0.2077,1,0.3936,0.1843,0.6371,0,1,0,5
U0038,C0060,21,0.9682,0.0995,0,0.2468,0.252,0.9446,1,0,0,5
U0038,C0117,21,0.6669,0.1752,0,0.0224,0.0825,0.1707,1,0,0,5
U0038,C0037,21,0.5534,0.2506,0,0.5885,0.8288,0.9402,0,1,0,5
U0038,C0025,21,0.3702,0.1942,0,0.2146,0.2956,0.281,0,0,1,2
U0038,C0028,21,0.8389,0.307,0,0.3255,0.3258,0.4928,0,0,1,5
U0038,C0084,21,0.7401,0.2387,0,0.144,0.2945,0.8495,0,1,0,2
U0038,C0104,21,0.775,0.1111,0,0.3407,0.4493,0.7169,1,0,0,5
U0038,C0035,21,0.2797,0.0554,0,0.1816,0.3439,0.844,0,0,1,2
U0038,C0110,21,0.8787,0.1522,0,0.2999,0.3518,0.9192,0,0,1,2
U0038,C0149,21,0.3476,0.3331,0,0.5411,0.0374,0.3754,0,1,0,1
U0038,C0101,21,0.9084,0.7948,0,0.4391,0.1313,0.5076,1,0,0,1
U0038,C0089,21,0.2307,0.511,0,0.172,0.2367,0.6685,0,0,1,1
U0038,C0073,21,0.2276,0.9649,0,0.5746,0.2968,0.4343,1,0,0,1
U0038,C0040,21,0.4316,0.2735,0,0.408,0.4465,0.1051,0,1,0,1
U0038,C0094,21,0.7956,0.5076,0,0.4751,0.4894,0.5992,0,1,0,1
U0038,C0022,21,0.1165,0.201,0,0.3178,0.2738,0.8723,0,0,1,2
U0038,C0059,21,0.0705,0.05,0,0.0711,0.1059,0.1048,1,0,0,1
U0039,C0078,18,0.2734,0.2859,0,0.245,0.2838,0.5447,1,0,0,5
U0039,C0058,18,0.7554,0.1883,0,0.2961,0.1857,0.5605,0,1,0,2
U0039,C0066,18,0.5003,0.2549,0,0.5309,0.1527,0.7597,0,0,1,5
U0039,C0046,18,0.4249,0.4172,0,0.2768,0.1672,0.9025,0,0,1,5
U0039,C0047,18,0.4617,0.4123,1,0.2469,0.1057,0.8643,1,0,0,5
U0039,C0116,18,0.2959,0.6064,0,0.3269,0.2855,0.6783,0,1,0,5
U0039,C0068,18,0.0523,0.4092,0,0.046,0.0367,0.2246,1,0,0,5
U0039,C0131,18,0.0756,0.0991,0,0.5277,0.3804,0.7151,0,1,0,5
U0039,C0108,18,0.6358,0.1101,0,0.2017,0.1291,0.5094,0,0,1,2
U0039,C0020,18,0.5122,0.3607,0,0.3514,0.3371,0.8419,1,0,0,2
U0039,C0037,18,0.4857,0.5505,0,0.5885,0.8288,0.9402,0,1,0,2
U0039,C0126,18,0.363,0.4351,0,0.1993,0.2585,0.3217,1,0,0,2
U0039,C0133,18,0.05,0.3317,0,0.2197,0.4224,0.8201,1,0,0,2
U0039,C0025,18,0.154,0.6981,0,0.2146,0.2956,0.281,0,0,1,1
U0039,C0056,18,0.5599,0.1048,0,0.5135,0.1568,0.3781,0,0,1,1
U0039,C0009,18,0.1941,0.1228,1,0.5793,0.095,0.5154,0,0,1,1
U0039,C0042,18,0.4201,0.4129,0,0.0906,0.4937,0.614,1,0,0,1
U0039,C0036,18,0.8581,0.2003,0,0.2348,0.2335,0.9128,1,0,0,2
U0040,C0022,13,0.5596,0.3098,0,0.3178,0.2738,0.8723,0,0,1,5
U0040,C0091,13,0.8229,0.1919,0,0.4545,0.5855,0.6798,0,0,1,5
U0040,C0101,13,0.1182,0.6772,0,0.4391,0.1313,0.5076,1,0,0,5
U0040,C0128,13,0.8398,0.1703,0,0.3936,0.1843,0.6371,0,1,0,5
U0040,C0130,13,0.05,0.315,0,0.1453,0.2084,0.9786,0,0,1,5
U0040,C0003,13,0.5574,0.2463,1,0.1995,0.3083,0.3506,1,0,0,5
U0040,C0108,13,0.0709,0.2056,0,0.2017,0.1291,0.5094,0,0,1,2
U0040,C0050,13,0.4759,0.3944,0,0.1149,0.3756,0.1722,1,0,0,2
U0040,C0027,13,0.1847,0.145,0,0.1749,0.1883,0.7626,0,1,0,2
U0040,C0049,13,0.1649,0.05,1,0.6034,0.4181,0.1123,1,0,0,1
U0040,C0125,13,0.2182,0.1715,0,0.0932,0.1975,0.6547,0,1,0,1
U0040,C0103,13,0.704,0.1086,0,0.0991,0.4177,0.1545,1,0,0,1
U0040,C0010,13,0.0543,0.3334,0,0.4611,0.2742,0.985,1,0,0,5
U0041,C0085,19,0.4261,0.4537,0,0.7087,0.1505,0.4262,0,0,1,5
U0041,C0046,19,0.799,0.1429,0,0.2768,0.1672,0.9025,0,0,1,5
U0041,C0049,19,0.3805,0.6477,0,0.6034,0.4181,0.1123,1,0,0,5
U0041,C0040,19,0.5032,0.1565,0,0.408,0.4465,0.1051,0,1,0,5
U0041,C0034,19,0.8965,0.293,0,0.4504,0.0773,0.9705,0,1,0,5
U0041,C0087,19,0.768,0.3318,0,0.2973,0.5346,0.1991,1,0,0,5
U0041,C0120,19,0.3496,0.3361,0,0.7087,0.1727,0.6347,1,0,0,5
U0041,C0150,19,0.2944,0.2303,0,0.5086,0.0134,0.5967,0,1,0,2
U0041,C0137,19,0.2916,0.3597,0,0.1397,0.2365,0.2946,0,1,0,2
U0041,C0065,19,0.1239,0.39,0,0.1786,0.2128,0.6745,0,1,0,2
U0041,C0057,19,0.0837,0.0971,0,0.3163,0.1677,0.2194,1,0,0,1
U0041,C0016,19,0.2448,0.3297,0,0.065,0.2654,0.5176,0,1,0,2
U0041,C0132,19,0.3942,0.4425,0,0.1512,0.4582,0.4379,0,1,0,2
U0041,C0146,19,0.503,0.98,0,0.2666,0.2475,0.4564,0,0,1,2
U0041,C0117,19,0.5651,0.3559,0,0.0224,0.0825,0.1707,1,0,0,1
U0041,C0134,19,0.1564,0.1482,0,0.2475,0.1161,0.8961,0,1,0,1
U0041,C0027,19,0.0608,0.209,0,0.1749,0.1883,0.7626,0,1,0,1
U0041,C0131,19,0.8404,0.05,1,0.5277,0.3804,0.7151,0,1,0,2
U0041,C0139,19,0.1856,0.6837,0,0.3969,0.2107,0.6427,0,0,1,1
U0042,C0102,19,0.0886,0.1082,0,0.2618,0.4192,0.9539,0,0,1,5
U0042,C0128,19,0.767,0.229,1,0.3936,0.1843,0.6371,0,1,0,5
U0042,C0036,19,0.0689,0.2652,0,0.2348,0.2335,0.9128,1,0,0,5
U0042,C0103,19,0.7896,0.3359,0,0.0991,0.4177,0.1545,1,0,0,2
U0042,C0002,19,0.3828,0.975,0,0.3844,0.2499,0.5168,0,1,0,5
U0042,C0026,19,0.1343,0.3936,0,0.329,0.3563,0.5628,0,0,1,5
U0042,C0027,19,0.2158,0.2251,0,0.1749,0.1883,0.7626,0,1,0,5
U0042,C0119,19,0.5848,0.1762,1,0.2205,0.3384,0.1854,1,0,0,5
U0042,C0034,19,0.8278,0.4037,1,0.4504,0.0773,0.9705,0,1,0,2
U0042,C0033,19,0.1125,0.4507,1,0.5872,0.251,0.7362,1,0,0,1
U0042,C0056,19,0.8431,0.3518,0,0.5135,0.1568,0.3781,0,0,1,2
U0042,C0138,19,0.0922,0.419,0,0.5192,0.3613,0.7221,0,1,0,2
U0042,C0088,19,0.283,0.1526,0,0.5048,0.7336,0.9325,0,1,0,2
U0042,C0134,19,0.5278,0.3992,1,0.2475,0.1161,0.8961,0,1,0,2
U0042,C0064,19,0.0648,0.05,0,0.402,0.3089,0.1624,1,0,0,1
U0042,C0022,19,0.1361,0.1465,0,0.3178,0.2738,0.8723,0,0,1,1
U0042,C0007,19,0.3809,0.3598,0,0.2653,0.2633,0.7991,0,0,1,1
U0042,C0114,19,0.2405,0.3836,0,0.6345,0.4008,0.626,0,0,1,1
U0042,C0075,19,0.6638,0.5013,0,0.1449,0.173,0.6698,0,0,1,2
U0043,C0143,17,0.5841,0.465,0,0.0952,0.5785,0.2151,0,0,1,5
U0043,C0091,17,0.7864,0.0537,0,0.4545,0.5855,0.6798,0,0,1,5
U0043,C0094,17,0.1351,0.05,0,0.4751,0.4894,0.5992,0,1,0,5
U0043,C0125,17,0.2336,0.2036,0,0.0932,0.1975,0.6547,0,1,0,2
U0043,C0041,17,0.6034,0.2423,0,0.5116,0.567,0.5192,0,0,1,5
U0043,C0001,17,0.9285,0.5039,0,0.3659,0.2368,0.8433,0,0,1,5
U0043,C0077,17,0.7917,0.5724,0,0.3769,0.0663,0.4988,0,1,0,5
U0043,C0056,17,0.3042,0.0981,0,0.5135,0.1568,0.3781,0,0,1,2
U0043,C0092,17,0.799,0.3979,0,0.2617,0.3656,0.9768,0,0,1,5
U0043,C0043,17,0.5344,0.1326,0,0.4568,0.0377,0.3736,0,1,0,2
U0043,C0039,17,0.4641,0.2926,0,0.4162,0.5551,0.7068,0,1,0,1
U0043,C0035,17,0.5941,0.3931,0,0.1816,0.3439,0.844,0,0,1,1
U0043,C0070,17,0.5559,0.3777,0,0.5536,0.18,0.6125,0,0,1,1
U0043,C0115,17,0.2128,0.1819,0,0.4254,0.6476,0.8504,0,0,1,2
U0043,C0150,17,0.1644,0.9077,0,0.5086,0.0134,0.5967,0,1,0,2
U0043,C0086,17,0.2341,0.2362,0,0.1612,0.0544,0.8773,0,0,1,2
U0043,C0082,17,0.7878,0.2031,0,0.3825,0.2499,0.5536,0,1,0,2
U0044,C0139,20,0.6059,0.7426,0,0.3969,0.2107,0.6427,0,0,1,5
U0044,C0071,20,0.8067,0.2061,0,0.0339,0.1683,0.8816,0,0,1,5
U0044,C0107,20,0.3834,0.6289,0,0.3318,0.1496,0.5082,1,0,0,5
U0044,C0039,20,0.479,0.2066,0,0.4162,0.5551,0.7068,0,1,0,5
U0044,C0106,20,0.2734,0.0749,0,0.33,0.3127,0.2543,0,1,0,5
U0044,C0111,20,0.4283,0.5589,0,0.2173,0.1798,0.6751,0,1,0,5
U0044,C0045,20,0.9494,0.5111,0,0.1719,0.2712,0.965,1,0,0,2
U0044,C0007,20,0.5688,0.132,0,0.2653,0.2633,0.7991,0,0,1,2
U0044,C0048,20,0.5428,0.1036,0,0.261,0.7379,0.4654,0,0,1,2
U0044,C0149,20,0.401,0.2008,0,0.5411,0.0374,0.3754,0,1,0,5
U0044,C0065,20,0.5808,0.3092,0,0.1786,0.2128,0.6745,0,1,0,2
U0044,C0127,20,0.98,0.3524,0,0.0894,0.2251,0.7216,1,0,0,2
U0044,C0033,20,0.4546,0.4516,1,0.5872,0.251,0.7362,1,0,0,1
U0044,C0035,20,0.1899,0.6634,0,0.1816,0.3439,0.844,0,0,1,1
U0044,C0096,20,0.6107,0.359,0,0.0227,0.0278,0.8292,0,0,1,1
U0044,C0114,20,0.8031,0.3161,0,0.6345,0.4008,0.626,0,0,1,1
U0044,C0105,20,0.98,0.2077,0,0.3057,0.588,0.1225,0,1,0,1
U0044,C0124,20,0.8858,0.5918,0,0.1069,0.5369,0.9241,1,0,0,2
U0044,C0076,20,0.3944,0.6348,0,0.3624,0.3919,0.5224,0,1,0,2
U0044,C0022,20,0.3972,0.1705,0,0.3178,0.2738,0.8723,0,0,1,1
U0045,C0085,21,0.1211,0.5049,0,0.7087,0.1505,0.4262,0,0,1,2
U0045,C0054,21,0.6052,0.4054,1,0.2075,0.1691,0.9249,0,0,1,5
U0045,C0068,21,0.2422,0.4619,0,0.046,0.0367,0.2246,1,0,0,5
U0045,C0124,21,0.6513,0.2615,0,0.1069,0.5369,0.9241,1,0,0,5
U0045,C0035,21,0.302,0.0961,0,0.1816,0.3439,0.844,0,0,1,5
U0045,C0131,21,0.4678,0.1773,0,0.5277,0.3804,0.7151,0,1,0,5
U0045,C0033,21,0.226,0.7728,0,0.5872,0.251,0.7362,1,0,0,5
U0045,C0050,21,0.3576,0.0596,0,0.1149,0.3756,0.1722,1,0,0,5
U0045,C0108,21,0.7036,0.2107,0,0.2017,0.1291,0.5094,0,0,1,2
U0045,C0016,21,0.6977,0.1132,0,0.065,0.2654,0.5176,0,1,0,2
U0045,C0093,21,0.7812,0.2288,0,0.1232,0.4355,0.1628,1,0,0,1
U0045,C0109,21,0.5392,0.2838,0,0.362,0.3634,0.7171,0,0,1,2
U0045,C0105,21,0.6878,0.05,0,0.3057,0.588,0.1225,0,1,0,2
U0045,C0098,21,0.817,0.551,1,0.6351,0.0448,0.2837,0,1,0,1
U0045,C0135,21,0.8061,0.3335,1,0.4356,0.3704,0.2127,0,1,0,1
U0045,C0063,21,0.4401,0.4072,0,0.3814,0.1207,0.4515,0,1,0,1
U0045,C0049,21,0.9687,0.3166,0,0.6034,0.4181,0.1123,1,0,0,1
U0045,C0099,21,0.7695,0.5974,0,0.4917,0.4187,0.1381,0,1,0,1
U0045,C0111,21,0.2889,0.1818,1,0.2173,0.1798,0.6751,0,1,0,2
U0045,C0048,21,0.5284,0.3452,0,0.261,0.7379,0.4654,0,0,1,2
U0045,C0058,21,0.7621,0.4476,0,0.2961,0.1857,0.5605,0,1,0,1
U0046,C0066,16,0.5428,0.6894,0,0.5309,0.1527,0.7597,0,0,1,5
U0046,C0101,16,0.7825,0.1938,1,0.4391,0.1313,0.5076,1,0,0,5
U0046,C0094,16,0.6208,0.8528,1,0.4751,0.4894,0.5992,0,1,0,5
U0046,C0128,16,0.2178,0.1487,0,0.3936,0.1843,0.6371,0,1,0,5
U0046,C0057,16,0.592,0.1813,0,0.3163,0.1677,0.2194,1,0,0,5
U0046,C0020,16,0.98,0.3512,0,0.3514,0.3371,0.8419,1,0,0,5
U0046,C0111,16,0.1211,0.9409,0,0.2173,0.1798,0.6751,0,1,0,5
U0046,C0139,16,0.5645,0.05,0,0.3969,0.2107,0.6427,0,0,1,2
U0046,C0014,16,0.6551,0.0605,0,0.2162,0.1109,0.2355,0,1,0,2
U0046,C0008,16,0.4094,0.0974,0,0.0494,0.0915,0.8395,0,1,0,2
U0046,C0021,16,0.1709,0.4695,0,0.3635,0.5089,0.667,0,0,1,2
U0046,C0073,16,0.7822,0.161,0,0.5746,0.2968,0.4343,1,0,0,2
U0046,C0118,16,0.6663,0.506,0,0.1071,0.322,0.7665,1,0,0,2
U0046,C0071,16,0.2138,0.2873,0,0.0339,0.1683,0.8816,0,0,1,1
U0046,C0095,16,0.4325,0.2601,0,0.2951,0.2241,0.773,1,0,0,1
U0046,C0145,16,0.4013,0.4194,1,0.2817,0.2066,0.4919,0,0,1,2
U0047,C0081,19,0.0824,0.4507,0,0.4999,0.1906,0.9459,0,0,1,5
U0047,C0012,19,0.5566,0.2136,1,0.2139,0.412,0.7963,1,0,0,5
U0047,C0104,19,0.838,0.4425,0,0.3407,0.4493,0.7169,1,0,0,5
U0047,C0100,19,0.4699,0.3101,0,0.3463,0.18,0.6218,0,1,0,5
U0047,C0070,19,0.6868,0.3928,0,0.5536,0.18,0.6125,0,0,1,5
U0047,C0044,19,0.7931,0.137,0,0.1681,0.234,0.3863,0,1,0,2
U0047,C0136,19,0.5054,0.1344,0,0.7682,0.1707,0.2805,1,0,0,2
U0047,C0138,19,0.185,0.8026,0,0.5192,0.3613,0.7221,0,1,0,2
U0047,C0004,19,0.058,0.2586,0,0.2286,0.3073,0.6892,0,0,1,2
U0047,C0071,19,0.5898,0.5173,1,0.0339,0.1683,0.8816,0,0,1,2
U0047,C0018,19,0.7216,0.2159,1,0.1823,0.3987,0.4737,0,0,1,2
U0047,C0110,19,0.05,0.1593,1,0.2999,0.3518,0.9192,0,0,1,1
U0047,C0053,19,0.5572,0.1929,1,0.1426,0.0445,0.1154,0,0,1,1
U0047,C0023,19,0.2766,0.5459,1,0.1731,0.0376,0.8054,1,0,0,1
U0047,C0055,19,0.2605,0.089,0,0.6798,0.4857,0.7355,1,0,0,1
U0047,C0009,19,0.5852,0.1315,0,0.5793,0.095,0.5154,0,0,1,1
U0047,C0015,19,0.05,0.381,0,0.197,0.2352,0.2955,0,0,1,1
U0047,C0008,19,0.3374,0.4373,0,0.0494,0.0915,0.8395,0,1,0,1
U0047,C0134,19,0.3927,0.4978,0,0.2475,0.1161,0.8961,0,1,0,2
U0048,C0073,21,0.7956,0.9208,1,0.5746,0.2968,0.4343,1,0,0,2
U0048,C0031,21,0.0513,0.3898,0,0.3153,0.4029,0.7732,0,0,1,2
U0048,C0136,21,0.6191,0.3708,0,0.7682,0.1707,0.2805,1,0,0,5
U0048,C0045,21,0.7973,0.1831,1,0.1719,0.2712,0.965,1,0,0,5
U0048,C0067,21,0.8976,0.4351,0,0.4035,0.1466,0.7085,0,0,1,5
U0048,C0064,21,0.5571,0.3498,0,0.402,0.3089,0.1624,1,0,0,5
U0048,C0072,21,0.3331,0.05,0,0.0127,0.1046,0.4412,0,1,0,5
U0048,C0056,21,0.0945,0.2746,0,0.5135,0.1568,0.3781,0,0,1,5
U0048,C0029,21,0.8433,0.2556,0,0.2135,0.1634,0.7001,0,1,0,5
U0048,C0040,21,0.5806,0.3891,0,0.408,0.4465,0.1051,0,1,0,2
U0048,C0030,21,0.5179,0.3185,0,0.0434,0.0563,0.1849,1,0,0,1
U0048,C0050,21,0.1905,0.4368,0,0.1149,0.3756,0.1722,1,0,0,2
U0048,C0101,21,0.0866,0.5235,0,0.4391,0.1313,0.5076,1,0,0,2
U0048,C0021,21,0.3704,0.1892,1,0.3635,0.5089,0.667,0,0,1,1
U0048,C0023,21,0.2701,0.0835,0,0.1731,0.0376,0.8054,1,0,0,1
U0048,C0013,21,0.1557,0.2039,0,0.3808,0.151,0.7731,1,0,0,1
U0048,C0075,21,0.4903,0.2095,0,0.1449,0.173,0.6698,0,0,1,1
U0048,C0123,21,0.8991,0.3848,0,0.2637,0.0474,0.3077,0,1,0,1
U0048,C0057,21,0.3482,0.5513,0,0.3163,0.1677,0.2194,1,0,0,2
U0048,C0077,21,0.3808,0.1714,0,0.3769,0.0663,0.4988,0,1,0,2
U0048,C0025,21,0.2553,0.3022,0,0.2146,0.2956,0.281,0,0,1,1
U0049,C0139,17,0.1275,0.5689,0,0.3969,0.2107,0.6427,0,0,1,2
U0049,C0026,17,0.2843,0.1732,1,0.329,0.3563,0.5628,0,0,1,5
U0049,C0032,17,0.4842,0.4237,1,0.3971,0.3099,0.8314,1,0,0,5
U0049,C0035,17,0.7884,0.783,0,0.1816,0.3439,0.844,0,0,1,5
U0049,C0040,17,0.7631,0.0953,0,0.408,0.4465,0.1051,0,1,0,5
U0049,C0110,17,0.2872,0.2984,0,0.2999,0.3518,0.9192,0,0,1,5
U0049,C0070,17,0.4012,0.9154,0,0.5536,0.18,0.6125,0,0,1,5
U0049,C0099,17,0.334,0.1609,0,0.4917,0.4187,0.1381,0,1,0,2
U0049,C0041,17,0.7822,0.5699,0,0.5116,0.567,0.5192,0,0,1,5
U0049,C0018,17,0.9037,0.4106,0,0.1823,0.3987,0.4737,0,0,1,2
U0049,C0107,17,0.1772,0.3518,0,0.3318,0.1496,0.5082,1,0,0,1
U0049,C0101,17,0.9475,0.0743,1,0.4391,0.1313,0.5076,1,0,0,1
U0049,C0024,17,0.434,0.2229,0,0.5432,0.2853,0.4861,0,0,1,1
U0049,C0057,17,0.6954,0.4738,0,0.3163,0.1677,0.2194,1,0,0,2
U0049,C0087,17,0.6438,0.1049,0,0.2973,0.5346,0.1991,1,0,0,2
U0049,C0082,17,0.4479,0.1064,0,0.3825,0.2499,0.5536,0,1,0,2
U0049,C0002,17,0.715,0.8508,0,0.3844,0.2499,0.5168,0,1,0,2
U0050,C0045,17,0.1761,0.136,1,0.1719,0.2712,0.965,1,0,0,5
U0050,C0076,17,0.9429,0.7471,0,0.3624,0.3919,0.5224,0,1,0,5
U0050,C0015,17,0.6072,0.2798,1,0.197,0.2352,0.2955,0,0,1,5
U0050,C0082,17,0.8648,0.2935,1,0.3825,0.2499,0.5536,0,1,0,5
U0050,C0010,17,0.7736,0.0796,0,0.4611,0.2742,0.985,1,0,0,5
U0050,C0043,17,0.5067,0.6769,0,0.4568,0.0377,0.3736,0,1,0,5
U0050,C0059,17,0.1334,0.3187,0,0.0711,0.1059,0.1048,1,0,0,2
U0050,C0089,17,0.9101,0.0638,1,0.172,0.2367,0.6685,0,0,1,2
U0050,C0086,17,0.7191,0.3423,0,0.1612,0.0544,0.8773,0,0,1,5
U0050,C0136,17,0.2232,0.1796,0,0.7682,0.1707,0.2805,1,0,0,2
U0050,C0018,17,0.8093,0.3758,0,0.1823,0.3987,0.4737,0,0,1,2
U0050,C0084,17,0.5742,0.4245,0,0.144,0.2945,0.8495,0,1,0,2
U0050,C0067,17,0.5763,0.2624,0,0.4035,0.1466,0.7085,0,0,1,2
U0050,C0064,17,0.0735,0.1029,0,0.402,0.3089,0.1624,1,0,0,1
U0050,C0048,17,0.2886,0.231,0,0.261,0.7379,0.4654,0,0,1,1
U0050,C0144,17,0.5582,0.5971,1,0.3825,0.0875,0.4128,0,0,1,1
U0050,C0107,17,0.6664,0.8308,0,0.3318,0.1496,0.5082,1,0,0,2
U0051,C0125,15,0.3572,0.1047,0,0.0932,0.1975,0.6547,0,1,0,5
U0051,C0055,15,0.8941,0.7098,0,0.6798,0.4857,0.7355,1,0,0,5
U0051,C0018,15,0.6646,0.5248,0,0.1823,0.3987,0.4737,0,0,1,5
U0051,C0094,15,0.8017,0.1259,0,0.4751,0.4894,0.5992,0,1,0,5
U0051,C0120,15,0.6509,0.3853,0,0.7087,0.1727,0.6347,1,0,0,5
U0051,C0065,15,0.967,0.1649,0,0.1786,0.2128,0.6745,0,1,0,5
U0051,C0063,15,0.9116,0.1882,1,0.3814,0.1207,0.4515,0,1,0,2
U0051,C0128,15,0.7484,0.0767,0,0.3936,0.1843,0.6371,0,1,0,5
U0051,C0023,15,0.3603,0.1632,0,0.1731,0.0376,0.8054,1,0,0,2
U0051,C0137,15,0.4724,0.9443,0,0.1397,0.2365,0.2946,0,1,0,2
U0051,C0084,15,0.8102,0.8605,0,0.144,0.2945,0.8495,0,1,0,2
U0051,C0056,15,0.5674,0.592,1,0.5135,0.1568,0.3781,0,0,1,2
U0051,C0048,15,0.7698,0.1941,0,0.261,0.7379,0.4654,0,0,1,2
U0051,C0037,15,0.6197,0.1146,0,0.5885,0.8288,0.9402,0,1,0,1
U0051,C0054,15,0.1496,0.05,0,0.2075,0.1691,0.9249,0,0,1,2
U0052,C0061,18,0.6672,0.354,0,0.2856,0.3106,0.4733,0,1,0,5
U0052,C0074,18,0.05,0.8306,1,0.1902,0.3126,0.6567,1,0,0,5
U0052,C0132,18,0.761,0.1951,0,0.1512,0.4582,0.4379,0,1,0,5
U0052,C0009,18,0.2198,0.1372,0,0.5793,0.095,0.5154,0,0,1,5
U0052,C0027,18,0.2846,0.1445,0,0.1749,0.1883,0.7626,0,1,0,5
U0052,C0080,18,0.623,0.4815,0,0.4314,0.1509,0.5151,0,0,1,5
U0052,C0040,18,0.0864,0.1814,0,0.408,0.4465,0.1051,0,1,0,5
U0052,C0020,18,0.2257,0.745,0,0.3514,0.3371,0.8419,1,0,0,2
U0052,C0001,18,0.3429,0.05,0,0.3659,0.2368,0.8433,0,0,1,2
U0052,C0056,18,0.2516,0.8335,0,0.5135,0.1568,0.3781,0,0,1,2
U0052,C0051,18,0.1816,0.2191,1,0.158,0.2724,0.381,0,1,0,2
U0052,C0102,18,0.1668,0.05,0,0.2618,0.4192,0.9539,0,0,1,2
U0052,C0038,18,0.2819,0.2768,0,0.1376,0.2429,0.8212,1,0,0,2
U0052,C0082,18,0.1091,0.4195,0,0.3825,0.2499,0.5536,0,1,0,1
U0052,C0030,18,0.0592,0.286,0,0.0434,0.0563,0.1849,1,0,0,1
U0052,C0105,18,0.4729,0.1909,0,0.3057,0.588,0.1225,0,1,0,1
U0052,C0092,18,0.3538,0.2507,0,0.2617,0.3656,0.9768,0,0,1,1
U0052,C0129,18,0.9042,0.4065,1,0.4607,0.3731,0.5514,0,1,0,2
U0053,C0021,17,0.8714,0.3407,0,0.3635,0.5089,0.667,0,0,1,5
U0053,C0092,17,0.1252,0.328,0,0.2617,0.3656,0.9768,0,0,1,5
U0053,C0019,17,0.361,0.1749,0,0.5338,0.307,0.8996,0,0,1,5
U0053,C0150,17,0.1517,0.4305,0,0.5086,0.0134,0.5967,0,1,0,5
U0053,C0125,17,0.9609,0.3032,0,0.0932,0.1975,0.6547,0,1,0,5
U0053,C0113,17,0.9297,0.4093,0,0.4553,0.1208,0.8935,1,0,0,5
U0053,C0142,17,0.3095,0.6613,0,0.3655,0.3272,0.7983,1,0,0,5
U0053,C0030,17,0.3256,0.3697,0,0.0434,0.0563,0.1849,1,0,0,2
U0053,C0064,17,0.5683,0.2011,0,0.402,0.3089,0.1624,1,0,0,1
U0053,C0025,17,0.7758,0.4686,1,0.2146,0.2956,0.281,0,0,1,2
U0053,C0002,17,0.5023,0.3262,0,0.3844,0.2499,0.5168,0,1,0,2
U0053,C0076,17,0.8437,0.2552,0,0.3624,0.3919,0.5224,0,1,0,1
U0053,C0066,17,0.2665,0.5432,0,0.5309,0.1527,0.7597,0,0,1,1
U0053,C0059,17,0.323,0.2449,0,0.0711,0.1059,0.1048,1,0,0,1
U0053,C0091,17,0.2426,0.2695,0,0.4545,0.5855,0.6798,0,0,1,2
U0053,C0052,17,0.4744,0.3492,0,0.2264,0.1546,0.1142,0,1,0,1
U0053,C0106,17,0.7275,0.6126,0,0.33,0.3127,0.2543,0,1,0,1
U0054,C0079,16,0.8373,0.2843,0,0.3678,0.218,0.8749,0,1,0,5
U0054,C0133,16,0.7013,0.6029,1,0.2197,0.4224,0.8201,1,0,0,5
U0054,C0105,16,0.3116,0.2536,0,0.3057,0.588,0.1225,0,1,0,5
U0054,C0141,16,0.2039,0.5027,0,0.4364,0.2668,0.9467,1,0,0,5
U0054,C0121,16,0.8572,0.085,0,0.1379,0.1556,0.7324,1,0,0,5
U0054,C0102,16,0.3766,0.1697,0,0.2618,0.4192,0.9539,0,0,1,5
U0054,C0098,16,0.5419,0.4131,0,0.6351,0.0448,0.2837,0,1,0,5
U0054,C0069,16,0.3708,0.2577,0,0.2052,0.6311,0.621,1,0,0,2
U0054,C0076,16,0.4606,0.1969,1,0.3624,0.3919,0.5224,0,1,0,2
U0054,C0009,16,0.1019,0.4541,0,0.5793,0.095,0.5154,0,0,1,2
U0054,C0100,16,0.6065,0.5592,0,0.3463,0.18,0.6218,0,1,0,2
U0054,C0110,16,0.7074,0.978,0,0.2999,0.3518,0.9192,0,0,1,2
U0054,C0112,16,0.05,0.2901,0,0.6128,0.227,0.9582,0,1,0,2
U0054,C0071,16,0.5913,0.2217,0,0.0339,0.1683,0.8816,0,0,1,1
U0054,C0042,16,0.4045,0.05,0,0.0906,0.4937,0.614,1,0,0,1
U0054,C0054,16,0.4982,0.454,0,0.2075,0.1691,0.9249,0,0,1,2
U0055,C0112,19,0.5501,0.2548,0,0.6128,0.227,0.9582,0,1,0,2
U0055,C0081,19,0.6866,0.256,0,0.4999,0.1906,0.9459,0,0,1,5
U0055,C0132,19,0.4898,0.7604,0,0.1512,0.4582,0.4379,0,1,0,5
U0055,C0006,19,0.05,0.4727,0,0.2425,0.0563,0.1568,1,0,0,5
U0055,C0121,19,0.3231,0.1422,0,0.1379,0.1556,0.7324,1,0,0,5
U0055,C0108,19,0.1384,0.0815,0,0.2017,0.1291,0.5094,0,0,1,5
U0055,C0068,19,0.486,0.3269,0,0.046,0.0367,0.2246,1,0,0,5
U0055,C0060,19,0.3173,0.5406,0,0.2468,0.252,0.9446,1,0,0,5
U0055,C0014,19,0.3854,0.98,0,0.2162,0.1109,0.2355,0,1,0,2
U0055,C0044,19,0.3273,0.2851,0,0.1681,0.234,0.3863,0,1,0,1
U0055,C0099,19,0.9255,0.9201,1,0.4917,0.4187,0.1381,0,1,0,2
U0055,C0091,19,0.1707,0.4076,0,0.4545,0.5855,0.6798,0,0,1,2
U0055,C0067,19,0.1499,0.4697,1,0.4035,0.1466,0.7085,0,0,1,2
U0055,C0005,19,0.388,0.1703,0,0.3696,0.2129,0.8414,0,0,1,2
U0055,C0086,19,0.4689,0.552,0,0.1612,0.0544,0.8773,0,0,1,1
U0055,C0062,19,0.0882,0.2741,0,0.2459,0.3905,0.4621,1,0,0,1
U0055,C0073,19,0.9239,0.825,0,0.5746,0.2968,0.4343,1,0,0,1
U0055,C0019,19,0.1553,0.2222,0,0.5338,0.307,0.8996,0,0,1,1
U0055,C0010,19,0.3592,0.1732,0,0.4611,0.2742,0.985,1,0,0,2
U0056,C0046,15,0.5793,0.4713,1,0.2768,0.1672,0.9025,0,0,1,5
U0056,C0144,15,0.7138,0.8025,0,0.3825,0.0875,0.4128,0,0,1,5
U0056,C0010,15,0.9598,0.2469,0,0.4611,0.2742,0.985,1,0,0,5
U0056,C0145,15,0.6694,0.11,0,0.2817,0.2066,0.4919,0,0,1,5
U0056,C0131,15,0.0674,0.148,0,0.5277,0.3804,0.7151,0,1,0,5
U0056,C0042,15,0.071,0.2949,0,0.0906,0.4937,0.614,1,0,0,5
U0056,C0020,15,0.6608,0.4338,0,0.3514,0.3371,0.8419,1,0,0,5
U0056,C0071,15,0.4363,0.3532,0,0.0339,0.1683,0.8816,0,0,1,2
U0056,C0112,15,0.8657,0.1333,0,0.6128,0.227,0.9582,0,1,0,2
U0056,C0034,15,0.6026,0.0816,0,0.4504,0.0773,0.9705,0,1,0,1
U0056,C0095,15,0.0834,0.6023,1,0.2951,0.2241,0.773,1,0,0,2
U0056,C0050,15,0.8367,0.2284,0,0.1149,0.3756,0.1722,1,0,0,2
U0056,C0146,15,0.0836,0.8043,1,0.2666,0.2475,0.4564,0,0,1,2
U0056,C0118,15,0.6645,0.2784,0,0.1071,0.322,0.7665,1,0,0,2
U0056,C0122,15,0.9324,0.1032,0,0.0737,0.1789,0.1599,0,1,0,2
U0057,C0123,20,0.2773,0.389,1,0.2637,0.0474,0.3077,0,1,0,5
U0057,C0088,20,0.9525,0.5755,0,0.5048,0.7336,0.9325,0,1,0,5
U0057,C0064,20,0.4591,0.7762,0,0.402,0.3089,0.1624,1,0,0,5
U0057,C0063,20,0.4401,0.1844,0,0.3814,0.1207,0.4515,0,1,0,5
U0057,C0045,20,0.9644,0.4948,0,0.1719,0.2712,0.965,1,0,0,5
U0057,C0118,20,0.3418,0.7223,0,0.1071,0.322,0.7665,1,0,0,5
U0057,C0119,20,0.2551,0.7502,0,0.2205,0.3384,0.1854,1,0,0,2
U0057,C0145,20,0.8603,0.2261,0,0.2817,0.2066,0.4919,0,0,1,2
U0057,C0044,20,0.6955,0.4214,0,0.1681,0.234,0.3863,0,1,0,2
U0057,C0108,20,0.8171,0.5699,0,0.2017,0.1291,0.5094,0,0,1,5
U0057,C0144,20,0.2788,0.4161,0,0.3825,0.0875,0.4128,0,0,1,2
U0057,C0067,20,0.5265,0.1194,1,0.4035,0.1466,0.7085,0,0,1,1
U0057,C0097,20,0.8451,0.3076,1,0.2215,0.1013,0.4724,1,0,0,1
U0057,C0129,20,0.398,0.478,1,0.4607,0.3731,0.5514,0,1,0,1
U0057,C0090,20,0.9051,0.7823,0,0.3228,0.0591,0.149,1,0,0,1
U0057,C0101,20,0.1965,0.3204,0,0.4391,0.1313,0.5076,1,0,0,2
U0057,C0087,20,0.1606,0.1129,0,0.2973,0.5346,0.1991,1,0,0,1
U0057,C0017,20,0.597,0.3825,0,0.3559,0.4084,0.3376,0,0,1,1
U0057,C0110,20,0.1526,0.7648,1,0.2999,0.3518,0.9192,0,0,1,2
U0057,C0079,20,0.5084,0.4741,0,0.3678,0.218,0.8749,0,1,0,1
U0058,C0098,17,0.1092,0.4508,0,0.6351,0.0448,0.2837,0,1,0,2
U0058,C0096,17,0.8237,0.0699,0,0.0227,0.0278,0.8292,0,0,1,5
U0058,C0097,17,0.9278,0.2671,0,0.2215,0.1013,0.4724,1,0,0,5
U0058,C0118,17,0.3335,0.9448,1,0.1071,0.322,0.7665,1,0,0,5
U0058,C0034,17,0.3802,0.9098,0,0.4504,0.0773,0.9705,0,1,0,5
U0058,C0028,17,0.5272,0.1427,0,0.3255,0.3258,0.4928,0,0,1,5
U0058,C0029,17,0.15,0.2734,0,0.2135,0.1634,0.7001,0,1,0,5
U0058,C0108,17,0.2912,0.8851,0,0.2017,0.1291,0.5094,0,0,1,5
U0058,C0109,17,0.1891,0.5893,1,0.362,0.3634,0.7171,0,0,1,2
U0058,C0065,17,0.5854,0.4377,0,0.1786,0.2128,0.6745,0,1,0,2
U0058,C0079,17,0.2335,0.5622,0,0.3678,0.218,0.8749,0,1,0,2
U0058,C0124,17,0.7045,0.2069,0,0.1069,0.5369,0.9241,1,0,0,2
U0058,C0066,17,0.4331,0.2905,0,0.5309,0.1527,0.7597,0,0,1,2
U0058,C0137,17,0.5959,0.6677,1,0.1397,0.2365,0.2946,0,1,0,1
U0058,C0128,17,0.0795,0.1227,0,0.3936,0.1843,0.6371,0,1,0,1
U0058,C0081,17,0.5256,0.8251,0,0.4999,0.1906,0.9459,0,0,1,2
U0058,C0102,17,0.5876,0.1938,1,0.2618,0.4192,0.9539,0,0,1,1
U0059,C0149,17,0.207,0.2399,0,0.5411,0.0374,0.3754,0,1,0,5
U0059,C0085,17,0.2066,0.1033,0,0.7087,0.1505,0.4262,0,0,1,2
U0059,C0016,17,0.7486,0.05,0,0.065,0.2654,0.5176,0,1,0,5
U0059,C0136,17,0.7167,0.05,0,0.7682,0.1707,0.2805,1,0,0,5
U0059,C0047,17,0.6729,0.1831,1,0.2469,0.1057,0.8643,1,0,0,5
U0059,C0148,17,0.6271,0.4399,1,0.1613,0.3539,0.9027,0,1,0,5
U0059,C0070,17,0.2289,0.3778,0,0.5536,0.18,0.6125,0,0,1,5
U0059,C0039,17,0.2978,0.0537,0,0.4162,0.5551,0.7068,0,1,0,5
U0059,C0003,17,0.7858,0.8849,1,0.1995,0.3083,0.3506,1,0,0,2
U0059,C0038,17,0.8624,0.4071,1,0.1376,0.2429,0.8212,1,0,0,2
U0059,C0135,17,0.3033,0.498,0,0.4356,0.3704,0.2127,0,1,0,2
U0059,C0001,17,0.5277,0.2963,0,0.3659,0.2368,0.8433,0,0,1,2
U0059,C0053,17,0.7415,0.9231,0,0.1426,0.0445,0.1154,0,0,1,2
U0059,C0029,17,0.0585,0.1254,0,0.2135,0.1634,0.7001,0,1,0,1
U0059,C0046,17,0.1337,0.2801,0,0.2768,0.1672,0.9025,0,0,1,1
U0059,C0076,17,0.6006,0.05,0,0.3624,0.3919,0.5224,0,1,0,1
U0059,C0114,17,0.2234,0.2698,0,0.6345,0.4008,0.626,0,0,1,2
U0060,C0133,17,0.671,0.7896,0,0.2197,0.4224,0.8201,1,0,0,5
U0060,C0101,17,0.7889,0.0958,0,0.4391,0.1313,0.5076,1,0,0,5
U0060,C0040,17,0.3515,0.7454,0,0.408,0.4465,0.1051,0,1,0,5
U0060,C0005,17,0.1855,0.4367,0,0.3696,0.2129,0.8414,0,0,1,5
U0060,C0116,17,0.0834,0.4773,0,0.3269,0.2855,0.6783,0,1,0,5
U0060,C0011,17,0.5777,0.145,0,0.1781,0.0681,0.808,0,1,0,5
U0060,C0144,17,0.8456,0.3069,1,0.3825,0.0875,0.4128,0,0,1,5
U0060,C0013,17,0.2775,0.7667,0,0.3808,0.151,0.7731,1,0,0,2
U0060,C0090,17,0.98,0.408,0,0.3228,0.0591,0.149,1,0,0,2
U0060,C0062,17,0.5137,0.4057,1,0.2459,0.3905,0.4621,1,0,0,2
U0060,C0069,17,0.6794,0.05,0,0.2052,0.6311,0.621,1,0,0,2
U0060,C0150,17,0.6025,0.4047,1,0.5086,0.0134,0.5967,0,1,0,2
U0060,C0140,17,0.6529,0.98,0,0.197,0.2235,0.6571,0,1,0,2
U0060,C0018,17,0.3832,0.7143,0,0.1823,0.3987,0.4737,0,0,1,1
U0060,C0020,17,0.1396,0.1875,0,0.3514,0.3371,0.8419,1,0,0,1
U0060,C0003,17,0.8558,0.8142,1,0.1995,0.3083,0.3506,1,0,0,1
U0060,C0060,17,0.05,0.3464,0,0.2468,0.252,0.9446,1,0,0,1
U0061,C0102,17,0.3699,0.6912,1,0.2618,0.4192,0.9539,0,0,1,5
U0061,C0100,17,0.8439,0.4879,1,0.3463,0.18,0.6218,0,1,0,5
U0061,C0139,17,0.6284,0.0887,0,0.3969,0.2107,0.6427,0,0,1,5
U0061,C0115,17,0.6996,0.4121,0,0.4254,0.6476,0.8504,0,0,1,5
U0061,C0074,17,0.8229,0.1201,0,0.1902,0.3126,0.6567,1,0,0,5
U0061,C0076,17,0.6016,0.3486,0,0.3624,0.3919,0.5224,0,1,0,5
U0061,C0033,17,0.5751,0.7307,0,0.5872,0.251,0.7362,1,0,0,5
U0061,C0024,17,0.0705,0.05,0,0.5432,0.2853,0.4861,0,0,1,2
U0061,C0111,17,0.2127,0.1566,0,0.2173,0.1798,0.6751,0,1,0,1
U0061,C0109,17,0.9047,0.1216,1,0.362,0.3634,0.7171,0,0,1,2
U0061,C0038,17,0.6067,0.3233,1,0.1376,0.2429,0.8212,1,0,0,2
U0061,C0047,17,0.5814,0.4905,1,0.2469,0.1057,0.8643,1,0,0,2
U0061,C0104,17,0.6416,0.1871,1,0.3407,0.4493,0.7169,1,0,0,1
U0061,C0127,17,0.7653,0.4,0,0.0894,0.2251,0.7216,1,0,0,1
U0061,C0117,17,0.9217,0.3235,0,0.0224,0.0825,0.1707,1,0,0,1
U0061,C0097,17,0.3583,0.2373,0,0.2215,0.1013,0.4724,1,0,0,1
U0061,C0064,17,0.1085,0.3049,0,0.402,0.3089,0.1624,1,0,0,2
U0062,C0121,21,0.0536,0.4807,1,0.1379,0.1556,0.7324,1,0,0,2
U0062,C0040,21,0.9407,0.1214,0,0.408,0.4465,0.1051,0,1,0,5
U0062,C0138,21,0.8791,0.335,0,0.5192,0.3613,0.7221,0,1,0,5
U0062,C0089,21,0.8124,0.05,0,0.172,0.2367,0.6685,0,0,1,5
U0062,C0012,21,0.0574,0.05,0,0.2139,0.412,0.7963,1,0,0,5
U0062,C0047,21,0.321,0.0594,0,0.2469,0.1057,0.8643,1,0,0,5
U0062,C0050,21,0.5788,0.1948,0,0.1149,0.3756,0.1722,1,0,0,2
U0062,C0102,21,0.8832,0.4491,0,0.2618,0.4192,0.9539,0,0,1,5
U0062,C0084,21,0.7979,0.5085,0,0.144,0.2945,0.8495,0,1,0,2
U0062,C0019,21,0.6363,0.1001,1,0.5338,0.307,0.8996,0,0,1,5
U0062,C0116,21,0.806,0.7214,0,0.3269,0.2855,0.6783,0,1,0,2
U0062,C0049,21,0.9019,0.6277,0,0.6034,0.4181,0.1123,1,0,0,2
U0062,C0090,21,0.6185,0.0579,0,0.3228,0.0591,0.149,1,0,0,1
U0062,C0055,21,0.3692,0.2518,0,0.6798,0.4857,0.7355,1,0,0,1
U0062,C0082,21,0.1788,0.0989,0,0.3825,0.2499,0.5536,0,1,0,1
U0062,C0103,21,0.6555,0.3703,1,0.0991,0.4177,0.1545,1,0,0,1
U0062,C0032,21,0.7873,0.4309,0,0.3971,0.3099,0.8314,1,0,0,2
U0062,C0112,21,0.1703,0.3265,0,0.6128,0.227,0.9582,0,1,0,1
U0062,C0009,21,0.3292,0.8986,0,0.5793,0.095,0.5154,0,0,1,1
U0062,C0140,21,0.6,0.3033,0,0.197,0.2235,0.6571,0,1,0,1
U0062,C0104,21,0.9331,0.2277,0,0.3407,0.4493,0.7169,1,0,0,2
U0063,C0017,15,0.4033,0.6408,0,0.3559,0.4084,0.3376,0,0,1,5
U0063,C0069,15,0.6995,0.4267,0,0.2052,0.6311,0.621,1,0,0,5
U0063,C0150,15,0.0847,0.0649,0,0.5086,0.0134,0.5967,0,1,0,5
U0063,C0118,15,0.8964,0.3742,0,0.1071,0.322,0.7665,1,0,0,5
U0063,C0032,15,0.5629,0.3065,0,0.3971,0.3099,0.8314,1,0,0,5
U0063,C0148,15,0.8186,0.2108,0,0.1613,0.3539,0.9027,0,1,0,5
U0063,C0052,15,0.5821,0.466,0,0.2264,0.1546,0.1142,0,1,0,2
U0063,C0078,15,0.1545,0.503,0,0.245,0.2838,0.5447,1,0,0,5
U0063,C0055,15,0.4705,0.1528,1,0.6798,0.4857,0.7355,1,0,0,2
U0063,C0012,15,0.6096,0.3245,0,0.2139,0.412,0.7963,1,0,0,2
U0063,C0006,15,0.7226,0.3879,0,0.2425,0.0563,0.1568,1,0,0,2
U0063,C0109,15,0.05,0.1468,0,0.362,0.3634,0.7171,0,0,1,2
U0063,C0143,15,0.6787,0.2721,0,0.0952,0.5785,0.2151,0,0,1,2
U0063,C0050,15,0.1697,0.1179,0,0.1149,0.3756,0.1722,1,0,0,1
U0063,C0007,15,0.5153,0.5235,0,0.2653,0.2633,0.7991,0,0,1,2
U0064,C0079,20,0.4531,0.4484,0,0.3678,0.218,0.8749,0,1,0,2
U0064,C0009,20,0.5191,0.3945,0,0.5793,0.095,0.5154,0,0,1,5
U0064,C0033,20,0.2257,0.0869,0,0.5872,0.251,0.7362,1,0,0,5
U0064,C0075,20,0.591,0.6664,0,0.1449,0.173,0.6698,0,0,1,5
U0064,C0027,20,0.7111,0.3813,0,0.1749,0.1883,0.7626,0,1,0,5
U0064,C0036,20,0.7169,0.3611,1,0.2348,0.2335,0.9128,1,0,0,5
U0064,C0008,20,0.2189,0.1314,0,0.0494,0.0915,0.8395,0,1,0,5
U0064,C0046,20,0.4339,0.2761,0,0.2768,0.1672,0.9025,0,0,1,2
U0064,C0139,20,0.0999,0.2663,1,0.3969,0.2107,0.6427,0,0,1,5
U0064,C0113,20,0.1781,0.1618,1,0.4553,0.1208,0.8935,1,0,0,2
U0064,C0068,20,0.2775,0.0837,0,0.046,0.0367,0.2246,1,0,0,1
U0064,C0131,20,0.2867,0.2755,0,0.5277,0.3804,0.7151,0,1,0,2
U0064,C0041,20,0.5971,0.4581,0,0.5116,0.567,0.5192,0,0,1,2
U0064,C0074,20,0.449,0.6597,0,0.1902,0.3126,0.6567,1,0,0,1
U0064,C0018,20,0.8289,0.1106,0,0.1823,0.3987,0.4737,0,0,1,1
U0064,C0073,20,0.3885,0.202,0,0.5746,0.2968,0.4343,1,0,0,1
U0064,C0045,20,0.1816,0.4581,0,0.1719,0.2712,0.965,1,0,0,1
U0064,C0090,20,0.6263,0.6997,0,0.3228,0.0591,0.149,1,0,0,1
U0064,C0127,20,0.574,0.0743,1,0.0894,0.2251,0.7216,1,0,0,2
U0064,C0053,20,0.3609,0.1774,0,0.1426,0.0445,0.1154,0,0,1,2
U0065,C0120,17,0.7261,0.2774,0,0.7087,0.1727,0.6347,1,0,0,5
U0065,C0097,17,0.7829,0.6757,0,0.2215,0.1013,0.4724,1,0,0,5
U0065,C0008,17,0.2569,0.4141,0,0.0494,0.0915,0.8395,0,1,0,5
U0065,C0047,17,0.7697,0.3293,0,0.2469,0.1057,0.8643,1,0,0,5
U0065,C0114,17,0.9515,0.05,0,0.6345,0.4008,0.626,0,0,1,5
U0065,C0023,17,0.98,0.315,0,0.1731,0.0376,0.8054,1,0,0,5
U0065,C0004,17,0.6957,0.3738,0,0.2286,0.3073,0.6892,0,0,1,2
U0065,C0101,17,0.7551,0.2525,1,0.4391,0.1313,0.5076,1,0,0,2
U0065,C0119,17,0.5896,0.248,0,0.2205,0.3384,0.1854,1,0,0,5
U0065,C0115,17,0.3238,0.9295,0,0.4254,0.6476,0.8504,0,0,1,2
U0065,C0132,17,0.7258,0.1182,0,0.1512,0.4582,0.4379,0,1,0,2
U0065,C0054,17,0.8708,0.1599,0,0.2075,0.1691,0.9249,0,0,1,2
U0065,C0001,17,0.4612,0.615,0,0.3659,0.2368,0.8433,0,0,1,2
U0065,C0031,17,0.9089,0.6354,1,0.3153,0.4029,0.7732,0,0,1,2
U0065,C0096,17,0.6502,0.2893,0,0.0227,0.0278,0.8292,0,0,1,1
U0065,C0091,17,0.3685,0.1834,0,0.4545,0.5855,0.6798,0,0,1,1
U0065,C0015,17,0.2776,0.1311,0,0.197,0.2352,0.2955,0,0,1,1
U0066,C0021,17,0.6528,0.3626,1,0.3635,0.5089,0.667,0,0,1,5
U0066,C0070,17,0.3059,0.5093,0,0.5536,0.18,0.6125,0,0,1,5
U0066,C0059,17,0.2739,0.3303,0,0.0711,0.1059,0.1048,1,0,0,5
U0066,C0081,17,0.1508,0.05,0,0.4999,0.1906,0.9459,0,0,1,5
U0066,C0052,17,0.4182,0.2489,0,0.2264,0.1546,0.1142,0,1,0,5
U0066,C0092,17,0.5317,0.9366,0,0.2617,0.3656,0.9768,0,0,1,5
U0066,C0065,17,0.7935,0.4133,0,0.1786,0.2128,0.6745,0,1,0,5
U0066,C0148,17,0.8772,0.14,1,0.1613,0.3539,0.9027,0,1,0,2
U0066,C0112,17,0.555,0.4947,1,0.6128,0.227,0.9582,0,1,0,2
U0066,C0110,17,0.4567,0.5022,0,0.2999,0.3518,0.9192,0,0,1,1
U0066,C0117,17,0.8385,0.3559,0,0.0224,0.0825,0.1707,1,0,0,1
U0066,C0017,17,0.637,0.2136,1,0.3559,0.4084,0.3376,0,0,1,1
U0066,C0103,17,0.8482,0.184,0,0.0991,0.4177,0.1545,1,0,0,1
U0066,C0104,17,0.476,0.2509,1,0.3407,0.4493,0.7169,1,0,0,1
U0066,C0146,17,0.1453,0.8204,0,0.2666,0.2475,0.4564,0,0,1,1
U0066,C0020,17,0.5764,0.1113,0,0.3514,0.3371,0.8419,1,0,0,1
U0066,C0098,17,0.4701,0.2259,0,0.6351,0.0448,0.2837,0,1,0,2
U0067,C0106,20,0.3746,0.4619,0,0.33,0.3127,0.2543,0,1,0,2
U0067,C0146,20,0.4524,0.1342,0,0.2666,0.2475,0.4564,0,0,1,2
U0067,C0014,20,0.5258,0.4099,0,0.2162,0.1109,0.2355,0,1,0,5
U0067,C0082,20,0.6895,0.05,0,0.3825,0.2499,0.5536,0,1,0,5
U0067,C0008,20,0.5049,0.2031,0,0.0494,0.0915,0.8395,0,1,0,5
U0067,C0049,20,0.932,0.2159,0,0.6034,0.4181,0.1123,1,0,0,5
U0067,C0080,20,0.8292,0.3895,0,0.4314,0.1509,0.5151,0,0,1,5
U0067,C0112,20,0.9619,0.2509,0,0.6128,0.227,0.9582,0,1,0,5
U0067,C0003,20,0.3773,0.3195,0,0.1995,0.3083,0.3506,1,0,0,5
U0067,C0138,20,0.2016,0.1803,0,0.5192,0.3613,0.7221,0,1,0,2
U0067,C0065,20,0.4961,0.2319,0,0.1786,0.2128,0.6745,0,1,0,1
U0067,C0144,20,0.05,0.4011,0,0.3825,0.0875,0.4128,0,0,1,2
U0067,C0098,20,0.1463,0.0596,0,0.6351,0.0448,0.2837,0,1,0,2
U0067,C0132,20,0.0657,0.0597,0,0.1512,0.4582,0.4379,0,1,0,2
U0067,C0102,20,0.0723,0.1422,0,0.2618,0.4192,0.9539,0,0,1,1
U0067,C0143,20,0.1067,0.3095,0,0.0952,0.5785,0.2151,0,0,1,1
U0067,C0005,20,0.9028,0.3826,0,0.3696,0.2129,0.8414,0,0,1,1
U0067,C0058,20,0.3657,0.8892,0,0.2961,0.1857,0.5605,0,1,0,1
U0067,C0029,20,0.2474,0.1118,0,0.2135,0.1634,0.7001,0,1,0,1
U0067,C0062,20,0.0993,0.2375,0,0.2459,0.3905,0.4621,1,0,0,2
U0068,C0119,17,0.7075,0.2525,0,0.2205,0.3384,0.1854,1,0,0,5
U0068,C0134,17,0.7877,0.3657,0,0.2475,0.1161,0.8961,0,1,0,5
U0068,C0082,17,0.7771,0.2662,1,0.3825,0.2499,0.5536,0,1,0,5
U0068,C0087,17,0.6764,0.3802,0,0.2973,0.5346,0.1991,1,0,0,2
U0068,C0064,17,0.1042,0.1663,0,0.402,0.3089,0.1624,1,0,0,5
U0068,C0013,17,0.5275,0.5511,0,0.3808,0.151,0.7731,1,0,0,5
U0068,C0044,17,0.5038,0.3015,0,0.1681,0.234,0.3863,0,1,0,5
U0068,C0065,17,0.1769,0.8666,0,0.1786,0.2128,0.6745,0,1,0,2
U0068,C0112,17,0.2513,0.6735,1,0.6128,0.227,0.9582,0,1,0,5
U0068,C0002,17,0.1471,0.3867,0,0.3844,0.2499,0.5168,0,1,0,2
U0068,C0028,17,0.1594,0.8231,0,0.3255,0.3258,0.4928,0,0,1,2
U0068,C0071,17,0.2238,0.4511,0,0.0339,0.1683,0.8816,0,0,1,2
U0068,C0022,17,0.05,0.6144,0,0.3178,0.2738,0.8723,0,0,1,2
U0068,C0030,17,0.3901,0.2258,0,0.0434,0.0563,0.1849,1,0,0,1
U0068,C0006,17,0.6132,0.05,0,0.2425,0.0563,0.1568,1,0,0,1
U0068,C0141,17,0.4551,0.4085,1,0.4364,0.2668,0.9467,1,0,0,1
U0068,C0116,17,0.6795,0.3797,0,0.3269,0.2855,0.6783,0,1,0,2
U0069,C0127,19,0.3783,0.4653,0,0.0894,0.2251,0.7216,1,0,0,5
U0069,C0011,19,0.4886,0.2684,0,0.1781,0.0681,0.808,0,1,0,5
U0069,C0071,19,0.2695,0.1276,1,0.0339,0.1683,0.8816,0,0,1,5
U0069,C0146,19,0.5685,0.343,0,0.2666,0.2475,0.4564,0,0,1,5
U0069,C0137,19,0.7503,0.7837,0,0.1397,0.2365,0.2946,0,1,0,5
U0069,C0139,19,0.169,0.2483,0,0.3969,0.2107,0.6427,0,0,1,5
U0069,C0057,19,0.3327,0.5638,1,0.3163,0.1677,0.2194,1,0,0,2
U0069,C0091,19,0.6227,0.3737,0,0.4545,0.5855,0.6798,0,0,1,5
U0069,C0135,19,0.6813,0.1139,0,0.4356,0.3704,0.2127,0,1,0,2
U0069,C0098,19,0.4875,0.2907,0,0.6351,0.0448,0.2837,0,1,0,1
U0069,C0021,19,0.5829,0.3384,0,0.3635,0.5089,0.667,0,0,1,2
U0069,C0053,19,0.6565,0.3721,1,0.1426,0.0445,0.1154,0,0,1,2
U0069,C0076,19,0.2642,0.2851,0,0.3624,0.3919,0.5224,0,1,0,2
U0069,C0051,19,0.4969,0.14,1,0.158,0.2724,0.381,0,1,0,2
U0069,C0142,19,0.3963,0.4516,0,0.3655,0.3272,0.7983,1,0,0,1
U0069,C0007,19,0.6196,0.2885,0,0.2653,0.2633,0.7991,0,0,1,1
U0069,C0014,19,0.4245,0.4219,0,0.2162,0.1109,0.2355,0,1,0,1
U0069,C0131,19,0.321,0.1312,0,0.5277,0.3804,0.7151,0,1,0,2
U0069,C0061,19,0.2193,0.2365,0,0.2856,0.3106,0.4733,0,1,0,1
U0070,C0017,20,0.5457,0.2161,0,0.3559,0.4084,0.3376,0,0,1,2
U0070,C0057,20,0.4622,0.0656,0,0.3163,0.1677,0.2194,1,0,0,5
U0070,C0137,20,0.6917,0.5222,0,0.1397,0.2365,0.2946,0,1,0,5
U0070,C0141,20,0.934,0.3331,0,0.4364,0.2668,0.9467,1,0,0,5
U0070,C0078,20,0.8091,0.05,0,0.245,0.2838,0.5447,1,0,0,5
U0070,C0115,20,0.6608,0.5203,0,0.4254,0.6476,0.8504,0,0,1,5
U0070,C0022,20,0.132,0.182,0,0.3178,0.2738,0.8723,0,0,1,5
U0070,C0122,20,0.4217,0.2466,0,0.0737,0.1789,0.1599,0,1,0,2
U0070,C0072,20,0.2618,0.3126,1,0.0127,0.1046,0.4412,0,1,0,5
U0070,C0117,20,0.963,0.3215,0,0.0224,0.0825,0.1707,1,0,0,2
U0070,C0054,20,0.1674,0.4721,0,0.2075,0.1691,0.9249,0,0,1,2
U0070,C0091,20,0.913,0.3988,0,0.4545,0.5855,0.6798,0,0,1,2
U0070,C0042,20,0.5631,0.2735,1,0.0906,0.4937,0.614,1,0,0,1
U0070,C0014,20,0.5176,0.3682,0,0.2162,0.1109,0.2355,0,1,0,1
U0070,C0018,20,0.2573,0.077,0,0.1823,0.3987,0.4737,0,0,1,1
U0070,C0045,20,0.8743,0.386,0,0.1719,0.2712,0.965,1,0,0,1
U0070,C0084,20,0.8654,0.1669,0,0.144,0.2945,0.8495,0,1,0,1
U0070,C0147,20,0.4588,0.4085,0,0.4412,0.0156,0.7024,0,0,1,1
U0070,C0034,20,0.4622,0.1557,0,0.4504,0.0773,0.9705,0,1,0,1
U0070,C0126,20,0.4903,0.1268,0,0.1993,0.2585,0.3217,1,0,0,2
U0071,C0039,15,0.592,0.5405,0,0.4162,0.5551,0.7068,0,1,0,5
U0071,C0045,15,0.9195,0.4831,0,0.1719,0.2712,0.965,1,0,0,5
U0071,C0033,15,0.2003,0.2225,0,0.5872,0.251,0.7362,1,0,0,5
U0071,C0060,15,0.7771,0.2502,1,0.2468,0.252,0.9446,1,0,0,5
U0071,C0048,15,0.2341,0.7857,0,0.261,0.7379,0.4654,0,0,1,5
U0071,C0092,15,0.3034,0.5277,0,0.2617,0.3656,0.9768,0,0,1,5
U0071,C0040,15,0.6388,0.2435,1,0.408,0.4465,0.1051,0,1,0,2
U0071,C0088,15,0.2205,0.3305,0,0.5048,0.7336,0.9325,0,1,0,5
U0071,C0004,15,0.2809,0.8554,0,0.2286,0.3073,0.6892,0,0,1,2
U0071,C0056,15,0.8286,0.1601,1,0.5135,0.1568,0.3781,0,0,1,2
U0071,C0086,15,0.5302,0.1854,1,0.1612,0.0544,0.8773,0,0,1,2
U0071,C0129,15,0.05,0.6187,0,0.4607,0.3731,0.5514,0,1,0,2
U0071,C0135,15,0.9183,0.336,0,0.4356,0.3704,0.2127,0,1,0,2
U0071,C0138,15,0.547,0.2541,1,0.5192,0.3613,0.7221,0,1,0,2
U0071,C0015,15,0.7163,0.7676,0,0.197,0.2352,0.2955,0,0,1,1
U0072,C0104,18,0.3484,0.4681,0,0.3407,0.4493,0.7169,1,0,0,5
U0072,C0045,18,0.7678,0.2732,0,0.1719,0.2712,0.965,1,0,0,5
U0072,C0064,18,0.7685,0.2702,0,0.402,0.3089,0.1624,1,0,0,5
U0072,C0057,18,0.8241,0.213,0,0.3163,0.1677,0.2194,1,0,0,5
U0072,C0013,18,0.4513,0.3601,0,0.3808,0.151,0.7731,1,0,0,5
U0072,C0002,18,0.9091,0.4787,0,0.3844,0.2499,0.5168,0,1,0,5
U0072,C0146,18,0.7415,0.2156,0,0.2666,0.2475,0.4564,0,0,1,5
U0072,C0060,18,0.7191,0.3361,1,0.2468,0.252,0.9446,1,0,0,2
U0072,C0019,18,0.3141,0.828,0,0.5338,0.307,0.8996,0,0,1,2
U0072,C0023,18,0.8716,0.4634,0,0.1731,0.0376,0.8054,1,0,0,2
U0072,C0037,18,0.2872,0.7867,0,0.5885,0.8288,0.9402,0,1,0,2
U0072,C0149,18,0.7618,0.775,0,0.5411,0.0374,0.3754,0,1,0,2
U0072,C0112,18,0.445,0.1854,0,0.6128,0.227,0.9582,0,1,0,1
U0072,C0097,18,0.4241,0.2325,0,0.2215,0.1013,0.4724,1,0,0,1
U0072,C0012,18,0.5522,0.8528,0,0.2139,0.412,0.7963,1,0,0,1
U0072,C0121,18,0.362,0.0988,0,0.1379,0.1556,0.7324,1,0,0,1
U0072,C0113,18,0.4567,0.4671,1,0.4553,0.1208,0.8935,1,0,0,1
U0072,C0069,18,0.6418,0.6624,0,0.2052,0.6311,0.621,1,0,0,2
U0073,C0141,17,0.563,0.282,0,0.4364,0.2668,0.9467,1,0,0,5
U0073,C0071,17,0.5737,0.7217,1,0.0339,0.1683,0.8816,0,0,1,5
U0073,C0075,17,0.8555,0.1703,1,0.1449,0.173,0.6698,0,0,1,5
U0073,C0125,17,0.6369,0.2295,0,0.0932,0.1975,0.6547,0,1,0,5
U0073,C0009,17,0.6806,0.4533,0,0.5793,0.095,0.5154,0,0,1,5
U0073,C0029,17,0.585,0.4663,0,0.2135,0.1634,0.7001,0,1,0,5
U0073,C0105,17,0.1453,0.1176,0,0.3057,0.588,0.1225,0,1,0,5
U0073,C0027,17,0.9598,0.1214,0,0.1749,0.1883,0.7626,0,1,0,2
U0073,C0047,17,0.9289,0.0875,0,0.2469,0.1057,0.8643,1,0,0,2
U0073,C0086,17,0.4514,0.2517,0,0.1612,0.0544,0.8773,0,0,1,2
U0073,C0014,17,0.2338,0.5532,0,0.2162,0.1109,0.2355,0,1,0,2
U0073,C0147,17,0.98,0.7783,0,0.4412,0.0156,0.7024,0,0,1,2
U0073,C0067,17,0.1999,0.2897,1,0.4035,0.1466,0.7085,0,0,1,2
U0073,C0122,17,0.3494,0.2087,0,0.0737,0.1789,0.1599,0,1,0,2
U0073,C0098,17,0.2896,0.7568,0,0.6351,0.0448,0.2837,0,1,0,1
U0073,C0100,17,0.3439,0.1733,0,0.3463,0.18,0.6218,0,1,0,1
U0073,C0006,17,0.2209,0.1621,0,0.2425,0.0563,0.1568,1,0,0,1
U0074,C0018,16,0.9013,0.5034,0,0.1823,0.3987,0.4737,0,0,1,5
U0074,C0080,16,0.359,0.2254,0,0.4314,0.1509,0.5151,0,0,1,5
U0074,C0049,16,0.9741,0.3728,1,0.6034,0.4181,0.1123,1,0,0,5
U0074,C0041,16,0.2695,0.2778,0,0.5116,0.567,0.5192,0,0,1,5
U0074,C0051,16,0.1895,0.2447,0,0.158,0.2724,0.381,0,1,0,5
U0074,C0015,16,0.8487,0.3275,1,0.197,0.2352,0.2955,0,0,1,5
U0074,C0148,16,0.7078,0.7881,1,0.1613,0.3539,0.9027,0,1,0,5
U0074,C0138,16,0.6846,0.2542,0,0.5192,0.3613,0.7221,0,1,0,2
U0074,C0116,16,0.4201,0.169,0,0.3269,0.2855,0.6783,0,1,0,2
U0074,C0146,16,0.3081,0.5006,0,0.2666,0.2475,0.4564,0,0,1,2
U0074,C0073,16,0.5623,0.2121,1,0.5746,0.2968,0.4343,1,0,0,2
U0074,C0016,16,0.1048,0.36,0,0.065,0.2654,0.5176,0,1,0,2
U0074,C0118,16,0.4555,0.9679,1,0.1071,0.322,0.7665,1,0,0,2
U0074,C0052,16,0.2155,0.419,0,0.2264,0.1546,0.1142,0,1,0,1
U0074,C0081,16,0.05,0.6558,0,0.4999,0.1906,0.9459,0,0,1,1
U0074,C0005,16,0.9089,0.43,0,0.3696,0.2129,0.8414,0,0,1,2
U0075,C0076,18,0.7932,0.4008,0,0.3624,0.3919,0.5224,0,1,0,5
U0075,C0077,18,0.5498,0.2582,0,0.3769,0.0663,0.4988,0,1,0,2
U0075,C0131,18,0.3587,0.1858,0,0.5277,0.3804,0.7151,0,1,0,5
U0075,C0062,18,0.9007,0.05,0,0.2459,0.3905,0.4621,1,0,0,5
U0075,C0043,18,0.9543,0.517,0,0.4568,0.0377,0.3736,0,1,0,5
U0075,C0069,18,0.6726,0.151,0,0.2052,0.6311,0.621,1,0,0,5
U0075,C0010,18,0.2046,0.2287,1,0.4611,0.2742,0.985,1,0,0,5
U0075,C0052,18,0.9725,0.3143,1,0.2264,0.1546,0.1142,0,1,0,5
U0075,C0118,18,0.2415,0.7003,0,0.1071,0.322,0.7665,1,0,0,2
U0075,C0112,18,0.1267,0.465,0,0.6128,0.227,0.9582,0,1,0,2
U0075,C0032,18,0.3314,0.8181,0,0.3971,0.3099,0.8314,1,0,0,2
U0075,C0149,18,0.3449,0.1006,0,0.5411,0.0374,0.3754,0,1,0,2
U0075,C0036,18,0.9466,0.2502,1,0.2348,0.2335,0.9128,1,0,0,2
U0075,C0026,18,0.769,0.05,0,0.329,0.3563,0.5628,0,0,1,1
U0075,C0068,18,0.1776,0.3805,0,0.046,0.0367,0.2246,1,0,0,1
U0075,C0088,18,0.6414,0.4008,0,0.5048,0.7336,0.9325,0,1,0,1
U0075,C0025,18,0.1857,0.05,0,0.2146,0.2956,0.281,0,0,1,1
U0075,C0079,18,0.3962,0.4014,0,0.3678,0.218,0.8749,0,1,0,2
U0076,C0008,16,0.8675,0.7802,1,0.0494,0.0915,0.8395,0,1,0,5
U0076,C0083,16,0.8026,0.0804,0,0.2692,0.0207,0.9543,0,0,1,5
U0076,C0124,16,0.4266,0.2564,0,0.1069,0.5369,0.9241,1,0,0,5
U0076,C0072,16,0.6682,0.2822,0,0.0127,0.1046,0.4412,0,1,0,5
U0076,C0003,16,0.8183,0.199,0,0.1995,0.3083,0.3506,1,0,0,5
U0076,C0102,16,0.0923,0.9676,0,0.2618,0.4192,0.9539,0,0,1,5
U0076,C0095,16,0.0572,0.1705,1,0.2951,0.2241,0.773,1,0,0,5
U0076,C0136,16,0.0839,0.2927,0,0.7682,0.1707,0.2805,1,0,0,2
U0076,C0052,16,0.8222,0.2779,0,0.2264,0.1546,0.1142,0,1,0,2
U0076,C0035,16,0.4642,0.3911,0,0.1816,0.3439,0.844,0,0,1,2
U0076,C0114,16,0.2183,0.3364,1,0.6345,0.4008,0.626,0,0,1,2
U0076,C0024,16,0.4428,0.1941,1,0.5432,0.2853,0.4861,0,0,1,2
U0076,C0017,16,0.1712,0.2796,0,0.3559,0.4084,0.3376,0,0,1,1
U0076,C0054,16,0.4795,0.05,1,0.2075,0.1691,0.9249,0,0,1,1
U0076,C0016,16,0.3282,0.3237,0,0.065,0.2654,0.5176,0,1,0,1
U0076,C0013,16,0.2769,0.4256,0,0.3808,0.151,0.7731,1,0,0,2
U0077,C0132,20,0.7677,0.6465,0,0.1512,0.4582,0.4379,0,1,0,2
U0077,C0014,20,0.9255,0.8851,0,0.2162,0.1109,0.2355,0,1,0,2
U0077,C0146,20,0.8799,0.2935,0,0.2666,0.2475,0.4564,0,0,1,5
U0077,C0059,20,0.4248,0.4126,0,0.0711,0.1059,0.1048,1,0,0,5
U0077,C0103,20,0.2415,0.4365,0,0.0991,0.4177,0.1545,1,0,0,5
U0077,C0051,20,0.4378,0.1463,1,0.158,0.2724,0.381,0,1,0,5
U0077,C0082,20,0.0766,0.2076,0,0.3825,0.2499,0.5536,0,1,0,5
U0077,C0030,20,0.1149,0.2771,0,0.0434,0.0563,0.1849,1,0,0,5
U0077,C0041,20,0.4102,0.2294,0,0.5116,0.567,0.5192,0,0,1,5
U0077,C0075,20,0.6917,0.4261,1,0.1449,0.173,0.6698,0,0,1,2
U0077,C0017,20,0.1032,0.1217,0,0.3559,0.4084,0.3376,0,0,1,1
U0077,C0130,20,0.4542,0.199,0,0.1453,0.2084,0.9786,0,0,1,2
U0077,C0040,20,0.6603,0.2609,0,0.408,0.4465,0.1051,0,1,0,2
U0077,C0078,20,0.1984,0.479,0,0.245,0.2838,0.5447,1,0,0,1
U0077,C0092,20,0.6431,0.6196,0,0.2617,0.3656,0.9768,0,0,1,1
U0077,C0072,20,0.8888,0.4537,0,0.0127,0.1046,0.4412,0,1,0,1
U0077,C0079,20,0.6313,0.05,0,0.3678,0.218,0.8749,0,1,0,1
U0077,C0087,20,0.0746,0.0811,0,0.2973,0.5346,0.1991,1,0,0,1
U0077,C0066,20,0.3005,0.05,0,0.5309,0.1527,0.7597,0,0,1,2
U0077,C0083,20,0.0806,0.1592,0,0.2692,0.0207,0.9543,0,0,1,1
U0078,C0051,17,0.824,0.3292,1,0.158,0.2724,0.381,0,1,0,5
U0078,C0032,17,0.6957,0.2257,0,0.3971,0.3099,0.8314,1,0,0,5
U0078,C0018,17,0.7569,0.5006,1,0.1823,0.3987,0.4737,0,0,1,5
U0078,C0074,17,0.5514,0.1011,1,0.1902,0.3126,0.6567,1,0,0,5
U0078,C0010,17,0.5946,0.3013,0,0.4611,0.2742,0.985,1,0,0,5
U0078,C0141,17,0.7797,0.4017,0,0.4364,0.2668,0.9467,1,0,0,5
U0078,C0116,17,0.893,0.1235,0,0.3269,0.2855,0.6783,0,1,0,5
U0078,C0066,17,0.7938,0.2802,0,0.5309,0.1527,0.7597,0,0,1,2
U0078,C0021,17,0.1862,0.0744,0,0.3635,0.5089,0.667,0,0,1,2
U0078,C0025,17,0.3102,0.2458,1,0.2146,0.2956,0.281,0,0,1,2
U0078,C0042,17,0.6994,0.3061,0,0.0906,0.4937,0.614,1,0,0,2
U0078,C0070,17,0.7577,0.0992,0,0.5536,0.18,0.6125,0,0,1,2
U0078,C0087,17,0.3526,0.3201,0,0.2973,0.5346,0.1991,1,0,0,2
U0078,C0053,17,0.6059,0.3284,1,0.1426,0.0445,0.1154,0,0,1,2
U0078,C0149,17,0.2532,0.2861,0,0.5411,0.0374,0.3754,0,1,0,1
U0078,C0034,17,0.5116,0.3886,0,0.4504,0.0773,0.9705,0,1,0,1
U0078,C0095,17,0.4374,0.1138,0,0.2951,0.2241,0.773,1,0,0,1
U0079,C0066,17,0.672,0.0825,0,0.5309,0.1527,0.7597,0,0,1,5
U0079,C0051,17,0.6585,0.2337,0,0.158,0.2724,0.381,0,1,0,5
U0079,C0019,17,0.3656,0.4846,0,0.5338,0.307,0.8996,0,0,1,5
U0079,C0107,17,0.9131,0.5904,0,0.3318,0.1496,0.5082,1,0,0,5
U0079,C0142,17,0.2796,0.3552,0,0.3655,0.3272,0.7983,1,0,0,5
U0079,C0080,17,0.1111,0.965,0,0.4314,0.1509,0.5151,0,0,1,2
U0079,C0120,17,0.7276,0.1798,0,0.7087,0.1727,0.6347,1,0,0,2
U0079,C0036,17,0.1512,0.187,0,0.2348,0.2335,0.9128,1,0,0,2
U0079,C0133,17,0.5513,0.2932,0,0.2197,0.4224,0.8201,1,0,0,2
U0079,C0031,17,0.7325,0.9182,0,0.3153,0.4029,0.7732,0,0,1,1
U0079,C0003,17,0.4659,0.399,1,0.1995,0.3083,0.3506,1,0,0,1
U0079,C0050,17,0.112,0.1936,0,0.1149,0.3756,0.1722,1,0,0,1
U0079,C0026,17,0.2016,0.5461,0,0.329,0.3563,0.5628,0,0,1,1
U0079,C0144,17,0.807,0.6884,1,0.3825,0.0875,0.4128,0,0,1,1
U0079,C0143,17,0.2101,0.7421,1,0.0952,0.5785,0.2151,0,0,1,1
U0079,C0086,17,0.6982,0.2585,0,0.1612,0.0544,0.8773,0,0,1,1
U0079,C0079,17,0.3325,0.3954,0,0.3678,0.218,0.8749,0,1,0,2
U0080,C0124,20,0.3138,0.05,1,0.1069,0.5369,0.9241,1,0,0,2
U0080,C0051,20,0.394,0.3706,1,0.158,0.2724,0.381,0,1,0,2
U0080,C0037,20,0.6493,0.1486,1,0.5885,0.8288,0.9402,0,1,0,5
U0080,C0043,20,0.05,0.3811,0,0.4568,0.0377,0.3736,0,1,0,5
U0080,C0056,20,0.572,0.6365,0,0.5135,0.1568,0.3781,0,0,1,5
U0080,C0081,20,0.6076,0.6518,0,0.4999,0.1906,0.9459,0,0,1,5
U0080,C0076,20,0.7802,0.1962,0,0.3624,0.3919,0.5224,0,1,0,5
U0080,C0092,20,0.48,0.1741,0,0.2617,0.3656,0.9768,0,0,1,5
U0080,C0060,20,0.6863,0.6915,0,0.2468,0.252,0.9446,1,0,0,5
U0080,C0039,20,0.3073,0.4186,1,0.4162,0.5551,0.7068,0,1,0,2
U0080,C0142,20,0.1303,0.236,0,0.3655,0.3272,0.7983,1,0,0,1
U0080,C0067,20,0.9178,0.2166,1,0.4035,0.1466,0.7085,0,0,1,2
U0080,C0132,20,0.3959,0.2257,0,0.1512,0.4582,0.4379,0,1,0,2
U0080,C0069,20,0.2452,0.492,1,0.2052,0.6311,0.621,1,0,0,1
U0080,C0048,20,0.7373,0.504,1,0.261,0.7379,0.4654,0,0,1,1
U0080,C0126,20,0.6902,0.2168,1,0.1993,0.2585,0.3217,1,0,0,1
U0080,C0004,20,0.0501,0.4903,0,0.2286,0.3073,0.6892,0,0,1,1
U0080,C0001,20,0.5884,0.343,0,0.3659,0.2368,0.8433,0,0,1,2
U0080,C0061,20,0.496,0.3973,0,0.2856,0.3106,0.4733,0,1,0,2
U0080,C0033,20,0.2084,0.4074,0,0.5872,0.251,0.7362,1,0,0,1
U0081,C0076,18,0.1199,0.6525,0,0.3624,0.3919,0.5224,0,1,0,2
U0081,C0015,18,0.1913,0.3315,0,0.197,0.2352,0.2955,0,0,1,5
U0081,C0081,18,0.9645,0.166,0,0.4999,0.1906,0.9459,0,0,1,5
U0081,C0116,18,0.7758,0.7362,0,0.3269,0.2855,0.6783,0,1,0,5
U0081,C0052,18,0.5355,0.0751,0,0.2264,0.1546,0.1142,0,1,0,5
U0081,C0046,18,0.5218,0.4776,0,0.2768,0.1672,0.9025,0,0,1,5
U0081,C0085,18,0.4735,0.1266,0,0.7087,0.1505,0.4262,0,0,1,5
U0081,C0074,18,0.1585,0.3058,1,0.1902,0.3126,0.6567,1,0,0,2
U0081,C0039,18,0.8976,0.5298,1,0.4162,0.5551,0.7068,0,1,0,5
U0081,C0018,18,0.0951,0.2595,1,0.1823,0.3987,0.4737,0,0,1,2
U0081,C0115,18,0.4052,0.6801,0,0.4254,0.6476,0.8504,0,0,1,1
U0081,C0009,18,0.3049,0.8568,0,0.5793,0.095,0.5154,0,0,1,1
U0081,C0061,18,0.1232,0.2965,0,0.2856,0.3106,0.4733,0,1,0,1
U0081,C0014,18,0.6782,0.0875,0,0.2162,0.1109,0.2355,0,1,0,1
U0081,C0099,18,0.2144,0.05,1,0.4917,0.4187,0.1381,0,1,0,2
U0081,C0140,18,0.2027,0.2271,0,0.197,0.2235,0.6571,0,1,0,2
U0081,C0111,18,0.459,0.05,0,0.2173,0.1798,0.6751,0,1,0,2
U0081,C0120,18,0.0564,0.1508,0,0.7087,0.1727,0.6347,1,0,0,2
U0082,C0114,20,0.819,0.0525,0,0.6345,0.4008,0.626,0,0,1,2
U0082,C0119,20,0.5464,0.168,0,0.2205,0.3384,0.1854,1,0,0,5
U0082,C0087,20,0.9703,0.4294,1,0.2973,0.5346,0.1991,1,0,0,5
U0082,C0126,20,0.1672,0.7365,0,0.1993,0.2585,0.3217,1,0,0,5
U0082,C0038,20,0.1784,0.2456,0,0.1376,0.2429,0.8212,1,0,0,5
U0082,C0037,20,0.1147,0.1941,0,0.5885,0.8288,0.9402,0,1,0,5
U0082,C0057,20,0.3964,0.1723,0,0.3163,0.1677,0.2194,1,0,0,5
U0082,C0093,20,0.5111,0.3439,1,0.1232,0.4355,0.1628,1,0,0,5
U0082,C0115,20,0.5179,0.3265,0,0.4254,0.6476,0.8504,0,0,1,2
U0082,C0120,20,0.4805,0.5384,0,0.7087,0.1727,0.6347,1,0,0,2
U0082,C0064,20,0.5787,0.3624,0,0.402,0.3089,0.1624,1,0,0,1
U0082,C0039,20,0.057,0.2716,0,0.4162,0.5551,0.7068,0,1,0,2
U0082,C0118,20,0.0533,0.1794,0,0.1071,0.322,0.7665,1,0,0,2
U0082,C0002,20,0.4284,0.4105,0,0.3844,0.2499,0.5168,0,1,0,2
U0082,C0019,20,0.53,0.3482,0,0.5338,0.307,0.8996,0,0,1,1
U0082,C0089,20,0.3363,0.7796,0,0.172,0.2367,0.6685,0,0,1,1
U0082,C0018,20,0.4994,0.3707,0,0.1823,0.3987,0.4737,0,0,1,1
U0082,C0008,20,0.1745,0.5794,0,0.0494,0.0915,0.8395,0,1,0,1
U0082,C0150,20,0.5122,0.5198,0,0.5086,0.0134,0.5967,0,1,0,1
U0082,C0070,20,0.7565,0.2954,0,0.5536,0.18,0.6125,0,0,1,2
U0083,C0002,21,0.3131,0.1566,0,0.3844,0.2499,0.5168,0,1,0,2
U0083,C0006,21,0.6038,0.3217,0,0.2425,0.0563,0.1568,1,0,0,5
U0083,C0045,21,0.9136,0.0563,1,0.1719,0.2712,0.965,1,0,0,5
U0083,C0105,21,0.0753,0.2937,1,0.3057,0.588,0.1225,0,1,0,5
U0083,C0145,21,0.1273,0.1534,0,0.2817,0.2066,0.4919,0,0,1,2
U0083,C0082,21,0.7911,0.3133,1,0.3825,0.2499,0.5536,0,1,0,5
U0083,C0060,21,0.5102,0.8987,0,0.2468,0.252,0.9446,1,0,0,5
U0083,C0074,21,0.7726,0.6143,0,0.1902,0.3126,0.6567,1,0,0,5
U0083,C0143,21,0.8562,0.5022,1,0.0952,0.5785,0.2151,0,0,1,5
U0083,C0134,21,0.5856,0.8801,0,0.2475,0.1161,0.8961,0,1,0,2
U0083,C0035,21,0.7352,0.2348,1,0.1816,0.3439,0.844,0,0,1,1
U0083,C0013,21,0.6886,0.3575,0,0.3808,0.151,0.7731,1,0,0,2
U0083,C0078,21,0.1469,0.4212,0,0.245,0.2838,0.5447,1,0,0,2
U0083,C0072,21,0.5114,0.5457,0,0.0127,0.1046,0.4412,0,1,0,2
U0083,C0057,21,0.3072,0.7644,0,0.3163,0.1677,0.2194,1,0,0,1
U0083,C0123,21,0.3473,0.3776,0,0.2637,0.0474,0.3077,0,1,0,1
U0083,C0062,21,0.749,0.2455,1,0.2459,0.3905,0.4621,1,0,0,1
U0083,C0116,21,0.44,0.05,0,0.3269,0.2855,0.6783,0,1,0,1
U0083,C0129,21,0.591,0.2102,0,0.4607,0.3731,0.5514,0,1,0,1
U0083,C0100,21,0.6637,0.2746,1,0.3463,0.18,0.6218,0,1,0,1
U0083,C0016,21,0.6645,0.3309,0,0.065,0.2654,0.5176,0,1,0,2
U0084,C0019,21,0.8443,0.3225,0,0.5338,0.307,0.8996,0,0,1,5
U0084,C0059,21,0.7556,0.3561,1,0.0711,0.1059,0.1048,1,0,0,2
U0084,C0109,21,0.2209,0.2638,0,0.362,0.3634,0.7171,0,0,1,5
U0084,C0134,21,0.9498,0.05,0,0.2475,0.1161,0.8961,0,1,0,5
U0084,C0124,21,0.3868,0.8877,0,0.1069,0.5369,0.9241,1,0,0,2
U0084,C0060,21,0.8028,0.05,1,0.2468,0.252,0.9446,1,0,0,5
U0084,C0045,21,0.5304,0.1566,0,0.1719,0.2712,0.965,1,0,0,5
U0084,C0096,21,0.6414,0.5006,0,0.0227,0.0278,0.8292,0,0,1,5
U0084,C0034,21,0.7766,0.2732,0,0.4504,0.0773,0.9705,0,1,0,5
U0084,C0021,21,0.3017,0.1231,0,0.3635,0.5089,0.667,0,0,1,2
U0084,C0113,21,0.9214,0.2598,1,0.4553,0.1208,0.8935,1,0,0,2
U0084,C0071,21,0.05,0.2082,0,0.0339,0.1683,0.8816,0,0,1,2
U0084,C0136,21,0.1949,0.2204,0,0.7682,0.1707,0.2805,1,0,0,2
U0084,C0150,21,0.4157,0.4434,0,0.5086,0.0134,0.5967,0,1,0,1
U0084,C0061,21,0.0751,0.115,0,0.2856,0.3106,0.4733,0,1,0,1
U0084,C0007,21,0.6987,0.3934,1,0.2653,0.2633,0.7991,0,0,1,1
U0084,C0005,21,0.7352,0.6741,0,0.3696,0.2129,0.8414,0,0,1,1
U0084,C0009,21,0.2283,0.556,0,0.5793,0.095,0.5154,0,0,1,1
U0084,C0129,21,0.4618,0.1204,0,0.4607,0.3731,0.5514,0,1,0,1
U0084,C0001,21,0.2471,0.939,1,0.3659,0.2368,0.8433,0,0,1,1
U0084,C0084,21,0.7829,0.1165,0,0.144,0.2945,0.8495,0,1,0,2
U0085,C0112,19,0.8529,0.0851,0,0.6128,0.227,0.9582,0,1,0,2
U0085,C0127,19,0.73,0.3517,1,0.0894,0.2251,0.7216,1,0,0,5
U0085,C0040,19,0.6796,0.3846,1,0.408,0.4465,0.1051,0,1,0,5
U0085,C0132,19,0.5656,0.307,0,0.1512,0.4582,0.4379,0,1,0,5
U0085,C0082,19,0.5398,0.1925,0,0.3825,0.2499,0.5536,0,1,0,5
U0085,C0149,19,0.2911,0.5005,0,0.5411,0.0374,0.3754,0,1,0,5
U0085,C0123,19,0.6443,0.5382,0,0.2637,0.0474,0.3077,0,1,0,2
U0085,C0122,19,0.9423,0.1742,0,0.0737,0.1789,0.1599,0,1,0,5
U0085,C0024,19,0.245,0.3064,0,0.5432,0.2853,0.4861,0,0,1,2
U0085,C0075,19,0.2795,0.1714,0,0.1449,0.173,0.6698,0,0,1,5
U0085,C0022,19,0.0937,0.0887,0,0.3178,0.2738,0.8723,0,0,1,2
U0085,C0003,19,0.8584,0.2935,0,0.1995,0.3083,0.3506,1,0,0,2
U0085,C0107,19,0.2204,0.9692,0,0.3318,0.1496,0.5082,1,0,0,2
U0085,C0103,19,0.4654,0.3621,0,0.0991,0.4177,0.1545,1,0,0,1
U0085,C0117,19,0.8165,0.2998,0,0.0224,0.0825,0.1707,1,0,0,1
U0085,C0096,19,0.1678,0.268,0,0.0227,0.0278,0.8292,0,0,1,1
U0085,C0100,19,0.4834,0.6194,0,0.3463,0.18,0.6218,0,1,0,1
U0085,C0092,19,0.2178,0.8268,0,0.2617,0.3656,0.9768,0,0,1,1
U0085,C0130,19,0.4976,0.6437,0,0.1453,0.2084,0.9786,0,0,1,2
U0086,C0131,16,0.6683,0.0812,0,0.5277,0.3804,0.7151,0,1,0,5
U0086,C0072,16,0.7651,0.05,0,0.0127,0.1046,0.4412,0,1,0,5
U0086,C0080,16,0.4891,0.3535,0,0.4314,0.1509,0.5151,0,0,1,5
U0086,C0105,16,0.5812,0.4201,1,0.3057,0.588,0.1225,0,1,0,5
U0086,C0147,16,0.1693,0.9072,1,0.4412,0.0156,0.7024,0,0,1,5
U0086,C0033,16,0.3787,0.7723,0,0.5872,0.251,0.7362,1,0,0,5
U0086,C0018,16,0.6923,0.0697,0,0.1823,0.3987,0.4737,0,0,1,5
U0086,C0116,16,0.8287,0.3596,0,0.3269,0.2855,0.6783,0,1,0,2
U0086,C0090,16,0.5995,0.05,0,0.3228,0.0591,0.149,1,0,0,2
U0086,C0039,16,0.1233,0.3053,0,0.4162,0.5551,0.7068,0,1,0,2
U0086,C0042,16,0.6253,0.4711,0,0.0906,0.4937,0.614,1,0,0,2
U0086,C0065,16,0.5161,0.1938,0,0.1786,0.2128,0.6745,0,1,0,2
U0086,C0081,16,0.885,0.4973,0,0.4999,0.1906,0.9459,0,0,1,2
U0086,C0051,16,0.2092,0.2133,0,0.158,0.2724,0.381,0,1,0,1
U0086,C0099,16,0.5077,0.6934,0,0.4917,0.4187,0.1381,0,1,0,1
U0086,C0036,16,0.1222,0.6245,0,0.2348,0.2335,0.9128,1,0,0,2
U0087,C0085,21,0.4558,0.1476,0,0.7087,0.1505,0.4262,0,0,1,2
U0087,C0114,21,0.472,0.6811,0,0.6345,0.4008,0.626,0,0,1,5
U0087,C0026,21,0.3015,0.206,1,0.329,0.3563,0.5628,0,0,1,5
U0087,C0081,21,0.7923,0.7141,1,0.4999,0.1906,0.9459,0,0,1,5
U0087,C0055,21,0.5901,0.7588,0,0.6798,0.4857,0.7355,1,0,0,5
U0087,C0038,21,0.5318,0.3019,0,0.1376,0.2429,0.8212,1,0,0,5
U0087,C0084,21,0.3752,0.4397,1,0.144,0.2945,0.8495,0,1,0,5
U0087,C0143,21,0.6991,0.3203,0,0.0952,0.5785,0.2151,0,0,1,2
U0087,C0009,21,0.8194,0.3199,0,0.5793,0.095,0.5154,0,0,1,5
U0087,C0123,21,0.2375,0.05,0,0.2637,0.0474,0.3077,0,1,0,2
U0087,C0133,21,0.9043,0.3901,1,0.2197,0.4224,0.8201,1,0,0,2
U0087,C0019,21,0.1815,0.3252,0,0.5338,0.307,0.8996,0,0,1,2
U0087,C0146,21,0.5088,0.4,0,0.2666,0.2475,0.4564,0,0,1,2
U0087,C0017,21,0.7341,0.1011,0,0.3559,0.4084,0.3376,0,0,1,1
U0087,C0089,21,0.4826,0.3345,0,0.172,0.2367,0.6685,0,0,1,1
U0087,C0042,21,0.7128,0.3551,0,0.0906,0.4937,0.614,1,0,0,1
U0087,C0090,21,0.2852,0.5964,0,0.3228,0.0591,0.149,1,0,0,1
U0087,C0107,21,0.5624,0.3555,0,0.3318,0.1496,0.5082,1,0,0,1
U0087,C0040,21,0.4936,0.3387,0,0.408,0.4465,0.1051,0,1,0,1
U0087,C0105,21,0.091,0.246,0,0.3057,0.588,0.1225,0,1,0,2
U0087,C0056,21,0.1983,0.6731,0,0.5135,0.1568,0.3781,0,0,1,1
U0088,C0094,17,0.4405,0.1806,0,0.4751,0.4894,0.5992,0,1,0,2
U0088,C0053,17,0.5206,0.15,0,0.1426,0.0445,0.1154,0,0,1,5
U0088,C0009,17,0.426,0.0965,0,0.5793,0.095,0.5154,0,0,1,5
U0088,C0032,17,0.3898,0.05,0,0.3971,0.3099,0.8314,1,0,0,5
U0088,C0006,17,0.2324,0.05,0,0.2425,0.0563,0.1568,1,0,0,5
U0088,C0123,17,0.5549,0.2769,0,0.2637,0.0474,0.3077,0,1,0,5
U0088,C0126,17,0.2651,0.8524,0,0.1993,0.2585,0.3217,1,0,0,5
U0088,C0071,17,0.3215,0.5542,0,0.0339,0.1683,0.8816,0,0,1,2
U0088,C0117,17,0.5221,0.4012,0,0.0224,0.0825,0.1707,1,0,0,5
U0088,C0022,17,0.4868,0.4156,0,0.3178,0.2738,0.8723,0,0,1,2
U0088,C0092,17,0.6014,0.2196,0,0.2617,0.3656,0.9768,0,0,1,2
U0088,C0067,17,0.7751,0.1897,0,0.4035,0.1466,0.7085,0,0,1,2
U0088,C0127,17,0.4106,0.2132,1,0.0894,0.2251,0.7216,1,0,0,2
U0088,C0070,17,0.1067,0.2793,0,0.5536,0.18,0.6125,0,0,1,1
U0088,C0028,17,0.5654,0.1167,0,0.3255,0.3258,0.4928,0,0,1,1
U0088,C0066,17,0.6822,0.3107,0,0.5309,0.1527,0.7597,0,0,1,1
U0088,C0116,17,0.3172,0.1273,1,0.3269,0.2855,0.6783,0,1,0,2
U0089,C0148,15,0.4086,0.8127,0,0.1613,0.3539,0.9027,0,1,0,5
U0089,C0054,15,0.9141,0.4281,1,0.2075,0.1691,0.9249,0,0,1,5
U0089,C0132,15,0.3047,0.4694,0,0.1512,0.4582,0.4379,0,1,0,5
U0089,C0017,15,0.6756,0.3668,0,0.3559,0.4084,0.3376,0,0,1,5
U0089,C0021,15,0.1013,0.3548,0,0.3635,0.5089,0.667,0,0,1,5
U0089,C0107,15,0.3971,0.3268,1,0.3318,0.1496,0.5082,1,0,0,5
U0089,C0079,15,0.1089,0.2977,1,0.3678,0.218,0.8749,0,1,0,5
U0089,C0003,15,0.6679,0.2736,0,0.1995,0.3083,0.3506,1,0,0,2
U0089,C0100,15,0.9739,0.1651,0,0.3463,0.18,0.6218,0,1,0,2
U0089,C0061,15,0.8269,0.2485,0,0.2856,0.3106,0.4733,0,1,0,2
U0089,C0120,15,0.4752,0.3955,0,0.7087,0.1727,0.6347,1,0,0,2
U0089,C0136,15,0.3679,0.6499,0,0.7682,0.1707,0.2805,1,0,0,2
U0089,C0147,15,0.1121,0.2082,0,0.4412,0.0156,0.7024,0,0,1,1
U0089,C0073,15,0.7373,0.3759,0,0.5746,0.2968,0.4343,1,0,0,1
U0089,C0094,15,0.1933,0.5071,0,0.4751,0.4894,0.5992,0,1,0,2
U0090,C0114,17,0.9668,0.4918,1,0.6345,0.4008,0.626,0,0,1,2
U0090,C0054,17,0.0949,0.98,1,0.2075,0.1691,0.9249,0,0,1,5
U0090,C0090,17,0.9103,0.0706,0,0.3228,0.0591,0.149,1,0,0,5
U0090,C0112,17,0.7892,0.1783,0,0.6128,0.227,0.9582,0,1,0,5
U0090,C0110,17,0.1461,0.3161,0,0.2999,0.3518,0.9192,0,0,1,5
U0090,C0029,17,0.3395,0.7363,0,0.2135,0.1634,0.7001,0,1,0,5
U0090,C0072,17,0.2727,0.3995,0,0.0127,0.1046,0.4412,0,1,0,5
U0090,C0048,17,0.3855,0.6353,0,0.261,0.7379,0.4654,0,0,1,2
U0090,C0064,17,0.1023,0.1546,0,0.402,0.3089,0.1624,1,0,0,5
U0090,C0033,17,0.7996,0.1285,0,0.5872,0.251,0.7362,1,0,0,2
U0090,C0101,17,0.6207,0.2134,0,0.4391,0.1313,0.5076,1,0,0,2
U0090,C0105,17,0.5582,0.8737,0,0.3057,0.588,0.1225,0,1,0,2
U0090,C0147,17,0.1585,0.3668,0,0.4412,0.0156,0.7024,0,0,1,2
U0090,C0123,17,0.3416,0.764,0,0.2637,0.0474,0.3077,0,1,0,2
U0090,C0150,17,0.192,0.1844,0,0.5086,0.0134,0.5967,0,1,0,1
U0090,C0094,17,0.3499,0.3087,0,0.4751,0.4894,0.5992,0,1,0,1
U0090,C0129,17,0.6008,0.8837,0,0.4607,0.3731,0.5514,0,1,0,1
U0091,C0094,20,0.5574,0.9639,0,0.4751,0.4894,0.5992,0,1,0,2
U0091,C0079,20,0.6112,0.4397,0,0.3678,0.218,0.8749,0,1,0,5
U0091,C0076,20,0.4355,0.306,0,0.3624,0.3919,0.5224,0,1,0,5
U0091,C0069,20,0.5658,0.052,1,0.2052,0.6311,0.621,1,0,0,5
U0091,C0092,20,0.4826,0.3681,0,0.2617,0.3656,0.9768,0,0,1,5
U0091,C0064,20,0.757,0.447,0,0.402,0.3089,0.1624,1,0,0,5
U0091,C0044,20,0.1754,0.2479,0,0.1681,0.234,0.3863,0,1,0,2
U0091,C0012,20,0.8429,0.388,1,0.2139,0.412,0.7963,1,0,0,5
U0091,C0131,20,0.6773,0.5729,0,0.5277,0.3804,0.7151,0,1,0,2
U0091,C0060,20,0.9475,0.5192,0,0.2468,0.252,0.9446,1,0,0,5
U0091,C0097,20,0.5309,0.2522,1,0.2215,0.1013,0.4724,1,0,0,2
U0091,C0125,20,0.0939,0.2363,0,0.0932,0.1975,0.6547,0,1,0,1
U0091,C0061,20,0.2748,0.7533,0,0.2856,0.3106,0.4733,0,1,0,1
U0091,C0013,20,0.0544,0.7478,0,0.3808,0.151,0.7731,1,0,0,1
U0091,C0039,20,0.3452,0.5289,1,0.4162,0.5551,0.7068,0,1,0,1
U0091,C0040,20,0.3753,0.6777,0,0.408,0.4465,0.1051,0,1,0,2
U0091,C0103,20,0.7536,0.6074,0,0.0991,0.4177,0.1545,1,0,0,1
U0091,C0126,20,0.8655,0.116,1,0.1993,0.2585,0.3217,1,0,0,2
U0091,C0022,20,0.2771,0.1731,0,0.3178,0.2738,0.8723,0,0,1,2
U0091,C0116,20,0.3082,0.1935,0,0.3269,0.2855,0.6783,0,1,0,1
U0092,C0091,19,0.7838,0.2834,0,0.4545,0.5855,0.6798,0,0,1,2
U0092,C0005,19,0.7633,0.158,0,0.3696,0.2129,0.8414,0,0,1,5
U0092,C0018,19,0.5098,0.8053,0,0.1823,0.3987,0.4737,0,0,1,5
U0092,C0111,19,0.1809,0.7455,1,0.2173,0.1798,0.6751,0,1,0,5
U0092,C0015,19,0.5923,0.5742,0,0.197,0.2352,0.2955,0,0,1,5
U0092,C0116,19,0.852,0.3809,0,0.3269,0.2855,0.6783,0,1,0,5
U0092,C0051,19,0.1413,0.7489,0,0.158,0.2724,0.381,0,1,0,5
U0092,C0086,19,0.2763,0.1243,0,0.1612,0.0544,0.8773,0,0,1,2
U0092,C0067,19,0.05,0.5692,0,0.4035,0.1466,0.7085,0,0,1,5
U0092,C0083,19,0.4339,0.3647,0,0.2692,0.0207,0.9543,0,0,1,2
U0092,C0093,19,0.3589,0.2475,0,0.1232,0.4355,0.1628,1,0,0,2
U0092,C0119,19,0.6334,0.2565,0,0.2205,0.3384,0.1854,1,0,0,2
U0092,C0117,19,0.7838,0.3239,0,0.0224,0.0825,0.1707,1,0,0,2
U0092,C0078,19,0.8202,0.5145,0,0.245,0.2838,0.5447,1,0,0,1
U0092,C0043,19,0.4586,0.5297,0,0.4568,0.0377,0.3736,0,1,0,1
U0092,C0134,19,0.1119,0.05,0,0.2475,0.1161,0.8961,0,1,0,1
U0092,C0040,19,0.3476,0.466,0,0.408,0.4465,0.1051,0,1,0,1
U0092,C0137,19,0.4188,0.2161,0,0.1397,0.2365,0.2946,0,1,0,1
U0092,C0129,19,0.3811,0.4401,0,0.4607,0.3731,0.5514,0,1,0,2
U0093,C0045,17,0.3262,0.4484,0,0.1719,0.2712,0.965,1,0,0,5
U0093,C0121,17,0.9282,0.7063,0,0.1379,0.1556,0.7324,1,0,0,5
U0093,C0098,17,0.8685,0.289,0,0.6351,0.0448,0.2837,0,1,0,5
U0093,C0019,17,0.1425,0.3233,0,0.5338,0.307,0.8996,0,0,1,2
U0093,C0005,17,0.3145,0.4008,0,0.3696,0.2129,0.8414,0,0,1,5
U0093,C0077,17,0.848,0.2611,1,0.3769,0.0663,0.4988,0,1,0,5
U0093,C0116,17,0.7635,0.4042,0,0.3269,0.2855,0.6783,0,1,0,5
U0093,C0052,17,0.5076,0.3493,0,0.2264,0.1546,0.1142,0,1,0,2
U0093,C0037,17,0.05,0.285,1,0.5885,0.8288,0.9402,0,1,0,5
U0093,C0107,17,0.5593,0.1607,0,0.3318,0.1496,0.5082,1,0,0,2
U0093,C0049,17,0.4711,0.05,0,0.6034,0.4181,0.1123,1,0,0,2
U0093,C0076,17,0.7961,0.358,0,0.3624,0.3919,0.5224,0,1,0,2
U0093,C0109,17,0.1706,0.2761,0,0.362,0.3634,0.7171,0,0,1,2
U0093,C0119,17,0.05,0.1612,0,0.2205,0.3384,0.1854,1,0,0,1
U0093,C0103,17,0.6276,0.848,0,0.0991,0.4177,0.1545,1,0,0,1
U0093,C0102,17,0.5887,0.3815,0,0.2618,0.4192,0.9539,0,0,1,1
U0093,C0112,17,0.5539,0.7622,0,0.6128,0.227,0.9582,0,1,0,2
U0094,C0022,18,0.3741,0.3255,1,0.3178,0.2738,0.8723,0,0,1,5
U0094,C0072,18,0.6058,0.2704,0,0.0127,0.1046,0.4412,0,1,0,5
U0094,C0068,18,0.4373,0.312,0,0.046,0.0367,0.2246,1,0,0,5
U0094,C0080,18,0.6816,0.1625,0,0.4314,0.1509,0.5151,0,0,1,5
U0094,C0032,18,0.7388,0.2848,1,0.3971,0.3099,0.8314,1,0,0,5
U0094,C0108,18,0.216,0.2511,0,0.2017,0.1291,0.5094,0,0,1,5
U0094,C0061,18,0.4774,0.1847,0,0.2856,0.3106,0.4733,0,1,0,2
U0094,C0150,18,0.6739,0.5338,0,0.5086,0.0134,0.5967,0,1,0,2
U0094,C0046,18,0.8607,0.6575,0,0.2768,0.1672,0.9025,0,0,1,5
U0094,C0123,18,0.321,0.2723,0,0.2637,0.0474,0.3077,0,1,0,2
U0094,C0077,18,0.643,0.4654,0,0.3769,0.0663,0.4988,0,1,0,1
U0094,C0070,18,0.161,0.3426,0,0.5536,0.18,0.6125,0,0,1,1
U0094,C0048,18,0.2568,0.318,0,0.261,0.7379,0.4654,0,0,1,1
U0094,C0137,18,0.6487,0.0967,0,0.1397,0.2365,0.2946,0,1,0,2
U0094,C0051,18,0.774,0.1455,0,0.158,0.2724,0.381,0,1,0,2
U0094,C0114,18,0.1615,0.2118,0,0.6345,0.4008,0.626,0,0,1,2
U0094,C0038,18,0.6293,0.3655,0,0.1376,0.2429,0.8212,1,0,0,2
U0094,C0105,18,0.1887,0.4418,0,0.3057,0.588,0.1225,0,1,0,1
U0095,C0108,18,0.2357,0.5125,0,0.2017,0.1291,0.5094,0,0,1,2
U0095,C0032,18,0.3515,0.4013,0,0.3971,0.3099,0.8314,1,0,0,5
U0095,C0150,18,0.9037,0.1953,1,0.5086,0.0134,0.5967,0,1,0,5
U0095,C0045,18,0.9024,0.2048,1,0.1719,0.2712,0.965,1,0,0,5
U0095,C0065,18,0.5458,0.412,0,0.1786,0.2128,0.6745,0,1,0,5
U0095,C0136,18,0.9178,0.1555,0,0.7682,0.1707,0.2805,1,0,0,5
U0095,C0110,18,0.8247,0.2169,0,0.2999,0.3518,0.9192,0,0,1,5
U0095,C0067,18,0.6981,0.5234,0,0.4035,0.1466,0.7085,0,0,1,2
U0095,C0071,18,0.5394,0.1094,0,0.0339,0.1683,0.8816,0,0,1,5
U0095,C0001,18,0.35,0.159,0,0.3659,0.2368,0.8433,0,0,1,2
U0095,C0142,18,0.2658,0.3054,0,0.3655,0.3272,0.7983,1,0,0,2
U0095,C0014,18,0.05,0.5179,0,0.2162,0.1109,0.2355,0,1,0,1
U0095,C0017,18,0.1432,0.4552,1,0.3559,0.4084,0.3376,0,0,1,1
U0095,C0072,18,0.2946,0.4503,0,0.0127,0.1046,0.4412,0,1,0,1
U0095,C0094,18,0.675,0.1426,0,0.4751,0.4894,0.5992,0,1,0,1
U0095,C0144,18,0.8192,0.381,1,0.3825,0.0875,0.4128,0,0,1,1
U0095,C0086,18,0.2631,0.3804,0,0.1612,0.0544,0.8773,0,0,1,1
U0095,C0078,18,0.6444,0.4282,0,0.245,0.2838,0.5447,1,0,0,2
U0096,C0024,17,0.2293,0.2891,0,0.5432,0.2853,0.4861,0,0,1,2
U0096,C0008,17,0.6065,0.0781,0,0.0494,0.0915,0.8395,0,1,0,5
U0096,C0117,17,0.4091,0.6064,0,0.0224,0.0825,0.1707,1,0,0,5
U0096,C0022,17,0.585,0.05,0,0.3178,0.2738,0.8723,0,0,1,5
U0096,C0041,17,0.464,0.05,0,0.5116,0.567,0.5192,0,0,1,5
U0096,C0003,17,0.8082,0.4578,1,0.1995,0.3083,0.3506,1,0,0,5
U0096,C0045,17,0.2453,0.1218,1,0.1719,0.2712,0.965,1,0,0,5
U0096,C0075,17,0.1051,0.5616,0,0.1449,0.173,0.6698,0,0,1,2
U0096,C0055,17,0.98,0.9535,0,0.6798,0.4857,0.7355,1,0,0,5
U0096,C0084,17,0.6108,0.5731,0,0.144,0.2945,0.8495,0,1,0,2
U0096,C0004,17,0.9364,0.05,1,0.2286,0.3073,0.6892,0,0,1,2
U0096,C0089,17,0.3266,0.2639,1,0.172,0.2367,0.6685,0,0,1,1
U0096,C0042,17,0.3529,0.1077,0,0.0906,0.4937,0.614,1,0,0,1
U0096,C0126,17,0.4114,0.069,0,0.1993,0.2585,0.3217,1,0,0,1
U0096,C0088,17,0.9155,0.123,0,0.5048,0.7336,0.9325,0,1,0,1
U0096,C0056,17,0.6123,0.525,0,0.5135,0.1568,0.3781,0,0,1,1
U0096,C0138,17,0.1318,0.1635,0,0.5192,0.3613,0.7221,0,1,0,2
U0097,C0004,16,0.8878,0.1644,1,0.2286,0.3073,0.6892,0,0,1,5
U0097,C0100,16,0.6537,0.6263,1,0.3463,0.18,0.6218,0,1,0,5
U0097,C0030,16,0.6528,0.2844,0,0.0434,0.0563,0.1849,1,0,0,5
U0097,C0076,16,0.1464,0.98,0,0.3624,0.3919,0.5224,0,1,0,5
U0097,C0070,16,0.4476,0.4725,0,0.5536,0.18,0.6125,0,0,1,5
U0097,C0024,16,0.8328,0.3309,0,0.5432,0.2853,0.4861,0,0,1,5
U0097,C0091,16,0.2028,0.1547,0,0.4545,0.5855,0.6798,0,0,1,5
U0097,C0075,16,0.7212,0.3632,0,0.1449,0.173,0.6698,0,0,1,2
U0097,C0072,16,0.9551,0.2376,0,0.0127,0.1046,0.4412,0,1,0,2
U0097,C0039,16,0.8907,0.5005,0,0.4162,0.5551,0.7068,0,1,0,2
U0097,C0012,16,0.422,0.3329,0,0.2139,0.412,0.7963,1,0,0,2
U0097,C0119,16,0.4493,0.261,0,0.2205,0.3384,0.1854,1,0,0,2
U0097,C0050,16,0.3028,0.3088,0,0.1149,0.3756,0.1722,1,0,0,1
U0097,C0022,16,0.05,0.0983,0,0.3178,0.2738,0.8723,0,0,1,1
U0097,C0108,16,0.5885,0.3836,0,0.2017,0.1291,0.5094,0,0,1,1
U0097,C0049,16,0.6174,0.8739,1,0.6034,0.4181,0.1123,1,0,0,1
U0098,C0025,16,0.4018,0.1967,0,0.2146,0.2956,0.281,0,0,1,5
U0098,C0037,16,0.3724,0.2603,0,0.5885,0.8288,0.9402,0,1,0,5
U0098,C0124,16,0.8493,0.4353,0,0.1069,0.5369,0.9241,1,0,0,5
U0098,C0046,16,0.437,0.3614,1,0.2768,0.1672,0.9025,0,0,1,5
U0098,C0109,16,0.7222,0.6348,0,0.362,0.3634,0.7171,0,0,1,5
U0098,C0077,16,0.1149,0.183,0,0.3769,0.0663,0.4988,0,1,0,5
U0098,C0018,16,0.557,0.229,0,0.1823,0.3987,0.4737,0,0,1,2
U0098,C0148,16,0.8169,0.914,0,0.1613,0.3539,0.9027,0,1,0,5
U0098,C0012,16,0.9754,0.4263,0,0.2139,0.412,0.7963,1,0,0,2
U0098,C0031,16,0.1663,0.1806,0,0.3153,0.4029,0.7732,0,0,1,1
U0098,C0001,16,0.6454,0.1739,0,0.3659,0.2368,0.8433,0,0,1,1
U0098,C0094,16,0.9143,0.1923,0,0.4751,0.4894,0.5992,0,1,0,2
U0098,C0045,16,0.5689,0.5078,0,0.1719,0.2712,0.965,1,0,0,2
U0098,C0083,16,0.2056,0.0627,0,0.2692,0.0207,0.9543,0,0,1,2
U0098,C0082,16,0.5844,0.4386,0,0.3825,0.2499,0.5536,0,1,0,2
U0098,C0054,16,0.6674,0.4113,1,0.2075,0.1691,0.9249,0,0,1,2
U0099,C0130,21,0.5777,0.7825,0,0.1453,0.2084,0.9786,0,0,1,5
U0099,C0022,21,0.8884,0.4628,1,0.3178,0.2738,0.8723,0,0,1,2
U0099,C0033,21,0.5725,0.1467,0,0.5872,0.251,0.7362,1,0,0,5
U0099,C0084,21,0.0945,0.2303,1,0.144,0.2945,0.8495,0,1,0,5
U0099,C0144,21,0.2048,0.7151,0,0.3825,0.0875,0.4128,0,0,1,5
U0099,C0120,21,0.4112,0.2247,0,0.7087,0.1727,0.6347,1,0,0,5
U0099,C0010,21,0.1559,0.3529,0,0.4611,0.2742,0.985,1,0,0,5
U0099,C0150,21,0.7063,0.0586,0,0.5086,0.0134,0.5967,0,1,0,2
U0099,C0105,21,0.3747,0.4743,0,0.3057,0.588,0.1225,0,1,0,2
U0099,C0109,21,0.6101,0.2606,0,0.362,0.3634,0.7171,0,0,1,5
U0099,C0075,21,0.0978,0.1375,0,0.1449,0.173,0.6698,0,0,1,2
U0099,C0118,21,0.1645,0.1549,0,0.1071,0.322,0.7665,1,0,0,2
U0099,C0034,21,0.1392,0.3705,0,0.4504,0.0773,0.9705,0,1,0,2
U0099,C0132,21,0.8611,0.1266,0,0.1512,0.4582,0.4379,0,1,0,1
U0099,C0068,21,0.0661,0.6317,0,0.046,0.0367,0.2246,1,0,0,1
U0099,C0062,21,0.5632,0.9658,0,0.2459,0.3905,0.4621,1,0,0,1
U0099,C0089,21,0.3831,0.0794,0,0.172,0.2367,0.6685,0,0,1,1
U0099,C0113,21,0.6154,0.1217,0,0.4553,0.1208,0.8935,1,0,0,1
U0099,C0003,21,0.1128,0.3438,0,0.1995,0.3083,0.3506,1,0,0,1
U0099,C0085,21,0.4499,0.1134,0,0.7087,0.1505,0.4262,0,0,1,2
U0099,C0023,21,0.8459,0.5331,0,0.1731,0.0376,0.8054,1,0,0,1
U0100,C0019,16,0.1733,0.4315,1,0.5338,0.307,0.8996,0,0,1,5
U0100,C0110,16,0.4311,0.5634,0,0.2999,0.3518,0.9192,0,0,1,5
U0100,C0083,16,0.3219,0.186,0,0.2692,0.0207,0.9543,0,0,1,5
U0100,C0006,16,0.8936,0.1747,0,0.2425,0.0563,0.1568,1,0,0,5
U0100,C0036,16,0.749,0.3887,0,0.2348,0.2335,0.9128,1,0,0,5
U0100,C0067,16,0.1274,0.1807,0,0.4035,0.1466,0.7085,0,0,1,5
U0100,C0056,16,0.4089,0.5929,0,0.5135,0.1568,0.3781,0,0,1,5
U0100,C0119,16,0.3239,0.6137,0,0.2205,0.3384,0.1854,1,0,0,2
U0100,C0149,16,0.1414,0.4042,1,0.5411,0.0374,0.3754,0,1,0,2
U0100,C0055,16,0.8594,0.8256,0,0.6798,0.4857,0.7355,1,0,0,2
U0100,C0054,16,0.3235,0.3606,1,0.2075,0.1691,0.9249,0,0,1,2
U0100,C0074,16,0.778,0.7625,0,0.1902,0.3126,0.6567,1,0,0,1
U0100,C0047,16,0.2011,0.5836,0,0.2469,0.1057,0.8643,1,0,0,1
U0100,C0116,16,0.2748,0.499,0,0.3269,0.2855,0.6783,0,1,0,1
U0100,C0058,16,0.3254,0.4375,0,0.2961,0.1857,0.5605,0,1,0,1
U0100,C0124,16,0.3251,0.2879,0,0.1069,0.5369,0.9241,1,0,0,2
U0101,C0146,21,0.2907,0.5732,1,0.2666,0.2475,0.4564,0,0,1,5
U0101,C0139,21,0.2411,0.3035,0,0.3969,0.2107,0.6427,0,0,1,2
U0101,C0093,21,0.9149,0.5406,0,0.1232,0.4355,0.1628,1,0,0,5
U0101,C0094,21,0.7426,0.4525,0,0.4751,0.4894,0.5992,0,1,0,5
U0101,C0024,21,0.6825,0.2209,1,0.5432,0.2853,0.4861,0,0,1,5
U0101,C0001,21,0.6751,0.1673,0,0.3659,0.2368,0.8433,0,0,1,5
U0101,C0090,21,0.4267,0.5346,0,0.3228,0.0591,0.149,1,0,0,2
U0101,C0006,21,0.8504,0.7652,0,0.2425,0.0563,0.1568,1,0,0,5
U0101,C0032,21,0.5902,0.5514,0,0.3971,0.3099,0.8314,1,0,0,5
U0101,C0005,21,0.7719,0.05,0,0.3696,0.2129,0.8414,0,0,1,2
U0101,C0109,21,0.2968,0.1043,0,0.362,0.3634,0.7171,0,0,1,2
U0101,C0003,21,0.366,0.4823,0,0.1995,0.3083,0.3506,1,0,0,1
U0101,C0089,21,0.7423,0.2178,0,0.172,0.2367,0.6685,0,0,1,2
U0101,C0043,21,0.0929,0.1763,0,0.4568,0.0377,0.3736,0,1,0,2
U0101,C0061,21,0.3966,0.3751,0,0.2856,0.3106,0.4733,0,1,0,1
U0101,C0026,21,0.5305,0.6283,0,0.329,0.3563,0.5628,0,0,1,1
U0101,C0108,21,0.3817,0.2846,0,0.2017,0.1291,0.5094,0,0,1,1
U0101,C0067,21,0.0615,0.3123,0,0.4035,0.1466,0.7085,0,0,1,1
U0101,C0045,21,0.1124,0.2042,0,0.1719,0.2712,0.965,1,0,0,1
U0101,C0036,21,0.2291,0.1253,0,0.2348,0.2335,0.9128,1,0,0,1
U0101,C0008,21,0.8715,0.2382,1,0.0494,0.0915,0.8395,0,1,0,2
U0102,C0057,20,0.6101,0.2699,0,0.3163,0.1677,0.2194,1,0,0,2
U0102,C0091,20,0.3117,0.2708,0,0.4545,0.5855,0.6798,0,0,1,5
U0102,C0019,20,0.9153,0.2352,0,0.5338,0.307,0.8996,0,0,1,5
U0102,C0030,20,0.437,0.4546,1,0.0434,0.0563,0.1849,1,0,0,5
U0102,C0086,20,0.2246,0.1778,0,0.1612,0.0544,0.8773,0,0,1,2
U0102,C0095,20,0.1942,0.633,0,0.2951,0.2241,0.773,1,0,0,5
U0102,C0044,20,0.0808,0.4697,0,0.1681,0.234,0.3863,0,1,0,5
U0102,C0071,20,0.7066,0.2225,0,0.0339,0.1683,0.8816,0,0,1,5
U0102,C0068,20,0.4411,0.6886,0,0.046,0.0367,0.2246,1,0,0,5
U0102,C0033,20,0.4617,0.3709,0,0.5872,0.251,0.7362,1,0,0,2
U0102,C0052,20,0.1814,0.2117,0,0.2264,0.1546,0.1142,0,1,0,1
U0102,C0131,20,0.8432,0.1919,1,0.5277,0.3804,0.7151,0,1,0,2
U0102,C0037,20,0.2218,0.2069,0,0.5885,0.8288,0.9402,0,1,0,2
U0102,C0092,20,0.2415,0.804,1,0.2617,0.3656,0.9768,0,0,1,2
U0102,C0074,20,0.2412,0.359,0,0.1902,0.3126,0.6567,1,0,0,1
U0102,C0148,20,0.2054,0.3647,0,0.1613,0.3539,0.9027,0,1,0,1
U0102,C0114,20,0.377,0.1266,0,0.6345,0.4008,0.626,0,0,1,1
U0102,C0094,20,0.83,0.0844,1,0.4751,0.4894,0.5992,0,1,0,1
U0102,C0109,20,0.2309,0.3211,0,0.362,0.3634,0.7171,0,0,1,1
U0102,C0009,20,0.2881,0.4386,0,0.5793,0.095,0.5154,0,0,1,2
U0103,C0050,21,0.2704,0.3506,1,0.1149,0.3756,0.1722,1,0,0,2
U0103,C0063,21,0.7174,0.2626,0,0.3814,0.1207,0.4515,0,1,0,5
U0103,C0052,21,0.5275,0.4165,0,0.2264,0.1546,0.1142,0,1,0,5
U0103,C0034,21,0.9388,0.2298,0,0.4504,0.0773,0.9705,0,1,0,5
U0103,C0032,21,0.0564,0.3246,1,0.3971,0.3099,0.8314,1,0,0,2
U0103,C0018,21,0.6212,0.46,0,0.1823,0.3987,0.4737,0,0,1,5
U0103,C0016,21,0.7732,0.2967,0,0.065,0.2654,0.5176,0,1,0,5
U0103,C0129,21,0.1033,0.1361,0,0.4607,0.3731,0.5514,0,1,0,5
U0103,C0027,21,0.3668,0.2435,0,0.1749,0.1883,0.7626,0,1,0,2
U0103,C0119,21,0.5148,0.2622,0,0.2205,0.3384,0.1854,1,0,0,5
U0103,C0044,21,0.1892,0.3535,0,0.1681,0.234,0.3863,0,1,0,2
U0103,C0043,21,0.7375,0.1805,0,0.4568,0.0377,0.3736,0,1,0,1
U0103,C0086,21,0.0903,0.1372,0,0.1612,0.0544,0.8773,0,0,1,2
U0103,C0136,21,0.1634,0.1734,1,0.7682,0.1707,0.2805,1,0,0,2
U0103,C0001,21,0.6977,0.3788,0,0.3659,0.2368,0.8433,0,0,1,2
U0103,C0148,21,0.4631,0.1575,0,0.1613,0.3539,0.9027,0,1,0,1
U0103,C0065,21,0.6356,0.4712,0,0.1786,0.2128,0.6745,0,1,0,1
U0103,C0045,21,0.6078,0.4018,0,0.1719,0.2712,0.965,1,0,0,1
U0103,C0033,21,0.0817,0.5265,0,0.5872,0.251,0.7362,1,0,0,1
U0103,C0112,21,0.4611,0.4386,0,0.6128,0.227,0.9582,0,1,0,1
U0103,C0037,21,0.2125,0.4734,0,0.5885,0.8288,0.9402,0,1,0,1
U0104,C0144,21,0.5857,0.1427,0,0.3825,0.0875,0.4128,0,0,1,2
U0104,C0121,21,0.3895,0.4671,0,0.1379,0.1556,0.7324,1,0,0,5
U0104,C0081,21,0.7168,0.6905,1,0.4999,0.1906,0.9459,0,0,1,5
U0104,C0122,21,0.3796,0.507,0,0.0737,0.1789,0.1599,0,1,0,5
U0104,C0105,21,0.5116,0.1371,0,0.3057,0.588,0.1225,0,1,0,5
U0104,C0147,21,0.3146,0.4692,0,0.4412,0.0156,0.7024,0,0,1,5
U0104,C0134,21,0.7138,0.7799,0,0.2475,0.1161,0.8961,0,1,0,5
U0104,C0107,21,0.6922,0.1586,0,0.3318,0.1496,0.5082,1,0,0,2
U0104,C0027,21,0.1501,0.05,0,0.1749,0.1883,0.7626,0,1,0,5
U0104,C0057,21,0.9521,0.5263,0,0.3163,0.1677,0.2194,1,0,0,2
U0104,C0079,21,0.3769,0.2832,0,0.3678,0.218,0.8749,0,1,0,2
U0104,C0002,21,0.6785,0.1762,0,0.3844,0.2499,0.5168,0,1,0,2
U0104,C0099,21,0.8808,0.3971,0,0.4917,0.4187,0.1381,0,1,0,1
U0104,C0040,21,0.4287,0.0778,0,0.408,0.4465,0.1051,0,1,0,1
U0104,C0035,21,0.1816,0.3992,0,0.1816,0.3439,0.844,0,0,1,1
U0104,C0007,21,0.0514,0.4619,0,0.2653,0.2633,0.7991,0,0,1,1
U0104,C0053,21,0.9071,0.4041,0,0.1426,0.0445,0.1154,0,0,1,1
U0104,C0054,21,0.6457,0.4899,0,0.2075,0.1691,0.9249,0,0,1,1
U0104,C0075,21,0.3973,0.8318,0,0.1449,0.173,0.6698,0,0,1,2
U0104,C0119,21,0.2568,0.5504,0,0.2205,0.3384,0.1854,1,0,0,2
U0104,C0102,21,0.6027,0.1744,0,0.2618,0.4192,0.9539,0,0,1,1
U0105,C0058,19,0.124,0.6999,0,0.2961,0.1857,0.5605,0,1,0,5
U0105,C0076,19,0.5425,0.05,1,0.3624,0.3919,0.5224,0,1,0,5
U0105,C0118,19,0.3759,0.5996,0,0.1071,0.322,0.7665,1,0,0,2
U0105,C0078,19,0.8255,0.3977,1,0.245,0.2838,0.5447,1,0,0,5
U0105,C0045,19,0.3425,0.1305,0,0.1719,0.2712,0.965,1,0,0,5
U0105,C0150,19,0.1297,0.1794,0,0.5086,0.0134,0.5967,0,1,0,2
U0105,C0047,19,0.4649,0.7831,0,0.2469,0.1057,0.8643,1,0,0,2
U0105,C0055,19,0.8113,0.5423,0,0.6798,0.4857,0.7355,1,0,0,2
U0105,C0147,19,0.2884,0.315,0,0.4412,0.0156,0.7024,0,0,1,2
U0105,C0139,19,0.8557,0.3061,0,0.3969,0.2107,0.6427,0,0,1,5
U0105,C0003,19,0.1281,0.2618,0,0.1995,0.3083,0.3506,1,0,0,2
U0105,C0126,19,0.773,0.187,0,0.1993,0.2585,0.3217,1,0,0,1
U0105,C0008,19,0.8937,0.1952,0,0.0494,0.0915,0.8395,0,1,0,1
U0105,C0086,19,0.6237,0.8095,0,0.1612,0.0544,0.8773,0,0,1,1
U0105,C0007,19,0.6451,0.4321,0,0.2653,0.2633,0.7991,0,0,1,1
U0105,C0105,19,0.6179,0.2777,0,0.3057,0.588,0.1225,0,1,0,1
U0105,C0089,19,0.6889,0.5178,0,0.172,0.2367,0.6685,0,0,1,1
U0105,C0044,19,0.6077,0.2502,0,0.1681,0.234,0.3863,0,1,0,1
U0105,C0132,19,0.3819,0.374,0,0.1512,0.4582,0.4379,0,1,0,2
U0106,C0045,16,0.6504,0.3584,1,0.1719,0.2712,0.965,1,0,0,5
U0106,C0082,16,0.6504,0.2482,1,0.3825,0.2499,0.5536,0,1,0,5
U0106,C0065,16,0.4008,0.1316,0,0.1786,0.2128,0.6745,0,1,0,5
U0106,C0142,16,0.8048,0.05,0,0.3655,0.3272,0.7983,1,0,0,5
U0106,C0072,16,0.8149,0.151,0,0.0127,0.1046,0.4412,0,1,0,5
U0106,C0005,16,0.1224,0.4936,0,0.3696,0.2129,0.8414,0,0,1,5
U0106,C0128,16,0.7646,0.3412,0,0.3936,0.1843,0.6371,0,1,0,5
U0106,C0055,16,0.4997,0.228,0,0.6798,0.4857,0.7355,1,0,0,2
U0106,C0095,16,0.1225,0.5866,0,0.2951,0.2241,0.773,1,0,0,1
U0106,C0026,16,0.506,0.2723,0,0.329,0.3563,0.5628,0,0,1,2
U0106,C0046,16,0.8905,0.1468,0,0.2768,0.1672,0.9025,0,0,1,1
U0106,C0148,16,0.346,0.4739,1,0.1613,0.3539,0.9027,0,1,0,2
U0106,C0052,16,0.7995,0.2774,0,0.2264,0.1546,0.1142,0,1,0,2
U0106,C0107,16,0.4161,0.4924,0,0.3318,0.1496,0.5082,1,0,0,2
U0106,C0138,16,0.4004,0.4215,0,0.5192,0.3613,0.7221,0,1,0,2
U0106,C0064,16,0.8155,0.3186,0,0.402,0.3089,0.1624,1,0,0,2
U0107,C0004,16,0.8427,0.1649,0,0.2286,0.3073,0.6892,0,0,1,5
U0107,C0070,16,0.4507,0.3802,1,0.5536,0.18,0.6125,0,0,1,5
U0107,C0014,16,0.7732,0.98,0,0.2162,0.1109,0.2355,0,1,0,5
U0107,C0088,16,0.834,0.6063,0,0.5048,0.7336,0.9325,0,1,0,5
U0107,C0026,16,0.529,0.3285,0,0.329,0.3563,0.5628,0,0,1,5
U0107,C0033,16,0.5132,0.7819,1,0.5872,0.251,0.7362,1,0,0,5
U0107,C0117,16,0.6747,0.1114,0,0.0224,0.0825,0.1707,1,0,0,2
U0107,C0142,16,0.3203,0.334,0,0.3655,0.3272,0.7983,1,0,0,5
U0107,C0028,16,0.1649,0.0718,0,0.3255,0.3258,0.4928,0,0,1,2
U0107,C0037,16,0.7468,0.151,0,0.5885,0.8288,0.9402,0,1,0,2
U0107,C0094,16,0.9442,0.3695,0,0.4751,0.4894,0.5992,0,1,0,2
U0107,C0101,16,0.4128,0.9619,0,0.4391,0.1313,0.5076,1,0,0,2
U0107,C0018,16,0.0864,0.1268,0,0.1823,0.3987,0.4737,0,0,1,2
U0107,C0002,16,0.3843,0.2677,0,0.3844,0.2499,0.5168,0,1,0,1
U0107,C0114,16,0.3871,0.429,0,0.6345,0.4008,0.626,0,0,1,1
U0107,C0133,16,0.6535,0.4763,0,0.2197,0.4224,0.8201,1,0,0,2
U0108,C0127,16,0.7189,0.2594,0,0.0894,0.2251,0.7216,1,0,0,5
U0108,C0149,16,0.3944,0.2435,0,0.5411,0.0374,0.3754,0,1,0,5
U0108,C0020,16,0.1101,0.4859,0,0.3514,0.3371,0.8419,1,0,0,5
U0108,C0075,16,0.5877,0.1991,0,0.1449,0.173,0.6698,0,0,1,5
U0108,C0119,16,0.3726,0.4654,1,0.2205,0.3384,0.1854,1,0,0,5
U0108,C0107,16,0.3615,0.2924,0,0.3318,0.1496,0.5082,1,0,0,5
U0108,C0100,16,0.3674,0.1949,0,0.3463,0.18,0.6218,0,1,0,5
U0108,C0112,16,0.3183,0.2729,0,0.6128,0.227,0.9582,0,1,0,2
U0108,C0031,16,0.174,0.2853,0,0.3153,0.4029,0.7732,0,0,1,2
U0108,C0039,16,0.14,0.1786,0,0.4162,0.5551,0.7068,0,1,0,2
U0108,C0116,16,0.05,0.0524,0,0.3269,0.2855,0.6783,0,1,0,2
U0108,C0069,16,0.6217,0.3121,0,0.2052,0.6311,0.621,1,0,0,1
U0108,C0096,16,0.3665,0.6239,0,0.0227,0.0278,0.8292,0,0,1,1
U0108,C0121,16,0.2816,0.1635,0,0.1379,0.1556,0.7324,1,0,0,1
U0108,C0138,16,0.3303,0.669,0,0.5192,0.3613,0.7221,0,1,0,2
U0108,C0035,16,0.7509,0.403,0,0.1816,0.3439,0.844,0,0,1,1
U0109,C0009,16,0.4701,0.2179,0,0.5793,0.095,0.5154,0,0,1,5
U0109,C0066,16,0.7817,0.4503,0,0.5309,0.1527,0.7597,0,0,1,5
U0109,C0135,16,0.6113,0.2445,0,0.4356,0.3704,0.2127,0,1,0,5
U0109,C0061,16,0.5475,0.1588,0,0.2856,0.3106,0.4733,0,1,0,5
U0109,C0040,16,0.673,0.2434,0,0.408,0.4465,0.1051,0,1,0,5
U0109,C0087,16,0.05,0.9689,0,0.2973,0.5346,0.1991,1,0,0,5
U0109,C0098,16,0.6118,0.3511,0,0.6351,0.0448,0.2837,0,1,0,5
U0109,C0149,16,0.8851,0.551,0,0.5411,0.0374,0.3754,0,1,0,2
U0109,C0056,16,0.2567,0.3202,0,0.5135,0.1568,0.3781,0,0,1,2
U0109,C0145,16,0.4969,0.6105,1,0.2817,0.2066,0.4919,0,0,1,2
U0109,C0034,16,0.5887,0.0803,0,0.4504,0.0773,0.9705,0,1,0,2
U0109,C0005,16,0.4394,0.4407,1,0.3696,0.2129,0.8414,0,0,1,2
U0109,C0065,16,0.356,0.3823,0,0.1786,0.2128,0.6745,0,1,0,1
U0109,C0046,16,0.0785,0.2152,0,0.2768,0.1672,0.9025,0,0,1,1
U0109,C0049,16,0.6946,0.2342,0,0.6034,0.4181,0.1123,1,0,0,1
U0109,C0011,16,0.5352,0.593,0,0.1781,0.0681,0.808,0,1,0,2
U0110,C0016,18,0.1036,0.2574,0,0.065,0.2654,0.5176,0,1,0,5
U0110,C0111,18,0.685,0.3821,0,0.2173,0.1798,0.6751,0,1,0,5
U0110,C0060,18,0.2969,0.1898,0,0.2468,0.252,0.9446,1,0,0,5
U0110,C0033,18,0.8167,0.8055,1,0.5872,0.251,0.7362,1,0,0,5
U0110,C0124,18,0.6508,0.3339,0,0.1069,0.5369,0.9241,1,0,0,5
U0110,C0058,18,0.7163,0.2713,0,0.2961,0.1857,0.5605,0,1,0,5
U0110,C0015,18,0.4114,0.3876,0,0.197,0.2352,0.2955,0,0,1,2
U0110,C0057,18,0.1644,0.1546,0,0.3163,0.1677,0.2194,1,0,0,2
U0110,C0092,18,0.7659,0.05,0,0.2617,0.3656,0.9768,0,0,1,5
U0110,C0047,18,0.5865,0.1469,0,0.2469,0.1057,0.8643,1,0,0,2
U0110,C0113,18,0.8671,0.8654,0,0.4553,0.1208,0.8935,1,0,0,2
U0110,C0004,18,0.0896,0.05,0,0.2286,0.3073,0.6892,0,0,1,1
U0110,C0022,18,0.7937,0.2681,0,0.3178,0.2738,0.8723,0,0,1,1
U0110,C0077,18,0.3502,0.2183,0,0.3769,0.0663,0.4988,0,1,0,1
U0110,C0019,18,0.3001,0.05,0,0.5338,0.307,0.8996,0,0,1,1
U0110,C0018,18,0.2678,0.421,0,0.1823,0.3987,0.4737,0,0,1,1
U0110,C0093,18,0.249,0.2469,0,0.1232,0.4355,0.1628,1,0,0,1
U0110,C0067,18,0.1627,0.05,0,0.4035,0.1466,0.7085,0,0,1,2
U0111,C0087,18,0.4307,0.2612,0,0.2973,0.5346,0.1991,1,0,0,5
U0111,C0054,18,0.2796,0.1994,0,0.2075,0.1691,0.9249,0,0,1,5
U0111,C0135,18,0.4128,0.0823,0,0.4356,0.3704,0.2127,0,1,0,5
U0111,C0032,18,0.3521,0.3106,0,0.3971,0.3099,0.8314,1,0,0,5
U0111,C0080,18,0.5292,0.2901,0,0.4314,0.1509,0.5151,0,0,1,5
U0111,C0049,18,0.5916,0.327,0,0.6034,0.4181,0.1123,1,0,0,5
U0111,C0142,18,0.275,0.2532,0,0.3655,0.3272,0.7983,1,0,0,2
U0111,C0021,18,0.1657,0.2739,0,0.3635,0.5089,0.667,0,0,1,5
U0111,C0031,18,0.9435,0.1606,0,0.3153,0.4029,0.7732,0,0,1,2
U0111,C0048,18,0.3668,0.278,0,0.261,0.7379,0.4654,0,0,1,2
U0111,C0055,18,0.7249,0.1258,1,0.6798,0.4857,0.7355,1,0,0,2
U0111,C0084,18,0.3688,0.0784,0,0.144,0.2945,0.8495,0,1,0,2
U0111,C0022,18,0.3785,0.3999,0,0.3178,0.2738,0.8723,0,0,1,1
U0111,C0018,18,0.3447,0.4339,0,0.1823,0.3987,0.4737,0,0,1,1
U0111,C0020,18,0.3147,0.5534,0,0.3514,0.3371,0.8419,1,0,0,1
U0111,C0057,18,0.139,0.4644,0,0.3163,0.1677,0.2194,1,0,0,1
U0111,C0038,18,0.2264,0.2877,0,0.1376,0.2429,0.8212,1,0,0,1
U0111,C0102,18,0.5701,0.7693,0,0.2618,0.4192,0.9539,0,0,1,2
U0112,C0027,21,0.3253,0.2549,0,0.1749,0.1883,0.7626,0,1,0,2
U0112,C0055,21,0.221,0.1773,0,0.6798,0.4857,0.7355,1,0,0,5
U0112,C0051,21,0.0661,0.2807,0,0.158,0.2724,0.381,0,1,0,5
U0112,C0062,21,0.0508,0.2769,0,0.2459,0.3905,0.4621,1,0,0,5
U0112,C0012,21,0.2285,0.2509,0,0.2139,0.412,0.7963,1,0,0,2
U0112,C0064,21,0.3621,0.4441,1,0.402,0.3089,0.1624,1,0,0,5
U0112,C0041,21,0.333,0.179,0,0.5116,0.567,0.5192,0,0,1,5
U0112,C0098,21,0.8121,0.8129,0,0.6351,0.0448,0.2837,0,1,0,5
U0112,C0050,21,0.1521,0.4239,1,0.1149,0.3756,0.1722,1,0,0,2
U0112,C0137,21,0.1473,0.0715,0,0.1397,0.2365,0.2946,0,1,0,5
U0112,C0053,21,0.2376,0.3098,0,0.1426,0.0445,0.1154,0,0,1,2
U0112,C0076,21,0.1835,0.4701,1,0.3624,0.3919,0.5224,0,1,0,2
U0112,C0042,21,0.3008,0.5731,0,0.0906,0.4937,0.614,1,0,0,2
U0112,C0149,21,0.5664,0.4126,0,0.5411,0.0374,0.3754,0,1,0,1
U0112,C0075,21,0.7098,0.1472,0,0.1449,0.173,0.6698,0,0,1,1
U0112,C0015,21,0.2721,0.2495,0,0.197,0.2352,0.2955,0,0,1,1
U0112,C0150,21,0.1563,0.7213,0,0.5086,0.0134,0.5967,0,1,0,1
U0112,C0019,21,0.5718,0.3363,0,0.5338,0.307,0.8996,0,0,1,1
U0112,C0139,21,0.8672,0.1333,0,0.3969,0.2107,0.6427,0,0,1,1
U0112,C0021,21,0.1649,0.3801,0,0.3635,0.5089,0.667,0,0,1,2
U0112,C0007,21,0.4407,0.6026,0,0.2653,0.2633,0.7991,0,0,1,1
U0113,C0066,18,0.2897,0.7181,1,0.5309,0.1527,0.7597,0,0,1,2
U0113,C0058,18,0.7323,0.3645,0,0.2961,0.1857,0.5605,0,1,0,5
U0113,C0135,18,0.1734,0.7797,0,0.4356,0.3704,0.2127,0,1,0,5
U0113,C0030,18,0.95,0.05,0,0.0434,0.0563,0.1849,1,0,0,5
U0113,C0070,18,0.2504,0.3755,1,0.5536,0.18,0.6125,0,0,1,5
U0113,C0016,18,0.4698,0.21,0,0.065,0.2654,0.5176,0,1,0,5
U0113,C0068,18,0.2574,0.0665,1,0.046,0.0367,0.2246,1,0,0,5
U0113,C0124,18,0.9051,0.3568,0,0.1069,0.5369,0.9241,1,0,0,2
U0113,C0029,18,0.1134,0.0897,1,0.2135,0.1634,0.7001,0,1,0,5
U0113,C0088,18,0.7945,0.2968,0,0.5048,0.7336,0.9325,0,1,0,2
U0113,C0118,18,0.0927,0.4783,0,0.1071,0.322,0.7665,1,0,0,1
U0113,C0034,18,0.3799,0.1217,1,0.4504,0.0773,0.9705,0,1,0,1
U0113,C0040,18,0.2922,0.9131,0,0.408,0.4465,0.1051,0,1,0,1
U0113,C0136,18,0.5751,0.4937,0,0.7682,0.1707,0.2805,1,0,0,2
U0113,C0093,18,0.6831,0.1139,0,0.1232,0.4355,0.1628,1,0,0,2
U0113,C0109,18,0.2127,0.2189,0,0.362,0.3634,0.7171,0,0,1,2
U0113,C0116,18,0.5316,0.05,0,0.3269,0.2855,0.6783,0,1,0,2
U0113,C0106,18,0.3274,0.7602,0,0.33,0.3127,0.2543,0,1,0,1
U0114,C0116,19,0.1489,0.328,0,0.3269,0.2855,0.6783,0,1,0,2
U0114,C0019,19,0.6007,0.7595,1,0.5338,0.307,0.8996,0,0,1,5
U0114,C0111,19,0.3111,0.3444,1,0.2173,0.1798,0.6751,0,1,0,5
U0114,C0112,19,0.412,0.05,0,0.6128,0.227,0.9582,0,1,0,5
U0114,C0038,19,0.5156,0.3162,0,0.1376,0.2429,0.8212,1,0,0,5
U0114,C0063,19,0.386,0.4473,0,0.3814,0.1207,0.4515,0,1,0,5
U0114,C0083,19,0.5609,0.7768,0,0.2692,0.0207,0.9543,0,0,1,5
U0114,C0124,19,0.2245,0.05,0,0.1069,0.5369,0.9241,1,0,0,2
U0114,C0032,19,0.1409,0.2105,0,0.3971,0.3099,0.8314,1,0,0,5
U0114,C0069,19,0.1245,0.8892,0,0.2052,0.6311,0.621,1,0,0,2
U0114,C0080,19,0.153,0.0805,0,0.4314,0.1509,0.5151,0,0,1,2
U0114,C0031,19,0.782,0.2862,0,0.3153,0.4029,0.7732,0,0,1,2
U0114,C0105,19,0.2856,0.5976,0,0.3057,0.588,0.1225,0,1,0,1
U0114,C0072,19,0.2488,0.4185,0,0.0127,0.1046,0.4412,0,1,0,1
U0114,C0043,19,0.5066,0.2331,0,0.4568,0.0377,0.3736,0,1,0,1
U0114,C0075,19,0.5515,0.3084,0,0.1449,0.173,0.6698,0,0,1,1
U0114,C0091,19,0.7096,0.6175,0,0.4545,0.5855,0.6798,0,0,1,1
U0114,C0074,19,0.4855,0.121,0,0.1902,0.3126,0.6567,1,0,0,1
U0114,C0070,19,0.4986,0.3356,0,0.5536,0.18,0.6125,0,0,1,2
U0115,C0122,16,0.5292,0.1245,0,0.0737,0.1789,0.1599,0,1,0,5
U0115,C0102,16,0.5611,0.5343,0,0.2618,0.4192,0.9539,0,0,1,5
U0115,C0025,16,0.668,0.0969,1,0.2146,0.2956,0.281,0,0,1,5
U0115,C0088,16,0.9036,0.1452,0,0.5048,0.7336,0.9325,0,1,0,5
U0115,C0033,16,0.9349,0.2804,0,0.5872,0.251,0.7362,1,0,0,5
U0115,C0082,16,0.4223,0.1595,0,0.3825,0.2499,0.5536,0,1,0,5
U0115,C0031,16,0.2537,0.1513,0,0.3153,0.4029,0.7732,0,0,1,2
U0115,C0117,16,0.2606,0.98,1,0.0224,0.0825,0.1707,1,0,0,5
U0115,C0006,16,0.3907,0.3211,0,0.2425,0.0563,0.1568,1,0,0,2
U0115,C0019,16,0.5362,0.3798,0,0.5338,0.307,0.8996,0,0,1,2
U0115,C0149,16,0.7986,0.2603,0,0.5411,0.0374,0.3754,0,1,0,2
U0115,C0075,16,0.3992,0.8661,1,0.1449,0.173,0.6698,0,0,1,2
U0115,C0001,16,0.275,0.384,0,0.3659,0.2368,0.8433,0,0,1,2
U0115,C0007,16,0.7071,0.3969,0,0.2653,0.2633,0.7991,0,0,1,2
U0115,C0094,16,0.2225,0.4986,0,0.4751,0.4894,0.5992,0,1,0,1
U0115,C0109,16,0.565,0.4295,0,0.362,0.3634,0.7171,0,0,1,1
U0116,C0099,18,0.1742,0.3653,1,0.4917,0.4187,0.1381,0,1,0,5
U0116,C0148,18,0.959,0.2323,0,0.1613,0.3539,0.9027,0,1,0,5
U0116,C0070,18,0.9178,0.6467,0,0.5536,0.18,0.6125,0,0,1,5
U0116,C0056,18,0.3074,0.3006,0,0.5135,0.1568,0.3781,0,0,1,5
U0116,C0028,18,0.3212,0.418,1,0.3255,0.3258,0.4928,0,0,1,5
U0116,C0016,18,0.1346,0.2352,0,0.065,0.2654,0.5176,0,1,0,5
U0116,C0128,18,0.4953,0.3423,0,0.3936,0.1843,0.6371,0,1,0,5
U0116,C0014,18,0.3522,0.2659,0,0.2162,0.1109,0.2355,0,1,0,2
U0116,C0150,18,0.1803,0.1127,0,0.5086,0.0134,0.5967,0,1,0,2
U0116,C0129,18,0.3043,0.2449,1,0.4607,0.3731,0.5514,0,1,0,2
U0116,C0100,18,0.7254,0.5954,0,0.3463,0.18,0.6218,0,1,0,2
U0116,C0011,18,0.9501,0.2529,0,0.1781,0.0681,0.808,0,1,0,2
U0116,C0124,18,0.1105,0.6441,1,0.1069,0.5369,0.9241,1,0,0,2
U0116,C0149,18,0.5895,0.4563,0,0.5411,0.0374,0.3754,0,1,0,1
U0116,C0091,18,0.5128,0.1375,0,0.4545,0.5855,0.6798,0,0,1,1
U0116,C0097,18,0.1575,0.6937,1,0.2215,0.1013,0.4724,1,0,0,1
U0116,C0026,18,0.3055,0.1919,0,0.329,0.3563,0.5628,0,0,1,1
U0116,C0143,18,0.9266,0.7587,0,0.0952,0.5785,0.2151,0,0,1,2
U0117,C0078,21,0.6832,0.1909,1,0.245,0.2838,0.5447,1,0,0,2
U0117,C0001,21,0.4669,0.4327,0,0.3659,0.2368,0.8433,0,0,1,2
U0117,C0066,21,0.8671,0.3554,0,0.5309,0.1527,0.7597,0,0,1,5
U0117,C0141,21,0.2361,0.5498,0,0.4364,0.2668,0.9467,1,0,0,5
U0117,C0131,21,0.9247,0.3025,1,0.5277,0.3804,0.7151,0,1,0,5
U0117,C0105,21,0.1692,0.2333,0,0.3057,0.588,0.1225,0,1,0,5
U0117,C0123,21,0.8887,0.2138,0,0.2637,0.0474,0.3077,0,1,0,5
U0117,C0133,21,0.7674,0.2142,1,0.2197,0.4224,0.8201,1,0,0,5
U0117,C0020,21,0.5204,0.8968,0,0.3514,0.3371,0.8419,1,0,0,5
U0117,C0030,21,0.4862,0.3517,1,0.0434,0.0563,0.1849,1,0,0,2
U0117,C0087,21,0.5853,0.324,0,0.2973,0.5346,0.1991,1,0,0,1
U0117,C0148,21,0.7024,0.9011,0,0.1613,0.3539,0.9027,0,1,0,2
U0117,C0019,21,0.3334,0.4548,0,0.5338,0.307,0.8996,0,0,1,2
U0117,C0025,21,0.3947,0.3788,0,0.2146,0.2956,0.281,0,0,1,2
U0117,C0111,21,0.8851,0.1174,0,0.2173,0.1798,0.6751,0,1,0,1
U0117,C0079,21,0.0931,0.1869,0,0.3678,0.218,0.8749,0,1,0,1
U0117,C0009,21,0.3225,0.0539,0,0.5793,0.095,0.5154,0,0,1,1
U0117,C0052,21,0.789,0.249,0,0.2264,0.1546,0.1142,0,1,0,1
U0117,C0099,21,0.2805,0.3784,0,0.4917,0.4187,0.1381,0,1,0,1
U0117,C0074,21,0.1021,0.6292,0,0.1902,0.3126,0.6567,1,0,0,1
U0117,C0098,21,0.4089,0.4015,0,0.6351,0.0448,0.2837,0,1,0,2
U0118,C0050,21,0.2447,0.5249,0,0.1149,0.3756,0.1722,1,0,0,2
U0118,C0093,21,0.9268,0.5857,0,0.1232,0.4355,0.1628,1,0,0,5
U0118,C0054,21,0.9375,0.8319,0,0.2075,0.1691,0.9249,0,0,1,5
U0118,C0085,21,0.5738,0.4334,0,0.7087,0.1505,0.4262,0,0,1,5
U0118,C0045,21,0.236,0.3261,1,0.1719,0.2712,0.965,1,0,0,2
U0118,C0081,21,0.633,0.2143,0,0.4999,0.1906,0.9459,0,0,1,5
U0118,C0145,21,0.7928,0.7671,0,0.2817,0.2066,0.4919,0,0,1,5
U0118,C0014,21,0.931,0.2237,0,0.2162,0.1109,0.2355,0,1,0,5
U0118,C0016,21,0.9245,0.4892,0,0.065,0.2654,0.5176,0,1,0,5
U0118,C0005,21,0.4704,0.2759,0,0.3696,0.2129,0.8414,0,0,1,2
U0118,C0071,21,0.2388,0.3782,0,0.0339,0.1683,0.8816,0,0,1,1
U0118,C0091,21,0.6166,0.6171,0,0.4545,0.5855,0.6798,0,0,1,2
U0118,C0108,21,0.7225,0.169,0,0.2017,0.1291,0.5094,0,0,1,1
U0118,C0077,21,0.2879,0.8758,0,0.3769,0.0663,0.4988,0,1,0,1
U0118,C0095,21,0.1258,0.158,0,0.2951,0.2241,0.773,1,0,0,1
U0118,C0037,21,0.0799,0.7364,0,0.5885,0.8288,0.9402,0,1,0,1
U0118,C0033,21,0.2832,0.405,0,0.5872,0.251,0.7362,1,0,0,1
U0118,C0049,21,0.7588,0.3025,1,0.6034,0.4181,0.1123,1,0,0,1
U0118,C0112,21,0.8224,0.3197,1,0.6128,0.227,0.9582,0,1,0,2
U0118,C0130,21,0.6504,0.05,0,0.1453,0.2084,0.9786,0,0,1,2
U0118,C0102,21,0.2883,0.2067,1,0.2618,0.4192,0.9539,0,0,1,2
U0119,C0130,18,0.4329,0.8503,0,0.1453,0.2084,0.9786,0,0,1,2
U0119,C0110,18,0.9539,0.05,0,0.2999,0.3518,0.9192,0,0,1,5
U0119,C0041,18,0.9526,0.8052,0,0.5116,0.567,0.5192,0,0,1,5
U0119,C0149,18,0.7877,0.3992,0,0.5411,0.0374,0.3754,0,1,0,5
U0119,C0072,18,0.2154,0.2374,0,0.0127,0.1046,0.4412,0,1,0,5
U0119,C0096,18,0.4432,0.4775,0,0.0227,0.0278,0.8292,0,0,1,5
U0119,C0141,18,0.1983,0.1965,0,0.4364,0.2668,0.9467,1,0,0,5
U0119,C0075,18,0.1839,0.3367,0,0.1449,0.173,0.6698,0,0,1,5
U0119,C0019,18,0.8369,0.4124,0,0.5338,0.307,0.8996,0,0,1,2
U0119,C0027,18,0.7053,0.2036,0,0.1749,0.1883,0.7626,0,1,0,2
U0119,C0028,18,0.093,0.2764,0,0.3255,0.3258,0.4928,0,0,1,2
U0119,C0063,18,0.5744,0.2819,0,0.3814,0.1207,0.4515,0,1,0,2
U0119,C0070,18,0.19,0.7017,0,0.5536,0.18,0.6125,0,0,1,2
U0119,C0095,18,0.1126,0.5153,0,0.2951,0.2241,0.773,1,0,0,2
U0119,C0012,18,0.05,0.05,0,0.2139,0.412,0.7963,1,0,0,1
U0119,C0106,18,0.3189,0.3179,0,0.33,0.3127,0.2543,0,1,0,1
U0119,C0042,18,0.0833,0.2908,0,0.0906,0.4937,0.614,1,0,0,1
U0119,C0144,18,0.6022,0.4727,0,0.3825,0.0875,0.4128,0,0,1,1
U0120,C0101,20,0.5858,0.4209,0,0.4391,0.1313,0.5076,1,0,0,2
U0120,C0033,20,0.4864,0.3779,0,0.5872,0.251,0.7362,1,0,0,5
U0120,C0130,20,0.5417,0.2536,0,0.1453,0.2084,0.9786,0,0,1,5
U0120,C0105,20,0.4799,0.6872,1,0.3057,0.588,0.1225,0,1,0,5
U0120,C0013,20,0.2914,0.3323,0,0.3808,0.151,0.7731,1,0,0,5
U0120,C0020,20,0.8287,0.0933,0,0.3514,0.3371,0.8419,1,0,0,5
U0120,C0082,20,0.1361,0.5578,1,0.3825,0.2499,0.5536,0,1,0,5
U0120,C0075,20,0.6688,0.1565,0,0.1449,0.173,0.6698,0,0,1,2
U0120,C0064,20,0.3704,0.2089,0,0.402,0.3089,0.1624,1,0,0,5
U0120,C0060,20,0.5249,0.3546,0,0.2468,0.252,0.9446,1,0,0,2
U0120,C0002,20,0.5571,0.3343,0,0.3844,0.2499,0.5168,0,1,0,1
U0120,C0010,20,0.2104,0.9393,0,0.4611,0.2742,0.985,1,0,0,2
U0120,C0113,20,0.5455,0.2576,0,0.4553,0.1208,0.8935,1,0,0,2
U0120,C0066,20,0.5131,0.2883,0,0.5309,0.1527,0.7597,0,0,1,1
U0120,C0140,20,0.6435,0.2767,0,0.197,0.2235,0.6571,0,1,0,1
U0120,C0076,20,0.457,0.3072,0,0.3624,0.3919,0.5224,0,1,0,1
U0120,C0040,20,0.8211,0.0776,0,0.408,0.4465,0.1051,0,1,0,1
U0120,C0078,20,0.6288,0.3435,0,0.245,0.2838,0.5447,1,0,0,1
U0120,C0031,20,0.8544,0.3038,0,0.3153,0.4029,0.7732,0,0,1,1
U0120,C0137,20,0.3472,0.05,1,0.1397,0.2365,0.2946,0,1,0,2
U0121,C0023,18,0.8821,0.1469,1,0.1731,0.0376,0.8054,1,0,0,5
U0121,C0001,18,0.9465,0.3047,0,0.3659,0.2368,0.8433,0,0,1,5
U0121,C0077,18,0.4769,0.0851,1,0.3769,0.0663,0.4988,0,1,0,5
U0121,C0134,18,0.3234,0.18,0,0.2475,0.1161,0.8961,0,1,0,2
U0121,C0140,18,0.7379,0.381,0,0.197,0.2235,0.6571,0,1,0,5
U0121,C0078,18,0.8923,0.9615,0,0.245,0.2838,0.5447,1,0,0,5
U0121,C0147,18,0.2308,0.8023,0,0.4412,0.0156,0.7024,0,0,1,5
U0121,C0055,18,0.1728,0.4827,0,0.6798,0.4857,0.7355,1,0,0,5
U0121,C0098,18,0.6277,0.7084,0,0.6351,0.0448,0.2837,0,1,0,2
U0121,C0053,18,0.052,0.1293,1,0.1426,0.0445,0.1154,0,0,1,1
U0121,C0016,18,0.3679,0.3209,0,0.065,0.2654,0.5176,0,1,0,2
U0121,C0048,18,0.4519,0.05,1,0.261,0.7379,0.4654,0,0,1,2
U0121,C0042,18,0.7811,0.05,0,0.0906,0.4937,0.614,1,0,0,2
U0121,C0033,18,0.2047,0.4863,0,0.5872,0.251,0.7362,1,0,0,2
U0121,C0062,18,0.1356,0.2162,0,0.2459,0.3905,0.4621,1,0,0,1
U0121,C0126,18,0.0788,0.5906,1,0.1993,0.2585,0.3217,1,0,0,1
U0121,C0007,18,0.4472,0.5823,0,0.2653,0.2633,0.7991,0,0,1,1
U0121,C0090,18,0.1458,0.05,0,0.3228,0.0591,0.149,1,0,0,2
U0122,C0058,16,0.6728,0.3537,0,0.2961,0.1857,0.5605,0,1,0,5
U0122,C0066,16,0.7399,0.3182,0,0.5309,0.1527,0.7597,0,0,1,5
U0122,C0052,16,0.6058,0.3284,0,0.2264,0.1546,0.1142,0,1,0,5
U0122,C0020,16,0.4449,0.2515,0,0.3514,0.3371,0.8419,1,0,0,5
U0122,C0010,16,0.1029,0.2338,0,0.4611,0.2742,0.985,1,0,0,5
U0122,C0064,16,0.6024,0.289,1,0.402,0.3089,0.1624,1,0,0,5
U0122,C0075,16,0.787,0.2337,0,0.1449,0.173,0.6698,0,0,1,2
U0122,C0013,16,0.05,0.4445,1,0.3808,0.151,0.7731,1,0,0,5
U0122,C0093,16,0.0918,0.5813,0,0.1232,0.4355,0.1628,1,0,0,2
U0122,C0109,16,0.6038,0.1691,0,0.362,0.3634,0.7171,0,0,1,2
U0122,C0118,16,0.7141,0.2399,0,0.1071,0.322,0.7665,1,0,0,1
U0122,C0067,16,0.5113,0.1948,0,0.4035,0.1466,0.7085,0,0,1,1
U0122,C0009,16,0.064,0.8881,0,0.5793,0.095,0.5154,0,0,1,1
U0122,C0053,16,0.2773,0.2275,0,0.1426,0.0445,0.1154,0,0,1,1
U0122,C0034,16,0.063,0.1795,0,0.4504,0.0773,0.9705,0,1,0,1
U0122,C0134,16,0.925,0.2307,0,0.2475,0.1161,0.8961,0,1,0,2
U0123,C0044,16,0.6744,0.3553,1,0.1681,0.234,0.3863,0,1,0,5
U0123,C0114,16,0.2296,0.5159,0,0.6345,0.4008,0.626,0,0,1,5
U0123,C0093,16,0.4389,0.1269,1,0.1232,0.4355,0.1628,1,0,0,5
U0123,C0056,16,0.084,0.3659,1,0.5135,0.1568,0.3781,0,0,1,5
U0123,C0085,16,0.7301,0.5474,1,0.7087,0.1505,0.4262,0,0,1,5
U0123,C0046,16,0.4289,0.6796,0,0.2768,0.1672,0.9025,0,0,1,5
U0123,C0107,16,0.5538,0.2237,0,0.3318,0.1496,0.5082,1,0,0,5
U0123,C0065,16,0.1907,0.1821,0,0.1786,0.2128,0.6745,0,1,0,2
U0123,C0026,16,0.7013,0.2806,0,0.329,0.3563,0.5628,0,0,1,2
U0123,C0004,16,0.2054,0.4737,0,0.2286,0.3073,0.6892,0,0,1,2
U0123,C0061,16,0.4573,0.2196,0,0.2856,0.3106,0.4733,0,1,0,2
U0123,C0110,16,0.6425,0.2736,0,0.2999,0.3518,0.9192,0,0,1,2
U0123,C0012,16,0.6593,0.136,0,0.2139,0.412,0.7963,1,0,0,2
U0123,C0003,16,0.5755,0.3597,0,0.1995,0.3083,0.3506,1,0,0,1
U0123,C0141,16,0.9667,0.2168,0,0.4364,0.2668,0.9467,1,0,0,1
U0123,C0027,16,0.949,0.2992,0,0.1749,0.1883,0.7626,0,1,0,2
U0124,C0087,17,0.1053,0.1524,0,0.2973,0.5346,0.1991,1,0,0,5
U0124,C0049,17,0.7689,0.3224,0,0.6034,0.4181,0.1123,1,0,0,5
U0124,C0037,17,0.3609,0.2761,0,0.5885,0.8288,0.9402,0,1,0,5
U0124,C0017,17,0.3419,0.2948,0,0.3559,0.4084,0.3376,0,0,1,5
U0124,C0136,17,0.6355,0.634,0,0.7682,0.1707,0.2805,1,0,0,5
U0124,C0053,17,0.3537,0.05,0,0.1426,0.0445,0.1154,0,0,1,2
U0124,C0075,17,0.2649,0.7701,0,0.1449,0.173,0.6698,0,0,1,5
U0124,C0040,17,0.2135,0.2135,0,0.408,0.4465,0.1051,0,1,0,2
U0124,C0129,17,0.2008,0.3034,0,0.4607,0.3731,0.5514,0,1,0,5
U0124,C0041,17,0.3332,0.05,0,0.5116,0.567,0.5192,0,0,1,2
U0124,C0080,17,0.6974,0.05,0,0.4314,0.1509,0.5151,0,0,1,2
U0124,C0140,17,0.6321,0.2201,0,0.197,0.2235,0.6571,0,1,0,2
U0124,C0003,17,0.1311,0.162,0,0.1995,0.3083,0.3506,1,0,0,2
U0124,C0102,17,0.7586,0.1676,0,0.2618,0.4192,0.9539,0,0,1,2
U0124,C0021,17,0.6148,0.4405,0,0.3635,0.5089,0.667,0,0,1,1
U0124,C0066,17,0.7052,0.2906,0,0.5309,0.1527,0.7597,0,0,1,1
U0124,C0058,17,0.1038,0.9291,0,0.2961,0.1857,0.5605,0,1,0,1
U0125,C0074,18,0.05,0.6852,0,0.1902,0.3126,0.6567,1,0,0,5
U0125,C0108,18,0.5545,0.7363,0,0.2017,0.1291,0.5094,0,0,1,5
U0125,C0055,18,0.8927,0.9621,1,0.6798,0.4857,0.7355,1,0,0,5
U0125,C0045,18,0.0709,0.326,0,0.1719,0.2712,0.965,1,0,0,5
U0125,C0129,18,0.8913,0.4255,0,0.4607,0.3731,0.5514,0,1,0,5
U0125,C0088,18,0.8544,0.3049,0,0.5048,0.7336,0.9325,0,1,0,5
U0125,C0097,18,0.5951,0.2207,0,0.2215,0.1013,0.4724,1,0,0,5
U0125,C0115,18,0.1097,0.3125,1,0.4254,0.6476,0.8504,0,0,1,2
U0125,C0073,18,0.2333,0.4184,0,0.5746,0.2968,0.4343,1,0,0,2
U0125,C0079,18,0.7028,0.3629,0,0.3678,0.218,0.8749,0,1,0,2
U0125,C0063,18,0.98,0.3784,0,0.3814,0.1207,0.4515,0,1,0,2
U0125,C0072,18,0.4033,0.05,0,0.0127,0.1046,0.4412,0,1,0,2
U0125,C0137,18,0.5581,0.754,0,0.1397,0.2365,0.2946,0,1,0,1
U0125,C0030,18,0.4994,0.2058,0,0.0434,0.0563,0.1849,1,0,0,1
U0125,C0068,18,0.753,0.05,1,0.046,0.0367,0.2246,1,0,0,1
U0125,C0102,18,0.7938,0.4437,0,0.2618,0.4192,0.9539,0,0,1,1
U0125,C0014,18,0.3015,0.05,0,0.2162,0.1109,0.2355,0,1,0,1
U0125,C0076,18,0.901,0.3658,0,0.3624,0.3919,0.5224,0,1,0,2
U0126,C0138,20,0.1584,0.3766,0,0.5192,0.3613,0.7221,0,1,0,2
U0126,C0015,20,0.648,0.05,1,0.197,0.2352,0.2955,0,0,1,2
U0126,C0129,20,0.1554,0.0872,0,0.4607,0.3731,0.5514,0,1,0,5
U0126,C0085,20,0.5068,0.3955,0,0.7087,0.1505,0.4262,0,0,1,5
U0126,C0016,20,0.8041,0.167,0,0.065,0.2654,0.5176,0,1,0,5
U0126,C0002,20,0.2533,0.9337,0,0.3844,0.2499,0.5168,0,1,0,5
U0126,C0121,20,0.3222,0.0812,0,0.1379,0.1556,0.7324,1,0,0,5
U0126,C0084,20,0.4328,0.4519,0,0.144,0.2945,0.8495,0,1,0,5
U0126,C0144,20,0.4316,0.8447,1,0.3825,0.0875,0.4128,0,0,1,5
U0126,C0128,20,0.0557,0.2699,0,0.3936,0.1843,0.6371,0,1,0,2
U0126,C0115,20,0.1201,0.6151,0,0.4254,0.6476,0.8504,0,0,1,1
U0126,C0098,20,0.536,0.3615,0,0.6351,0.0448,0.2837,0,1,0,2
U0126,C0063,20,0.1884,0.1766,0,0.3814,0.1207,0.4515,0,1,0,2
U0126,C0052,20,0.3882,0.4454,0,0.2264,0.1546,0.1142,0,1,0,1
U0126,C0014,20,0.1593,0.05,0,0.2162,0.1109,0.2355,0,1,0,1
U0126,C0010,20,0.9003,0.05,0,0.4611,0.2742,0.985,1,0,0,1
U0126,C0143,20,0.1317,0.5691,1,0.0952,0.5785,0.2151,0,0,1,1
U0126,C0054,20,0.1304,0.4922,0,0.2075,0.1691,0.9249,0,0,1,1
U0126,C0012,20,0.7202,0.1077,0,0.2139,0.412,0.7963,1,0,0,2
U0126,C0031,20,0.4098,0.7123,0,0.3153,0.4029,0.7732,0,0,1,1
U0127,C0096,20,0.2167,0.3984,0,0.0227,0.0278,0.8292,0,0,1,2
U0127,C0021,20,0.5878,0.0776,0,0.3635,0.5089,0.667,0,0,1,5
U0127,C0064,20,0.42,0.3644,0,0.402,0.3089,0.1624,1,0,0,5
U0127,C0013,20,0.2915,0.2827,0,0.3808,0.151,0.7731,1,0,0,5
U0127,C0020,20,0.1686,0.1235,1,0.3514,0.3371,0.8419,1,0,0,5
U0127,C0086,20,0.5628,0.1204,1,0.1612,0.0544,0.8773,0,0,1,5
U0127,C0002,20,0.5172,0.4839,0,0.3844,0.2499,0.5168,0,1,0,5
U0127,C0092,20,0.6785,0.8795,0,0.2617,0.3656,0.9768,0,0,1,5
U0127,C0083,20,0.6219,0.3188,1,0.2692,0.0207,0.9543,0,0,1,2
U0127,C0065,20,0.5441,0.3687,0,0.1786,0.2128,0.6745,0,1,0,2
U0127,C0081,20,0.2012,0.4258,0,0.4999,0.1906,0.9459,0,0,1,1
U0127,C0001,20,0.8232,0.5911,1,0.3659,0.2368,0.8433,0,0,1,2
U0127,C0094,20,0.6895,0.1513,0,0.4751,0.4894,0.5992,0,1,0,2
U0127,C0028,20,0.227,0.0885,0,0.3255,0.3258,0.4928,0,0,1,2
U0127,C0071,20,0.1787,0.4468,0,0.0339,0.1683,0.8816,0,0,1,1
U0127,C0026,20,0.5628,0.2787,0,0.329,0.3563,0.5628,0,0,1,1
U0127,C0036,20,0.3926,0.05,1,0.2348,0.2335,0.9128,1,0,0,1
U0127,C0087,20,0.1203,0.2848,1,0.2973,0.5346,0.1991,1,0,0,1
U0127,C0144,20,0.5349,0.7549,0,0.3825,0.0875,0.4128,0,0,1,1
U0127,C0141,20,0.2491,0.1257,0,0.4364,0.2668,0.9467,1,0,0,2
U0128,C0079,21,0.9453,0.5699,0,0.3678,0.218,0.8749,0,1,0,2
U0128,C0042,21,0.3012,0.2459,0,0.0906,0.4937,0.614,1,0,0,2
U0128,C0104,21,0.2937,0.8341,0,0.3407,0.4493,0.7169,1,0,0,5
U0128,C0011,21,0.7592,0.98,0,0.1781,0.0681,0.808,0,1,0,5
U0128,C0111,21,0.9691,0.4067,0,0.2173,0.1798,0.6751,0,1,0,5
U0128,C0064,21,0.8929,0.2521,0,0.402,0.3089,0.1624,1,0,0,5
U0128,C0116,21,0.2822,0.0571,0,0.3269,0.2855,0.6783,0,1,0,5
U0128,C0017,21,0.5099,0.2543,0,0.3559,0.4084,0.3376,0,0,1,2
U0128,C0032,21,0.5374,0.1137,0,0.3971,0.3099,0.8314,1,0,0,5
U0128,C0102,21,0.4148,0.2387,0,0.2618,0.4192,0.9539,0,0,1,2
U0128,C0027,21,0.8786,0.7052,0,0.1749,0.1883,0.7626,0,1,0,5
U0128,C0150,21,0.246,0.3776,0,0.5086,0.0134,0.5967,0,1,0,2
U0128,C0139,21,0.9356,0.4132,0,0.3969,0.2107,0.6427,0,0,1,2
U0128,C0135,21,0.3124,0.4622,0,0.4356,0.3704,0.2127,0,1,0,1
U0128,C0080,21,0.4641,0.05,0,0.4314,0.1509,0.5151,0,0,1,1
U0128,C0063,21,0.1755,0.4657,0,0.3814,0.1207,0.4515,0,1,0,1
U0128,C0077,21,0.1019,0.7961,0,0.3769,0.0663,0.4988,0,1,0,1
U0128,C0127,21,0.2109,0.193,0,0.0894,0.2251,0.7216,1,0,0,1
U0128,C0123,21,0.1572,0.7751,0,0.2637,0.0474,0.3077,0,1,0,1
U0128,C0085,21,0.5495,0.1951,0,0.7087,0.1505,0.4262,0,0,1,2
U0128,C0092,21,0.657,0.1025,0,0.2617,0.3656,0.9768,0,0,1,1
U0129,C0122,16,0.1873,0.2818,1,0.0737,0.1789,0.1599,0,1,0,5
U0129,C0033,16,0.1387,0.3542,1,0.5872,0.251,0.7362,1,0,0,5
U0129,C0097,16,0.5337,0.4633,0,0.2215,0.1013,0.4724,1,0,0,5
U0129,C0039,16,0.1873,0.7203,0,0.4162,0.5551,0.7068,0,1,0,5
U0129,C0093,16,0.5024,0.9672,0,0.1232,0.4355,0.1628,1,0,0,5
U0129,C0106,16,0.3162,0.3974,0,0.33,0.3127,0.2543,0,1,0,5
U0129,C0087,16,0.7922,0.9676,0,0.2973,0.5346,0.1991,1,0,0,5
U0129,C0084,16,0.6557,0.3244,0,0.144,0.2945,0.8495,0,1,0,2
U0129,C0064,16,0.4916,0.4458,0,0.402,0.3089,0.1624,1,0,0,2
U0129,C0038,16,0.3833,0.2018,0,0.1376,0.2429,0.8212,1,0,0,2
U0129,C0146,16,0.6135,0.2928,0,0.2666,0.2475,0.4564,0,0,1,2
U0129,C0053,16,0.9263,0.5216,0,0.1426,0.0445,0.1154,0,0,1,2
U0129,C0048,16,0.0807,0.6039,0,0.261,0.7379,0.4654,0,0,1,2
U0129,C0076,16,0.0872,0.3709,0,0.3624,0.3919,0.5224,0,1,0,1
U0129,C0016,16,0.6223,0.5827,0,0.065,0.2654,0.5176,0,1,0,1
U0129,C0019,16,0.5988,0.8859,0,0.5338,0.307,0.8996,0,0,1,2
U0130,C0066,20,0.3085,0.1178,0,0.5309,0.1527,0.7597,0,0,1,5
U0130,C0039,20,0.5158,0.05,0,0.4162,0.5551,0.7068,0,1,0,2
U0130,C0035,20,0.4772,0.355,0,0.1816,0.3439,0.844,0,0,1,5
U0130,C0006,20,0.1407,0.1892,1,0.2425,0.0563,0.1568,1,0,0,5
U0130,C0058,20,0.5154,0.3684,0,0.2961,0.1857,0.5605,0,1,0,2
U0130,C0084,20,0.4837,0.2362,1,0.144,0.2945,0.8495,0,1,0,5
U0130,C0143,20,0.1306,0.1082,0,0.0952,0.5785,0.2151,0,0,1,5
U0130,C0138,20,0.2376,0.98,0,0.5192,0.3613,0.7221,0,1,0,5
U0130,C0133,20,0.796,0.1489,1,0.2197,0.4224,0.8201,1,0,0,5
U0130,C0020,20,0.5849,0.411,0,0.3514,0.3371,0.8419,1,0,0,2
U0130,C0052,20,0.755,0.1843,0,0.2264,0.1546,0.1142,0,1,0,1
U0130,C0011,20,0.8877,0.392,0,0.1781,0.0681,0.808,0,1,0,2
U0130,C0141,20,0.8643,0.3587,0,0.4364,0.2668,0.9467,1,0,0,1
U0130,C0055,20,0.2327,0.1167,0,0.6798,0.4857,0.7355,1,0,0,1
U0130,C0009,20,0.1868,0.3863,0,0.5793,0.095,0.5154,0,0,1,1
U0130,C0014,20,0.2915,0.8592,0,0.2162,0.1109,0.2355,0,1,0,1
U0130,C0120,20,0.6858,0.372,0,0.7087,0.1727,0.6347,1,0,0,1
U0130,C0018,20,0.7504,0.1771,0,0.1823,0.3987,0.4737,0,0,1,2
U0130,C0142,20,0.8315,0.4042,1,0.3655,0.3272,0.7983,1,0,0,2
U0130,C0015,20,0.8062,0.2954,0,0.197,0.2352,0.2955,0,0,1,2
U0131,C0147,19,0.6245,0.05,0,0.4412,0.0156,0.7024,0,0,1,2
U0131,C0026,19,0.4271,0.4884,0,0.329,0.3563,0.5628,0,0,1,5
U0131,C0018,19,0.9177,0.3053,0,0.1823,0.3987,0.4737,0,0,1,5
U0131,C0142,19,0.05,0.5006,0,0.3655,0.3272,0.7983,1,0,0,5
U0131,C0014,19,0.417,0.1771,0,0.2162,0.1109,0.2355,0,1,0,5
U0131,C0117,19,0.6171,0.4229,0,0.0224,0.0825,0.1707,1,0,0,2
U0131,C0071,19,0.1181,0.1314,0,0.0339,0.1683,0.8816,0,0,1,2
U0131,C0092,19,0.7707,0.7552,0,0.2617,0.3656,0.9768,0,0,1,2
U0131,C0149,19,0.9581,0.3441,0,0.5411,0.0374,0.3754,0,1,0,2
U0131,C0034,19,0.4568,0.0705,1,0.4504,0.0773,0.9705,0,1,0,5
U0131,C0144,19,0.8065,0.764,0,0.3825,0.0875,0.4128,0,0,1,2
U0131,C0042,19,0.6301,0.4328,0,0.0906,0.4937,0.614,1,0,0,1
U0131,C0017,19,0.1885,0.2552,0,0.3559,0.4084,0.3376,0,0,1,1
U0131,C0099,19,0.7793,0.2556,0,0.4917,0.4187,0.1381,0,1,0,1
U0131,C0065,19,0.6725,0.2679,0,0.1786,0.2128,0.6745,0,1,0,1
U0131,C0116,19,0.1229,0.8044,0,0.3269,0.2855,0.6783,0,1,0,1
U0131,C0145,19,0.7141,0.3143,0,0.2817,0.2066,0.4919,0,0,1,1
U0131,C0079,19,0.925,0.206,0,0.3678,0.218,0.8749,0,1,0,1
U0131,C0050,19,0.6305,0.2545,0,0.1149,0.3756,0.1722,1,0,0,2
U0132,C0144,17,0.2939,0.1404,0,0.3825,0.0875,0.4128,0,0,1,5
U0132,C0066,17,0.1753,0.3794,0,0.5309,0.1527,0.7597,0,0,1,2
U0132,C0086,17,0.2769,0.6901,0,0.1612,0.0544,0.8773,0,0,1,5
U0132,C0080,17,0.6348,0.4732,0,0.4314,0.1509,0.5151,0,0,1,5
U0132,C0069,17,0.7519,0.3896,0,0.2052,0.6311,0.621,1,0,0,5
U0132,C0084,17,0.5821,0.5766,0,0.144,0.2945,0.8495,0,1,0,5
U0132,C0045,17,0.5227,0.0662,0,0.1719,0.2712,0.965,1,0,0,5
U0132,C0017,17,0.5789,0.05,0,0.3559,0.4084,0.3376,0,0,1,5
U0132,C0101,17,0.8876,0.4314,0,0.4391,0.1313,0.5076,1,0,0,2
U0132,C0109,17,0.3748,0.6135,0,0.362,0.3634,0.7171,0,0,1,2
U0132,C0082,17,0.7726,0.3196,0,0.3825,0.2499,0.5536,0,1,0,2
U0132,C0015,17,0.558,0.3815,0,0.197,0.2352,0.2955,0,0,1,2
U0132,C0113,17,0.4104,0.1971,0,0.4553,0.1208,0.8935,1,0,0,2
U0132,C0060,17,0.5828,0.5343,0,0.2468,0.252,0.9446,1,0,0,1
U0132,C0078,17,0.304,0.2798,0,0.245,0.2838,0.5447,1,0,0,1
U0132,C0146,17,0.8489,0.3992,1,0.2666,0.2475,0.4564,0,0,1,1
U0132,C0098,17,0.889,0.495,1,0.6351,0.0448,0.2837,0,1,0,2
U0133,C0069,17,0.4259,0.4772,0,0.2052,0.6311,0.621,1,0,0,5
U0133,C0064,17,0.2047,0.3663,0,0.402,0.3089,0.1624,1,0,0,5
U0133,C0091,17,0.097,0.8793,0,0.4545,0.5855,0.6798,0,0,1,5
U0133,C0007,17,0.98,0.3536,1,0.2653,0.2633,0.7991,0,0,1,5
U0133,C0017,17,0.2549,0.397,0,0.3559,0.4084,0.3376,0,0,1,5
U0133,C0054,17,0.2444,0.7886,0,0.2075,0.1691,0.9249,0,0,1,5
U0133,C0037,17,0.3791,0.7027,0,0.5885,0.8288,0.9402,0,1,0,5
U0133,C0015,17,0.1452,0.8212,0,0.197,0.2352,0.2955,0,0,1,2
U0133,C0013,17,0.7097,0.1266,0,0.3808,0.151,0.7731,1,0,0,1
U0133,C0071,17,0.2445,0.3852,0,0.0339,0.1683,0.8816,0,0,1,2
U0133,C0036,17,0.1107,0.2276,1,0.2348,0.2335,0.9128,1,0,0,1
U0133,C0137,17,0.2386,0.1565,0,0.1397,0.2365,0.2946,0,1,0,1
U0133,C0082,17,0.454,0.9493,0,0.3825,0.2499,0.5536,0,1,0,1
U0133,C0121,17,0.2534,0.5303,0,0.1379,0.1556,0.7324,1,0,0,1
U0133,C0135,17,0.8107,0.4869,0,0.4356,0.3704,0.2127,0,1,0,1
U0133,C0081,17,0.1843,0.0964,0,0.4999,0.1906,0.9459,0,0,1,1
U0133,C0008,17,0.6399,0.0525,0,0.0494,0.0915,0.8395,0,1,0,2
U0134,C0031,16,0.58,0.05,0,0.3153,0.4029,0.7732,0,0,1,5
U0134,C0032,16,0.9084,0.1018,0,0.3971,0.3099,0.8314,1,0,0,5
U0134,C0142,16,0.2575,0.2577,0,0.3655,0.3272,0.7983,1,0,0,5
U0134,C0024,16,0.4158,0.2289,0,0.5432,0.2853,0.4861,0,0,1,5
U0134,C0090,16,0.372,0.2395,1,0.3228,0.0591,0.149,1,0,0,5
U0134,C0127,16,0.1161,0.351,0,0.0894,0.2251,0.7216,1,0,0,5
U0134,C0116,16,0.4975,0.2099,0,0.3269,0.2855,0.6783,0,1,0,2
U0134,C0102,16,0.1302,0.05,0,0.2618,0.4192,0.9539,0,0,1,5
U0134,C0131,16,0.7989,0.2413,0,0.5277,0.3804,0.7151,0,1,0,2
U0134,C0149,16,0.6797,0.7083,0,0.5411,0.0374,0.3754,0,1,0,2
U0134,C0110,16,0.3372,0.0766,0,0.2999,0.3518,0.9192,0,0,1,1
U0134,C0083,16,0.2261,0.7302,0,0.2692,0.0207,0.9543,0,0,1,1
U0134,C0012,16,0.4104,0.6535,0,0.2139,0.412,0.7963,1,0,0,1
U0134,C0026,16,0.4463,0.8235,0,0.329,0.3563,0.5628,0,0,1,1
U0134,C0056,16,0.2925,0.2957,0,0.5135,0.1568,0.3781,0,0,1,1
U0134,C0123,16,0.4583,0.8903,0,0.2637,0.0474,0.3077,0,1,0,2
U0135,C0112,14,0.2062,0.2428,0,0.6128,0.227,0.9582,0,1,0,5
U0135,C0088,14,0.4533,0.1478,0,0.5048,0.7336,0.9325,0,1,0,5
U0135,C0118,14,0.5192,0.4546,0,0.1071,0.322,0.7665,1,0,0,5
U0135,C0139,14,0.7391,0.4713,0,0.3969,0.2107,0.6427,0,0,1,5
U0135,C0015,14,0.7897,0.2339,0,0.197,0.2352,0.2955,0,0,1,5
U0135,C0091,14,0.1655,0.4492,0,0.4545,0.5855,0.6798,0,0,1,5
U0135,C0027,14,0.3416,0.4864,0,0.1749,0.1883,0.7626,0,1,0,5
U0135,C0048,14,0.5311,0.3497,0,0.261,0.7379,0.4654,0,0,1,2
U0135,C0036,14,0.6475,0.4887,0,0.2348,0.2335,0.9128,1,0,0,2
U0135,C0008,14,0.2252,0.0993,0,0.0494,0.0915,0.8395,0,1,0,2
U0135,C0113,14,0.5227,0.2182,0,0.4553,0.1208,0.8935,1,0,0,1
U0135,C0034,14,0.3749,0.8736,0,0.4504,0.0773,0.9705,0,1,0,1
U0135,C0138,14,0.1558,0.4215,0,0.5192,0.3613,0.7221,0,1,0,1
U0135,C0046,14,0.516,0.0752,0,0.2768,0.1672,0.9025,0,0,1,2
U0136,C0091,19,0.6471,0.8064,0,0.4545,0.5855,0.6798,0,0,1,2
U0136,C0047,19,0.6103,0.3439,0,0.2469,0.1057,0.8643,1,0,0,5
U0136,C0029,19,0.9311,0.9372,0,0.2135,0.1634,0.7001,0,1,0,5
U0136,C0006,19,0.2844,0.6672,0,0.2425,0.0563,0.1568,1,0,0,5
U0136,C0026,19,0.9772,0.7024,0,0.329,0.3563,0.5628,0,0,1,5
U0136,C0135,19,0.7452,0.1134,1,0.4356,0.3704,0.2127,0,1,0,5
U0136,C0137,19,0.7476,0.4942,0,0.1397,0.2365,0.2946,0,1,0,5
U0136,C0081,19,0.3292,0.1842,0,0.4999,0.1906,0.9459,0,0,1,2
U0136,C0097,19,0.8729,0.1402,0,0.2215,0.1013,0.4724,1,0,0,2
U0136,C0020,19,0.5564,0.2354,0,0.3514,0.3371,0.8419,1,0,0,5
U0136,C0119,19,0.5754,0.1878,0,0.2205,0.3384,0.1854,1,0,0,2
U0136,C0105,19,0.8799,0.6769,0,0.3057,0.588,0.1225,0,1,0,1
U0136,C0123,19,0.7365,0.8424,0,0.2637,0.0474,0.3077,0,1,0,1
U0136,C0017,19,0.4555,0.4038,0,0.3559,0.4084,0.3376,0,0,1,1
U0136,C0059,19,0.7577,0.284,0,0.0711,0.1059,0.1048,1,0,0,2
U0136,C0018,19,0.6657,0.2473,0,0.1823,0.3987,0.4737,0,0,1,1
U0136,C0074,19,0.1984,0.1892,0,0.1902,0.3126,0.6567,1,0,0,1
U0136,C0116,19,0.1341,0.3549,0,0.3269,0.2855,0.6783,0,1,0,1
U0136,C0013,19,0.2049,0.3917,0,0.3808,0.151,0.7731,1,0,0,1
U0137,C0068,21,0.98,0.1498,0,0.046,0.0367,0.2246,1,0,0,5
U0137,C0083,21,0.5257,0.2071,0,0.2692,0.0207,0.9543,0,0,1,5
U0137,C0041,21,0.8746,0.2826,0,0.5116,0.567,0.5192,0,0,1,5
U0137,C0023,21,0.5474,0.3372,1,0.1731,0.0376,0.8054,1,0,0,5
U0137,C0045,21,0.2472,0.4258,0,0.1719,0.2712,0.965,1,0,0,5
U0137,C0015,21,0.0633,0.4406,0,0.197,0.2352,0.2955,0,0,1,5
U0137,C0093,21,0.4788,0.3017,0,0.1232,0.4355,0.1628,1,0,0,5
U0137,C0044,21,0.1462,0.287,0,0.1681,0.234,0.3863,0,1,0,2
U0137,C0146,21,0.3342,0.0883,0,0.2666,0.2475,0.4564,0,0,1,2
U0137,C0047,21,0.1992,0.1248,0,0.2469,0.1057,0.8643,1,0,0,2
U0137,C0088,21,0.9436,0.7211,0,0.5048,0.7336,0.9325,0,1,0,2
U0137,C0133,21,0.7904,0.413,0,0.2197,0.4224,0.8201,1,0,0,2
U0137,C0149,21,0.3872,0.1262,0,0.5411,0.0374,0.3754,0,1,0,2
U0137,C0059,21,0.9135,0.05,0,0.0711,0.1059,0.1048,1,0,0,1
U0137,C0062,21,0.8911,0.4549,0,0.2459,0.3905,0.4621,1,0,0,1
U0137,C0022,21,0.6231,0.379,0,0.3178,0.2738,0.8723,0,0,1,1
U0137,C0101,21,0.2051,0.9564,0,0.4391,0.1313,0.5076,1,0,0,1
U0137,C0046,21,0.9644,0.6312,0,0.2768,0.1672,0.9025,0,0,1,1
U0137,C0111,21,0.8678,0.4572,0,0.2173,0.1798,0.6751,0,1,0,1
U0137,C0025,21,0.1572,0.1433,1,0.2146,0.2956,0.281,0,0,1,2
U0137,C0031,21,0.7141,0.3403,0,0.3153,0.4029,0.7732,0,0,1,1
U0138,C0098,19,0.2741,0.4725,0,0.6351,0.0448,0.2837,0,1,0,2
U0138,C0026,19,0.3202,0.0979,0,0.329,0.3563,0.5628,0,0,1,5
U0138,C0036,19,0.4676,0.5995,1,0.2348,0.2335,0.9128,1,0,0,5
U0138,C0076,19,0.6888,0.8806,0,0.3624,0.3919,0.5224,0,1,0,5
U0138,C0047,19,0.7823,0.2775,0,0.2469,0.1057,0.8643,1,0,0,5
U0138,C0059,19,0.6346,0.3538,1,0.0711,0.1059,0.1048,1,0,0,5
U0138,C0049,19,0.4788,0.7107,0,0.6034,0.4181,0.1123,1,0,0,5
U0138,C0085,19,0.05,0.3598,1,0.7087,0.1505,0.4262,0,0,1,5
U0138,C0128,19,0.9192,0.05,0,0.3936,0.1843,0.6371,0,1,0,2
U0138,C0126,19,0.8318,0.1751,0,0.1993,0.2585,0.3217,1,0,0,1
U0138,C0066,19,0.7336,0.0626,0,0.5309,0.1527,0.7597,0,0,1,2
U0138,C0063,19,0.0612,0.3739,1,0.3814,0.1207,0.4515,0,1,0,2
U0138,C0088,19,0.6423,0.0964,0,0.5048,0.7336,0.9325,0,1,0,2
U0138,C0055,19,0.0801,0.3647,0,0.6798,0.4857,0.7355,1,0,0,1
U0138,C0102,19,0.4372,0.3046,0,0.2618,0.4192,0.9539,0,0,1,1
U0138,C0116,19,0.368,0.5757,1,0.3269,0.2855,0.6783,0,1,0,1
U0138,C0068,19,0.4925,0.8014,0,0.046,0.0367,0.2246,1,0,0,1
U0138,C0142,19,0.3753,0.3384,0,0.3655,0.3272,0.7983,1,0,0,1
U0138,C0093,19,0.8534,0.05,1,0.1232,0.4355,0.1628,1,0,0,2
U0139,C0048,17,0.2399,0.3406,0,0.261,0.7379,0.4654,0,0,1,2
U0139,C0070,17,0.5705,0.1708,1,0.5536,0.18,0.6125,0,0,1,5
U0139,C0121,17,0.1644,0.1959,0,0.1379,0.1556,0.7324,1,0,0,5
U0139,C0068,17,0.7305,0.3558,1,0.046,0.0367,0.2246,1,0,0,5
U0139,C0028,17,0.5342,0.2547,0,0.3255,0.3258,0.4928,0,0,1,2
U0139,C0140,17,0.272,0.3374,1,0.197,0.2235,0.6571,0,1,0,5
U0139,C0036,17,0.1483,0.2996,0,0.2348,0.2335,0.9128,1,0,0,2
U0139,C0057,17,0.587,0.7748,0,0.3163,0.1677,0.2194,1,0,0,2
U0139,C0110,17,0.74,0.6529,0,0.2999,0.3518,0.9192,0,0,1,2
U0139,C0097,17,0.4686,0.134,0,0.2215,0.1013,0.4724,1,0,0,1
U0139,C0031,17,0.2614,0.3498,0,0.3153,0.4029,0.7732,0,0,1,1
U0139,C0141,17,0.566,0.6763,0,0.4364,0.2668,0.9467,1,0,0,1
U0139,C0016,17,0.1874,0.4566,0,0.065,0.2654,0.5176,0,1,0,2
U0139,C0145,17,0.445,0.447,0,0.2817,0.2066,0.4919,0,0,1,1
U0139,C0032,17,0.3208,0.7925,0,0.3971,0.3099,0.8314,1,0,0,1
U0139,C0038,17,0.2952,0.2405,0,0.1376,0.2429,0.8212,1,0,0,1
U0139,C0020,17,0.4965,0.8006,0,0.3514,0.3371,0.8419,1,0,0,1
U0140,C0109,20,0.3973,0.0911,0,0.362,0.3634,0.7171,0,0,1,2
U0140,C0057,20,0.2455,0.3869,0,0.3163,0.1677,0.2194,1,0,0,5
U0140,C0050,20,0.0937,0.135,1,0.1149,0.3756,0.1722,1,0,0,5
U0140,C0105,20,0.8102,0.0607,0,0.3057,0.588,0.1225,0,1,0,5
U0140,C0082,20,0.3064,0.2399,0,0.3825,0.2499,0.5536,0,1,0,5
U0140,C0022,20,0.5601,0.0986,1,0.3178,0.2738,0.8723,0,0,1,5
U0140,C0129,20,0.7954,0.507,0,0.4607,0.3731,0.5514,0,1,0,5
U0140,C0112,20,0.9293,0.4035,0,0.6128,0.227,0.9582,0,1,0,5
U0140,C0131,20,0.0928,0.3494,1,0.5277,0.3804,0.7151,0,1,0,2
U0140,C0124,20,0.4033,0.5324,0,0.1069,0.5369,0.9241,1,0,0,2
U0140,C0117,20,0.4366,0.3465,0,0.0224,0.0825,0.1707,1,0,0,1
U0140,C0088,20,0.3114,0.2584,0,0.5048,0.7336,0.9325,0,1,0,2
U0140,C0103,20,0.9561,0.421,0,0.0991,0.4177,0.1545,1,0,0,2
U0140,C0039,20,0.2487,0.05,0,0.4162,0.5551,0.7068,0,1,0,1
U0140,C0055,20,0.8945,0.2674,0,0.6798,0.4857,0.7355,1,0,0,1
U0140,C0116,20,0.6224,0.724,0,0.3269,0.2855,0.6783,0,1,0,1
U0140,C0011,20,0.4329,0.1768,0,0.1781,0.0681,0.808,0,1,0,1
U0140,C0084,20,0.8114,0.4644,1,0.144,0.2945,0.8495,0,1,0,1
U0140,C0110,20,0.2689,0.4017,0,0.2999,0.3518,0.9192,0,0,1,1
U0140,C0128,20,0.8758,0.1187,0,0.3936,0.1843,0.6371,0,1,0,2
U0141,C0118,20,0.495,0.172,0,0.1071,0.322,0.7665,1,0,0,2
U0141,C0018,20,0.851,0.161,1,0.1823,0.3987,0.4737,0,0,1,5
U0141,C0130,20,0.5565,0.4946,0,0.1453,0.2084,0.9786,0,0,1,5
U0141,C0030,20,0.3423,0.8807,0,0.0434,0.0563,0.1849,1,0,0,5
U0141,C0098,20,0.3211,0.2002,0,0.6351,0.0448,0.2837,0,1,0,2
U0141,C0016,20,0.2994,0.853,0,0.065,0.2654,0.5176,0,1,0,5
U0141,C0078,20,0.5451,0.3672,0,0.245,0.2838,0.5447,1,0,0,5
U0141,C0011,20,0.1355,0.6324,0,0.1781,0.0681,0.808,0,1,0,5
U0141,C0128,20,0.7686,0.6891,0,0.3936,0.1843,0.6371,0,1,0,5
U0141,C0047,20,0.7837,0.0806,0,0.2469,0.1057,0.8643,1,0,0,2
U0141,C0049,20,0.0675,0.3221,0,0.6034,0.4181,0.1123,1,0,0,1
U0141,C0093,20,0.1965,0.4585,0,0.1232,0.4355,0.1628,1,0,0,2
U0141,C0035,20,0.6126,0.2828,0,0.1816,0.3439,0.844,0,0,1,2
U0141,C0115,20,0.6012,0.3725,0,0.4254,0.6476,0.8504,0,0,1,2
U0141,C0058,20,0.0803,0.2645,0,0.2961,0.1857,0.5605,0,1,0,1
U0141,C0099,20,0.5745,0.2631,1,0.4917,0.4187,0.1381,0,1,0,1
U0141,C0060,20,0.2153,0.4529,0,0.2468,0.252,0.9446,1,0,0,1
U0141,C0070,20,0.0851,0.3434,0,0.5536,0.18,0.6125,0,0,1,1
U0141,C0075,20,0.3203,0.0736,1,0.1449,0.173,0.6698,0,0,1,1
U0141,C0056,20,0.9507,0.0681,0,0.5135,0.1568,0.3781,0,0,1,2
U0142,C0017,21,0.8711,0.2349,0,0.3559,0.4084,0.3376,0,0,1,2
U0142,C0034,21,0.0754,0.3368,0,0.4504,0.0773,0.9705,0,1,0,2
U0142,C0001,21,0.5609,0.2886,0,0.3659,0.2368,0.8433,0,0,1,5
U0142,C0095,21,0.9579,0.2144,0,0.2951,0.2241,0.773,1,0,0,5
U0142,C0102,21,0.8684,0.2968,0,0.2618,0.4192,0.9539,0,0,1,5
U0142,C0054,21,0.6176,0.8674,0,0.2075,0.1691,0.9249,0,0,1,5
U0142,C0147,21,0.6768,0.457,0,0.4412,0.0156,0.7024,0,0,1,5
U0142,C0124,21,0.095,0.113,1,0.1069,0.5369,0.9241,1,0,0,5
U0142,C0097,21,0.6737,0.1231,1,0.2215,0.1013,0.4724,1,0,0,5
U0142,C0036,21,0.3604,0.0855,0,0.2348,0.2335,0.9128,1,0,0,2
U0142,C0035,21,0.9182,0.1673,0,0.1816,0.3439,0.844,0,0,1,2
U0142,C0135,21,0.786,0.214,0,0.4356,0.3704,0.2127,0,1,0,2
U0142,C0060,21,0.2434,0.154,0,0.2468,0.252,0.9446,1,0,0,2
U0142,C0063,21,0.613,0.8258,0,0.3814,0.1207,0.4515,0,1,0,1
U0142,C0086,21,0.5291,0.411,0,0.1612,0.0544,0.8773,0,0,1,1
U0142,C0134,21,0.5438,0.05,0,0.2475,0.1161,0.8961,0,1,0,1
U0142,C0005,21,0.208,0.1459,0,0.3696,0.2129,0.8414,0,0,1,1
U0142,C0013,21,0.3382,0.3832,0,0.3808,0.151,0.7731,1,0,0,1
U0142,C0021,21,0.3514,0.6164,0,0.3635,0.5089,0.667,0,0,1,1
U0142,C0075,21,0.578,0.388,1,0.1449,0.173,0.6698,0,0,1,2
U0142,C0088,21,0.127,0.183,0,0.5048,0.7336,0.9325,0,1,0,1
U0143,C0061,16,0.7295,0.4286,0,0.2856,0.3106,0.4733,0,1,0,5
U0143,C0072,16,0.7864,0.3224,0,0.0127,0.1046,0.4412,0,1,0,5
U0143,C0006,16,0.4081,0.3731,0,0.2425,0.0563,0.1568,1,0,0,5
U0143,C0097,16,0.4946,0.5524,0,0.2215,0.1013,0.4724,1,0,0,5
U0143,C0124,16,0.8731,0.2393,0,0.1069,0.5369,0.9241,1,0,0,5
U0143,C0086,16,0.4983,0.5395,0,0.1612,0.0544,0.8773,0,0,1,5
U0143,C0007,16,0.3138,0.1196,0,0.2653,0.2633,0.7991,0,0,1,5
U0143,C0067,16,0.1474,0.1104,0,0.4035,0.1466,0.7085,0,0,1,2
U0143,C0077,16,0.2939,0.236,0,0.3769,0.0663,0.4988,0,1,0,2
U0143,C0018,16,0.2836,0.3621,0,0.1823,0.3987,0.4737,0,0,1,2
U0143,C0108,16,0.8046,0.6324,0,0.2017,0.1291,0.5094,0,0,1,2
U0143,C0075,16,0.4167,0.9607,0,0.1449,0.173,0.6698,0,0,1,2
U0143,C0098,16,0.7051,0.2075,0,0.6351,0.0448,0.2837,0,1,0,2
U0143,C0149,16,0.1601,0.2673,0,0.5411,0.0374,0.3754,0,1,0,2
U0143,C0074,16,0.234,0.5957,0,0.1902,0.3126,0.6567,1,0,0,1
U0143,C0145,16,0.1203,0.2494,0,0.2817,0.2066,0.4919,0,0,1,1
U0144,C0103,19,0.5909,0.2357,1,0.0991,0.4177,0.1545,1,0,0,5
U0144,C0030,19,0.6131,0.5666,0,0.0434,0.0563,0.1849,1,0,0,5
U0144,C0031,19,0.19,0.1684,0,0.3153,0.4029,0.7732,0,0,1,5
U0144,C0025,19,0.9506,0.3326,0,0.2146,0.2956,0.281,0,0,1,5
U0144,C0085,19,0.7918,0.9376,0,0.7087,0.1505,0.4262,0,0,1,5
U0144,C0143,19,0.7882,0.1134,0,0.0952,0.5785,0.2151,0,0,1,5
U0144,C0020,19,0.7825,0.1401,0,0.3514,0.3371,0.8419,1,0,0,5
U0144,C0024,19,0.4102,0.2721,1,0.5432,0.2853,0.4861,0,0,1,2
U0144,C0011,19,0.1987,0.05,0,0.1781,0.0681,0.808,0,1,0,2
U0144,C0078,19,0.5846,0.5926,0,0.245,0.2838,0.5447,1,0,0,1
U0144,C0136,19,0.0573,0.1273,0,0.7682,0.1707,0.2805,1,0,0,2
U0144,C0100,19,0.6941,0.3715,0,0.3463,0.18,0.6218,0,1,0,2
U0144,C0021,19,0.204,0.3863,0,0.3635,0.5089,0.667,0,0,1,1
U0144,C0095,19,0.3784,0.3399,1,0.2951,0.2241,0.773,1,0,0,1
U0144,C0014,19,0.0731,0.9028,1,0.2162,0.1109,0.2355,0,1,0,1
U0144,C0001,19,0.2484,0.2087,0,0.3659,0.2368,0.8433,0,0,1,1
U0144,C0058,19,0.4045,0.3106,0,0.2961,0.1857,0.5605,0,1,0,1
U0144,C0004,19,0.661,0.2805,0,0.2286,0.3073,0.6892,0,0,1,1
U0144,C0121,19,0.1677,0.2754,1,0.1379,0.1556,0.7324,1,0,0,2
U0145,C0024,20,0.2818,0.6049,0,0.5432,0.2853,0.4861,0,0,1,5
U0145,C0003,20,0.53,0.7918,0,0.1995,0.3083,0.3506,1,0,0,5
U0145,C0063,20,0.3853,0.05,0,0.3814,0.1207,0.4515,0,1,0,5
U0145,C0011,20,0.5009,0.05,0,0.1781,0.0681,0.808,0,1,0,2
U0145,C0140,20,0.5982,0.6303,1,0.197,0.2235,0.6571,0,1,0,5
U0145,C0110,20,0.7982,0.2993,0,0.2999,0.3518,0.9192,0,0,1,5
U0145,C0043,20,0.4073,0.4007,1,0.4568,0.0377,0.3736,0,1,0,5
U0145,C0092,20,0.9224,0.3665,0,0.2617,0.3656,0.9768,0,0,1,5
U0145,C0001,20,0.3441,0.4587,0,0.3659,0.2368,0.8433,0,0,1,2
U0145,C0087,20,0.3588,0.4166,0,0.2973,0.5346,0.1991,1,0,0,2
U0145,C0027,20,0.05,0.162,0,0.1749,0.1883,0.7626,0,1,0,2
U0145,C0032,20,0.2033,0.086,0,0.3971,0.3099,0.8314,1,0,0,2
U0145,C0002,20,0.4269,0.3291,0,0.3844,0.2499,0.5168,0,1,0,1
U0145,C0097,20,0.1955,0.2724,0,0.2215,0.1013,0.4724,1,0,0,1
U0145,C0026,20,0.137,0.3551,0,0.329,0.3563,0.5628,0,0,1,1
U0145,C0123,20,0.3757,0.3886,0,0.2637,0.0474,0.3077,0,1,0,1
U0145,C0044,20,0.2865,0.05,0,0.1681,0.234,0.3863,0,1,0,1
U0145,C0118,20,0.4312,0.1805,0,0.1071,0.322,0.7665,1,0,0,1
U0145,C0121,20,0.7002,0.864,0,0.1379,0.1556,0.7324,1,0,0,2
U0145,C0056,20,0.2026,0.5537,0,0.5135,0.1568,0.3781,0,0,1,1
U0146,C0033,14,0.2333,0.3978,0,0.5872,0.251,0.7362,1,0,0,5
U0146,C0068,14,0.7861,0.3016,0,0.046,0.0367,0.2246,1,0,0,5
U0146,C0147,14,0.2781,0.4923,0,0.4412,0.0156,0.7024,0,0,1,5
U0146,C0149,14,0.1299,0.313,0,0.5411,0.0374,0.3754,0,1,0,5
U0146,C0013,14,0.8627,0.2755,1,0.3808,0.151,0.7731,1,0,0,5
U0146,C0077,14,0.5494,0.0713,0,0.3769,0.0663,0.4988,0,1,0,5
U0146,C0049,14,0.638,0.327,0,0.6034,0.4181,0.1123,1,0,0,5
U0146,C0104,14,0.5465,0.3132,0,0.3407,0.4493,0.7169,1,0,0,2
U0146,C0141,14,0.5914,0.508,0,0.4364,0.2668,0.9467,1,0,0,2
U0146,C0038,14,0.6058,0.1591,0,0.1376,0.2429,0.8212,1,0,0,2
U0146,C0099,14,0.792,0.1877,0,0.4917,0.4187,0.1381,0,1,0,2
U0146,C0080,14,0.6106,0.0868,0,0.4314,0.1509,0.5151,0,0,1,2
U0146,C0031,14,0.2768,0.1538,1,0.3153,0.4029,0.7732,0,0,1,1
U0146,C0028,14,0.05,0.2226,0,0.3255,0.3258,0.4928,0,0,1,2
U0147,C0019,17,0.1624,0.1465,0,0.5338,0.307,0.8996,0,0,1,5
U0147,C0025,17,0.4385,0.05,0,0.2146,0.2956,0.281,0,0,1,5
U0147,C0072,17,0.4711,0.8897,0,0.0127,0.1046,0.4412,0,1,0,5
U0147,C0020,17,0.8948,0.1463,0,0.3514,0.3371,0.8419,1,0,0,5
U0147,C0074,17,0.8425,0.3601,0,0.1902,0.3126,0.6567,1,0,0,5
U0147,C0048,17,0.4457,0.3304,0,0.261,0.7379,0.4654,0,0,1,5
U0147,C0146,17,0.6891,0.109,0,0.2666,0.2475,0.4564,0,0,1,5
U0147,C0050,17,0.3556,0.3498,0,0.1149,0.3756,0.1722,1,0,0,2
U0147,C0017,17,0.4799,0.7751,1,0.3559,0.4084,0.3376,0,0,1,2
U0147,C0068,17,0.6824,0.3393,0,0.046,0.0367,0.2246,1,0,0,2
U0147,C0079,17,0.4563,0.05,0,0.3678,0.218,0.8749,0,1,0,2
U0147,C0131,17,0.4456,0.7693,0,0.5277,0.3804,0.7151,0,1,0,1
U0147,C0138,17,0.2142,0.3728,0,0.5192,0.3613,0.7221,0,1,0,1
U0147,C0037,17,0.4365,0.1869,0,0.5885,0.8288,0.9402,0,1,0,1
U0147,C0089,17,0.7552,0.4318,1,0.172,0.2367,0.6685,0,0,1,1
U0147,C0016,17,0.2997,0.2947,0,0.065,0.2654,0.5176,0,1,0,1
U0147,C0028,17,0.8621,0.98,0,0.3255,0.3258,0.4928,0,0,1,2
U0148,C0086,17,0.2223,0.418,0,0.1612,0.0544,0.8773,0,0,1,5
U0148,C0010,17,0.8135,0.0792,0,0.4611,0.2742,0.985,1,0,0,5
U0148,C0083,17,0.2682,0.05,0,0.2692,0.0207,0.9543,0,0,1,5
U0148,C0022,17,0.2847,0.4307,0,0.3178,0.2738,0.8723,0,0,1,5
U0148,C0104,17,0.6244,0.1422,0,0.3407,0.4493,0.7169,1,0,0,5
U0148,C0050,17,0.3829,0.0984,0,0.1149,0.3756,0.1722,1,0,0,5
U0148,C0084,17,0.4987,0.1768,0,0.144,0.2945,0.8495,0,1,0,5
U0148,C0020,17,0.198,0.2747,0,0.3514,0.3371,0.8419,1,0,0,2
U0148,C0070,17,0.1353,0.3919,0,0.5536,0.18,0.6125,0,0,1,2
U0148,C0085,17,0.6012,0.1687,0,0.7087,0.1505,0.4262,0,0,1,2
U0148,C0130,17,0.3529,0.2908,1,0.1453,0.2084,0.9786,0,0,1,2
U0148,C0038,17,0.291,0.5201,0,0.1376,0.2429,0.8212,1,0,0,2
U0148,C0113,17,0.2345,0.1377,0,0.4553,0.1208,0.8935,1,0,0,2
U0148,C0025,17,0.2061,0.4801,0,0.2146,0.2956,0.281,0,0,1,1
U0148,C0018,17,0.1414,0.6777,0,0.1823,0.3987,0.4737,0,0,1,1
U0148,C0011,17,0.7275,0.2365,0,0.1781,0.0681,0.808,0,1,0,1
U0148,C0068,17,0.332,0.4306,0,0.046,0.0367,0.2246,1,0,0,2
U0149,C0019,19,0.7238,0.227,0,0.5338,0.307,0.8996,0,0,1,5
U0149,C0047,19,0.4459,0.3079,1,0.2469,0.1057,0.8643,1,0,0,5
U0149,C0090,19,0.1588,0.3877,0,0.3228,0.0591,0.149,1,0,0,5
U0149,C0129,19,0.3497,0.3877,0,0.4607,0.3731,0.5514,0,1,0,5
U0149,C0051,19,0.8402,0.3098,0,0.158,0.2724,0.381,0,1,0,5
U0149,C0040,19,0.17,0.1421,0,0.408,0.4465,0.1051,0,1,0,5
U0149,C0122,19,0.092,0.2585,0,0.0737,0.1789,0.1599,0,1,0,2
U0149,C0088,19,0.3787,0.855,0,0.5048,0.7336,0.9325,0,1,0,5
U0149,C0067,19,0.493,0.1273,0,0.4035,0.1466,0.7085,0,0,1,2
U0149,C0079,19,0.8766,0.3718,0,0.3678,0.218,0.8749,0,1,0,2
U0149,C0013,19,0.3006,0.4178,0,0.3808,0.151,0.7731,1,0,0,2
U0149,C0070,19,0.5801,0.2994,0,0.5536,0.18,0.6125,0,0,1,1
U0149,C0024,19,0.2166,0.3332,0,0.5432,0.2853,0.4861,0,0,1,1
U0149,C0097,19,0.2749,0.3659,0,0.2215,0.1013,0.4724,1,0,0,1
U0149,C0048,19,0.1487,0.196,0,0.261,0.7379,0.4654,0,0,1,1
U0149,C0087,19,0.8639,0.4351,0,0.2973,0.5346,0.1991,1,0,0,1
U0149,C0116,19,0.504,0.3987,0,0.3269,0.2855,0.6783,0,1,0,1
U0149,C0059,19,0.1521,0.1414,0,0.0711,0.1059,0.1048,1,0,0,2
U0149,C0029,19,0.5411,0.5264,0,0.2135,0.1634,0.7001,0,1,0,1
U0150,C0103,18,0.2046,0.9362,0,0.0991,0.4177,0.1545,1,0,0,2
U0150,C0042,18,0.4065,0.7434,1,0.0906,0.4937,0.614,1,0,0,5
U0150,C0066,18,0.674,0.702,0,0.5309,0.1527,0.7597,0,0,1,5
U0150,C0068,18,0.8897,0.1434,0,0.046,0.0367,0.2246,1,0,0,5
U0150,C0064,18,0.6851,0.4381,0,0.402,0.3089,0.1624,1,0,0,5
U0150,C0121,18,0.833,0.8446,0,0.1379,0.1556,0.7324,1,0,0,5
U0150,C0106,18,0.6162,0.8224,0,0.33,0.3127,0.2543,0,1,0,5
U0150,C0010,18,0.667,0.153,1,0.4611,0.2742,0.985,1,0,0,2
U0150,C0113,18,0.1387,0.3727,1,0.4553,0.1208,0.8935,1,0,0,5
U0150,C0145,18,0.1555,0.3022,0,0.2817,0.2066,0.4919,0,0,1,2
U0150,C0110,18,0.2785,0.2033,0,0.2999,0.3518,0.9192,0,0,1,1
U0150,C0004,18,0.05,0.439,0,0.2286,0.3073,0.6892,0,0,1,1
U0150,C0136,18,0.7526,0.1763,0,0.7682,0.1707,0.2805,1,0,0,1
U0150,C0133,18,0.9275,0.7068,0,0.2197,0.4224,0.8201,1,0,0,2
U0150,C0138,18,0.2055,0.1967,1,0.5192,0.3613,0.7221,0,1,0,2
U0150,C0073,18,0.6923,0.05,0,0.5746,0.2968,0.4343,1,0,0,2
U0150,C0134,18,0.2458,0.2545,0,0.2475,0.1161,0.8961,0,1,0,2
U0150,C0140,18,0.5457,0.5065,0,0.197,0.2235,0.6571,0,1,0,1
U0151,C0094,19,0.3401,0.83,0,0.4751,0.4894,0.5992,0,1,0,2
U0151,C0136,19,0.5509,0.1336,0,0.7682,0.1707,0.2805,1,0,0,5
U0151,C0078,19,0.3916,0.3096,0,0.245,0.2838,0.5447,1,0,0,5
U0151,C0135,19,0.9331,0.6598,1,0.4356,0.3704,0.2127,0,1,0,5
U0151,C0057,19,0.8587,0.1835,0,0.3163,0.1677,0.2194,1,0,0,5
U0151,C0121,19,0.6522,0.701,1,0.1379,0.1556,0.7324,1,0,0,5
U0151,C0005,19,0.3466,0.05,0,0.3696,0.2129,0.8414,0,0,1,5
U0151,C0086,19,0.1738,0.4005,0,0.1612,0.0544,0.8773,0,0,1,2
U0151,C0072,19,0.893,0.862,0,0.0127,0.1046,0.4412,0,1,0,5
U0151,C0110,19,0.3294,0.2728,0,0.2999,0.3518,0.9192,0,0,1,2
U0151,C0008,19,0.177,0.1419,1,0.0494,0.0915,0.8395,0,1,0,2
U0151,C0055,19,0.7439,0.1214,0,0.6798,0.4857,0.7355,1,0,0,2
U0151,C0077,19,0.6307,0.3854,0,0.3769,0.0663,0.4988,0,1,0,2
U0151,C0126,19,0.3936,0.2252,0,0.1993,0.2585,0.3217,1,0,0,1
U0151,C0084,19,0.3666,0.1503,0,0.144,0.2945,0.8495,0,1,0,1
U0151,C0022,19,0.7161,0.1595,0,0.3178,0.2738,0.8723,0,0,1,1
U0151,C0081,19,0.7858,0.2518,0,0.4999,0.1906,0.9459,0,0,1,1
U0151,C0052,19,0.3385,0.1103,0,0.2264,0.1546,0.1142,0,1,0,1
U0151,C0006,19,0.8233,0.3802,0,0.2425,0.0563,0.1568,1,0,0,2
U0152,C0029,17,0.7463,0.4925,0,0.2135,0.1634,0.7001,0,1,0,5
U0152,C0031,17,0.5276,0.3044,0,0.3153,0.4029,0.7732,0,0,1,5
U0152,C0055,17,0.9121,0.3029,0,0.6798,0.4857,0.7355,1,0,0,5
U0152,C0069,17,0.8716,0.3593,0,0.2052,0.6311,0.621,1,0,0,5
U0152,C0030,17,0.3943,0.1226,0,0.0434,0.0563,0.1849,1,0,0,5
U0152,C0129,17,0.2148,0.1803,0,0.4607,0.3731,0.5514,0,1,0,5
U0152,C0004,17,0.7632,0.4912,0,0.2286,0.3073,0.6892,0,0,1,5
U0152,C0039,17,0.4491,0.3097,0,0.4162,0.5551,0.7068,0,1,0,2
U0152,C0119,17,0.6804,0.3421,0,0.2205,0.3384,0.1854,1,0,0,2
U0152,C0101,17,0.5889,0.7683,0,0.4391,0.1313,0.5076,1,0,0,2
U0152,C0067,17,0.05,0.214,0,0.4035,0.1466,0.7085,0,0,1,2
U0152,C0007,17,0.6017,0.7314,0,0.2653,0.2633,0.7991,0,0,1,2
U0152,C0096,17,0.9004,0.5141,1,0.0227,0.0278,0.8292,0,0,1,2
U0152,C0011,17,0.8447,0.4107,0,0.1781,0.0681,0.808,0,1,0,1
U0152,C0062,17,0.5259,0.3171,0,0.2459,0.3905,0.4621,1,0,0,1
U0152,C0138,17,0.6739,0.7694,0,0.5192,0.3613,0.7221,0,1,0,1
U0152,C0033,17,0.1185,0.8115,0,0.5872,0.251,0.7362,1,0,0,2
U0153,C0087,21,0.3269,0.2852,0,0.2973,0.5346,0.1991,1,0,0,2
U0153,C0078,21,0.1135,0.3009,0,0.245,0.2838,0.5447,1,0,0,2
U0153,C0121,21,0.98,0.5088,0,0.1379,0.1556,0.7324,1,0,0,5
U0153,C0096,21,0.086,0.0881,0,0.0227,0.0278,0.8292,0,0,1,5
U0153,C0019,21,0.2469,0.3632,0,0.5338,0.307,0.8996,0,0,1,5
U0153,C0070,21,0.3211,0.151,1,0.5536,0.18,0.6125,0,0,1,5
U0153,C0093,21,0.6134,0.4029,0,0.1232,0.4355,0.1628,1,0,0,2
U0153,C0007,21,0.7653,0.05,0,0.2653,0.2633,0.7991,0,0,1,5
U0153,C0116,21,0.122,0.1124,0,0.3269,0.2855,0.6783,0,1,0,5
U0153,C0102,21,0.8926,0.1852,0,0.2618,0.4192,0.9539,0,0,1,2
U0153,C0050,21,0.3716,0.1728,0,0.1149,0.3756,0.1722,1,0,0,5
U0153,C0074,21,0.4877,0.1572,0,0.1902,0.3126,0.6567,1,0,0,2
U0153,C0148,21,0.2984,0.5156,0,0.1613,0.3539,0.9027,0,1,0,2
U0153,C0123,21,0.117,0.4574,0,0.2637,0.0474,0.3077,0,1,0,1
U0153,C0014,21,0.2161,0.2631,0,0.2162,0.1109,0.2355,0,1,0,1
U0153,C0126,21,0.183,0.0827,0,0.1993,0.2585,0.3217,1,0,0,1
U0153,C0105,21,0.6649,0.3341,0,0.3057,0.588,0.1225,0,1,0,1
U0153,C0132,21,0.5047,0.5045,1,0.1512,0.4582,0.4379,0,1,0,1
U0153,C0099,21,0.8143,0.0798,0,0.4917,0.4187,0.1381,0,1,0,1
U0153,C0092,21,0.05,0.1777,0,0.2617,0.3656,0.9768,0,0,1,1
U0153,C0011,21,0.8839,0.3717,0,0.1781,0.0681,0.808,0,1,0,2
U0154,C0048,20,0.8148,0.1948,0,0.261,0.7379,0.4654,0,0,1,2
U0154,C0033,20,0.1018,0.05,0,0.5872,0.251,0.7362,1,0,0,5
U0154,C0125,20,0.2482,0.3065,0,0.0932,0.1975,0.6547,0,1,0,5
U0154,C0129,20,0.4325,0.3939,0,0.4607,0.3731,0.5514,0,1,0,5
U0154,C0066,20,0.6145,0.8217,0,0.5309,0.1527,0.7597,0,0,1,5
U0154,C0116,20,0.2502,0.2887,0,0.3269,0.2855,0.6783,0,1,0,5
U0154,C0058,20,0.2846,0.05,0,0.2961,0.1857,0.5605,0,1,0,5
U0154,C0076,20,0.757,0.3173,0,0.3624,0.3919,0.5224,0,1,0,2
U0154,C0005,20,0.525,0.2685,0,0.3696,0.2129,0.8414,0,0,1,5
U0154,C0020,20,0.3732,0.3011,0,0.3514,0.3371,0.8419,1,0,0,2
U0154,C0140,20,0.3897,0.5816,0,0.197,0.2235,0.6571,0,1,0,1
U0154,C0041,20,0.4357,0.3872,0,0.5116,0.567,0.5192,0,0,1,2
U0154,C0031,20,0.3521,0.0857,0,0.3153,0.4029,0.7732,0,0,1,2
U0154,C0037,20,0.2391,0.2233,0,0.5885,0.8288,0.9402,0,1,0,2
U0154,C0006,20,0.2485,0.147,0,0.2425,0.0563,0.1568,1,0,0,1
U0154,C0036,20,0.4974,0.0553,0,0.2348,0.2335,0.9128,1,0,0,1
U0154,C0145,20,0.6643,0.4552,0,0.2817,0.2066,0.4919,0,0,1,1
U0154,C0115,20,0.3997,0.1531,0,0.4254,0.6476,0.8504,0,0,1,1
U0154,C0132,20,0.2466,0.1082,0,0.1512,0.4582,0.4379,0,1,0,1
U0154,C0056,20,0.5286,0.05,0,0.5135,0.1568,0.3781,0,0,1,2
U0155,C0063,16,0.4172,0.2042,0,0.3814,0.1207,0.4515,0,1,0,5
U0155,C0040,16,0.4198,0.98,0,0.408,0.4465,0.1051,0,1,0,5
U0155,C0108,16,0.302,0.4368,0,0.2017,0.1291,0.5094,0,0,1,5
U0155,C0035,16,0.4578,0.1192,1,0.1816,0.3439,0.844,0,0,1,5
U0155,C0088,16,0.7977,0.282,0,0.5048,0.7336,0.9325,0,1,0,5
U0155,C0059,16,0.3019,0.4777,0,0.0711,0.1059,0.1048,1,0,0,5
U0155,C0132,16,0.8072,0.5723,0,0.1512,0.4582,0.4379,0,1,0,5
U0155,C0137,16,0.3173,0.1006,1,0.1397,0.2365,0.2946,0,1,0,2
U0155,C0070,16,0.1316,0.3238,0,0.5536,0.18,0.6125,0,0,1,1
U0155,C0039,16,0.4098,0.2896,0,0.4162,0.5551,0.7068,0,1,0,2
U0155,C0023,16,0.2494,0.8097,0,0.1731,0.0376,0.8054,1,0,0,2
U0155,C0041,16,0.8621,0.3034,0,0.5116,0.567,0.5192,0,0,1,2
U0155,C0120,16,0.2054,0.7607,0,0.7087,0.1727,0.6347,1,0,0,2
U0155,C0042,16,0.5054,0.8552,0,0.0906,0.4937,0.614,1,0,0,2
U0155,C0013,16,0.794,0.6833,0,0.3808,0.151,0.7731,1,0,0,2
U0155,C0025,16,0.7717,0.2644,0,0.2146,0.2956,0.281,0,0,1,1
U0156,C0042,19,0.5778,0.05,0,0.0906,0.4937,0.614,1,0,0,5
U0156,C0101,19,0.6958,0.1188,0,0.4391,0.1313,0.5076,1,0,0,5
U0156,C0049,19,0.8411,0.1423,0,0.6034,0.4181,0.1123,1,0,0,5
U0156,C0032,19,0.4513,0.6971,0,0.3971,0.3099,0.8314,1,0,0,5
U0156,C0110,19,0.7451,0.7259,0,0.2999,0.3518,0.9192,0,0,1,5
U0156,C0029,19,0.2245,0.304,0,0.2135,0.1634,0.7001,0,1,0,5
U0156,C0095,19,0.7699,0.2704,1,0.2951,0.2241,0.773,1,0,0,2
U0156,C0023,19,0.5375,0.257,0,0.1731,0.0376,0.8054,1,0,0,2
U0156,C0092,19,0.7813,0.3068,0,0.2617,0.3656,0.9768,0,0,1,2
U0156,C0063,19,0.6096,0.2014,0,0.3814,0.1207,0.4515,0,1,0,5
U0156,C0147,19,0.6979,0.388,0,0.4412,0.0156,0.7024,0,0,1,2
U0156,C0103,19,0.7159,0.1341,1,0.0991,0.4177,0.1545,1,0,0,1
U0156,C0033,19,0.1282,0.175,0,0.5872,0.251,0.7362,1,0,0,1
U0156,C0133,19,0.66,0.1368,0,0.2197,0.4224,0.8201,1,0,0,1
U0156,C0036,19,0.8537,0.4476,0,0.2348,0.2335,0.9128,1,0,0,1
U0156,C0085,19,0.4487,0.4498,0,0.7087,0.1505,0.4262,0,0,1,1
U0156,C0139,19,0.1688,0.4537,0,0.3969,0.2107,0.6427,0,0,1,1
U0156,C0053,19,0.8551,0.1859,0,0.1426,0.0445,0.1154,0,0,1,1
U0156,C0113,19,0.05,0.4736,0,0.4553,0.1208,0.8935,1,0,0,2
U0157,C0073,18,0.1714,0.3177,0,0.5746,0.2968,0.4343,1,0,0,2
U0157,C0010,18,0.6493,0.2857,0,0.4611,0.2742,0.985,1,0,0,2
U0157,C0093,18,0.4986,0.227,0,0.1232,0.4355,0.1628,1,0,0,2
U0157,C0123,18,0.572,0.1718,0,0.2637,0.0474,0.3077,0,1,0,5
U0157,C0049,18,0.4292,0.376,0,0.6034,0.4181,0.1123,1,0,0,5
U0157,C0020,18,0.5957,0.7381,0,0.3514,0.3371,0.8419,1,0,0,5
U0157,C0143,18,0.2911,0.4699,0,0.0952,0.5785,0.2151,0,0,1,5
U0157,C0088,18,0.0543,0.0894,0,0.5048,0.7336,0.9325,0,1,0,2
U0157,C0135,18,0.6306,0.05,0,0.4356,0.3704,0.2127,0,1,0,2
U0157,C0002,18,0.5543,0.2273,0,0.3844,0.2499,0.5168,0,1,0,2
U0157,C0018,18,0.7706,0.2762,0,0.1823,0.3987,0.4737,0,0,1,1
U0157,C0029,18,0.5444,0.1795,1,0.2135,0.1634,0.7001,0,1,0,1
U0157,C0005,18,0.2784,0.0992,0,0.3696,0.2129,0.8414,0,0,1,1
U0157,C0116,18,0.6109,0.2458,0,0.3269,0.2855,0.6783,0,1,0,1
U0157,C0096,18,0.3786,0.3363,0,0.0227,0.0278,0.8292,0,0,1,1
U0157,C0037,18,0.6007,0.2038,0,0.5885,0.8288,0.9402,0,1,0,1
U0157,C0055,18,0.3438,0.6155,1,0.6798,0.4857,0.7355,1,0,0,1
U0157,C0068,18,0.9279,0.2724,1,0.046,0.0367,0.2246,1,0,0,2
U0158,C0150,14,0.7463,0.2361,0,0.5086,0.0134,0.5967,0,1,0,5
U0158,C0140,14,0.7447,0.0533,1,0.197,0.2235,0.6571,0,1,0,5
U0158,C0041,14,0.2069,0.4767,1,0.5116,0.567,0.5192,0,0,1,5
U0158,C0075,14,0.6239,0.7956,0,0.1449,0.173,0.6698,0,0,1,5
U0158,C0080,14,0.1978,0.5232,0,0.4314,0.1509,0.5151,0,0,1,5
U0158,C0067,14,0.9029,0.439,0,0.4035,0.1466,0.7085,0,0,1,5
U0158,C0125,14,0.6971,0.487,0,0.0932,0.1975,0.6547,0,1,0,5
U0158,C0057,14,0.3204,0.8136,0,0.3163,0.1677,0.2194,1,0,0,2
U0158,C0092,14,0.2485,0.348,0,0.2617,0.3656,0.9768,0,0,1,2
U0158,C0117,14,0.4241,0.8825,0,0.0224,0.0825,0.1707,1,0,0,2
U0158,C0018,14,0.2289,0.4528,0,0.1823,0.3987,0.4737,0,0,1,2
U0158,C0099,14,0.8266,0.2441,0,0.4917,0.4187,0.1381,0,1,0,2
U0158,C0108,14,0.1329,0.5252,0,0.2017,0.1291,0.5094,0,0,1,2
U0158,C0134,14,0.05,0.5831,1,0.2475,0.1161,0.8961,0,1,0,2
U0159,C0001,18,0.6033,0.05,1,0.3659,0.2368,0.8433,0,0,1,5
U0159,C0123,18,0.6875,0.2197,0,0.2637,0.0474,0.3077,0,1,0,5
U0159,C0046,18,0.7669,0.7715,0,0.2768,0.1672,0.9025,0,0,1,5
U0159,C0044,18,0.8015,0.05,1,0.1681,0.234,0.3863,0,1,0,5
U0159,C0141,18,0.1093,0.2951,0,0.4364,0.2668,0.9467,1,0,0,5
U0159,C0070,18,0.1819,0.5123,0,0.5536,0.18,0.6125,0,0,1,5
U0159,C0049,18,0.836,0.1214,0,0.6034,0.4181,0.1123,1,0,0,2
U0159,C0116,18,0.3338,0.1864,1,0.3269,0.2855,0.6783,0,1,0,2
U0159,C0101,18,0.0749,0.6706,0,0.4391,0.1313,0.5076,1,0,0,5
U0159,C0098,18,0.2108,0.5961,0,0.6351,0.0448,0.2837,0,1,0,2
U0159,C0114,18,0.7488,0.3996,0,0.6345,0.4008,0.626,0,0,1,2
U0159,C0033,18,0.4503,0.7688,0,0.5872,0.251,0.7362,1,0,0,2
U0159,C0056,18,0.55,0.3195,1,0.5135,0.1568,0.3781,0,0,1,2
U0159,C0090,18,0.7315,0.3835,0,0.3228,0.0591,0.149,1,0,0,1
U0159,C0150,18,0.9343,0.7784,0,0.5086,0.0134,0.5967,0,1,0,1
U0159,C0092,18,0.5504,0.3524,0,0.2617,0.3656,0.9768,0,0,1,1
U0159,C0054,18,0.6266,0.5064,0,0.2075,0.1691,0.9249,0,0,1,1
U0159,C0148,18,0.7503,0.0758,0,0.1613,0.3539,0.9027,0,1,0,2
U0160,C0037,15,0.3566,0.6452,0,0.5885,0.8288,0.9402,0,1,0,5
U0160,C0124,15,0.0602,0.2005,0,0.1069,0.5369,0.9241,1,0,0,5
U0160,C0150,15,0.7845,0.05,1,0.5086,0.0134,0.5967,0,1,0,5
U0160,C0101,15,0.6259,0.2261,0,0.4391,0.1313,0.5076,1,0,0,5
U0160,C0100,15,0.1488,0.4515,1,0.3463,0.18,0.6218,0,1,0,5
U0160,C0102,15,0.7404,0.3537,1,0.2618,0.4192,0.9539,0,0,1,5
U0160,C0106,15,0.8019,0.2003,1,0.33,0.3127,0.2543,0,1,0,5
U0160,C0020,15,0.9283,0.1016,0,0.3514,0.3371,0.8419,1,0,0,2
U0160,C0004,15,0.9778,0.8445,1,0.2286,0.3073,0.6892,0,0,1,2
U0160,C0040,15,0.2704,0.3472,0,0.408,0.4465,0.1051,0,1,0,2
U0160,C0057,15,0.7827,0.4612,0,0.3163,0.1677,0.2194,1,0,0,2
U0160,C0001,15,0.204,0.2585,0,0.3659,0.2368,0.8433,0,0,1,2
U0160,C0137,15,0.05,0.0988,1,0.1397,0.2365,0.2946,0,1,0,1
U0160,C0046,15,0.715,0.3068,0,0.2768,0.1672,0.9025,0,0,1,1
U0160,C0127,15,0.7541,0.0734,0,0.0894,0.2251,0.7216,1,0,0,2
U0161,C0021,16,0.3545,0.2957,0,0.3635,0.5089,0.667,0,0,1,2
U0161,C0032,16,0.2918,0.1791,0,0.3971,0.3099,0.8314,1,0,0,5
U0161,C0146,16,0.2437,0.0902,0,0.2666,0.2475,0.4564,0,0,1,5
U0161,C0109,16,0.3614,0.3265,0,0.362,0.3634,0.7171,0,0,1,5
U0161,C0111,16,0.8159,0.7759,0,0.2173,0.1798,0.6751,0,1,0,5
U0161,C0046,16,0.2898,0.3439,0,0.2768,0.1672,0.9025,0,0,1,2
U0161,C0035,16,0.4814,0.4316,0,0.1816,0.3439,0.844,0,0,1,2
U0161,C0064,16,0.6721,0.3358,0,0.402,0.3089,0.1624,1,0,0,5
U0161,C0138,16,0.7405,0.3949,0,0.5192,0.3613,0.7221,0,1,0,1
U0161,C0057,16,0.6881,0.4527,1,0.3163,0.1677,0.2194,1,0,0,1
U0161,C0072,16,0.7707,0.6544,0,0.0127,0.1046,0.4412,0,1,0,1
U0161,C0011,16,0.7798,0.4277,0,0.1781,0.0681,0.808,0,1,0,1
U0161,C0150,16,0.8872,0.3928,0,0.5086,0.0134,0.5967,0,1,0,1
U0161,C0055,16,0.05,0.1376,0,0.6798,0.4857,0.7355,1,0,0,1
U0161,C0137,16,0.2592,0.2543,0,0.1397,0.2365,0.2946,0,1,0,1
U0161,C0026,16,0.4882,0.2946,0,0.329,0.3563,0.5628,0,0,1,2
U0162,C0087,19,0.0882,0.33,0,0.2973,0.5346,0.1991,1,0,0,2
U0162,C0118,19,0.2557,0.2232,0,0.1071,0.322,0.7665,1,0,0,5
U0162,C0011,19,0.5505,0.1646,0,0.1781,0.0681,0.808,0,1,0,5
U0162,C0128,19,0.1623,0.215,0,0.3936,0.1843,0.6371,0,1,0,5
U0162,C0001,19,0.6464,0.3912,0,0.3659,0.2368,0.8433,0,0,1,5
U0162,C0062,19,0.6733,0.1573,0,0.2459,0.3905,0.4621,1,0,0,2
U0162,C0065,19,0.8608,0.7553,0,0.1786,0.2128,0.6745,0,1,0,5
U0162,C0012,19,0.5404,0.2834,1,0.2139,0.412,0.7963,1,0,0,5
U0162,C0114,19,0.1605,0.3105,0,0.6345,0.4008,0.626,0,0,1,2
U0162,C0136,19,0.3764,0.2484,0,0.7682,0.1707,0.2805,1,0,0,1
U0162,C0008,19,0.9157,0.2114,0,0.0494,0.0915,0.8395,0,1,0,2
U0162,C0056,19,0.878,0.2983,0,0.5135,0.1568,0.3781,0,0,1,2
U0162,C0090,19,0.33,0.05,0,0.3228,0.0591,0.149,1,0,0,2
U0162,C0109,19,0.6854,0.1696,0,0.362,0.3634,0.7171,0,0,1,1
U0162,C0120,19,0.8152,0.6854,0,0.7087,0.1727,0.6347,1,0,0,1
U0162,C0059,19,0.05,0.276,0,0.0711,0.1059,0.1048,1,0,0,1
U0162,C0040,19,0.8346,0.5389,0,0.408,0.4465,0.1051,0,1,0,1
U0162,C0103,19,0.1464,0.8369,0,0.0991,0.4177,0.1545,1,0,0,1
U0162,C0016,19,0.5217,0.4171,0,0.065,0.2654,0.5176,0,1,0,2
U0163,C0126,14,0.3347,0.6878,0,0.1993,0.2585,0.3217,1,0,0,5
U0163,C0149,14,0.7001,0.4713,1,0.5411,0.0374,0.3754,0,1,0,5
U0163,C0033,14,0.0693,0.6856,0,0.5872,0.251,0.7362,1,0,0,5
U0163,C0017,14,0.3326,0.2123,0,0.3559,0.4084,0.3376,0,0,1,5
U0163,C0118,14,0.1704,0.0871,0,0.1071,0.322,0.7665,1,0,0,5
U0163,C0124,14,0.2308,0.05,0,0.1069,0.5369,0.9241,1,0,0,5
U0163,C0030,14,0.1972,0.3693,0,0.0434,0.0563,0.1849,1,0,0,5
U0163,C0066,14,0.1443,0.3905,0,0.5309,0.1527,0.7597,0,0,1,2
U0163,C0007,14,0.2665,0.8185,0,0.2653,0.2633,0.7991,0,0,1,2
U0163,C0125,14,0.5276,0.4851,0,0.0932,0.1975,0.6547,0,1,0,2
U0163,C0100,14,0.5333,0.1193,0,0.3463,0.18,0.6218,0,1,0,2
U0163,C0028,14,0.8058,0.1429,0,0.3255,0.3258,0.4928,0,0,1,1
U0163,C0006,14,0.562,0.1572,0,0.2425,0.0563,0.1568,1,0,0,1
U0163,C0050,14,0.8052,0.2383,0,0.1149,0.3756,0.1722,1,0,0,1
U0164,C0060,19,0.8938,0.4214,1,0.2468,0.252,0.9446,1,0,0,5
U0164,C0128,19,0.5407,0.05,0,0.3936,0.1843,0.6371,0,1,0,5
U0164,C0051,19,0.1614,0.7433,0,0.158,0.2724,0.381,0,1,0,5
U0164,C0010,19,0.4821,0.4686,1,0.4611,0.2742,0.985,1,0,0,5
U0164,C0016,19,0.2456,0.3097,1,0.065,0.2654,0.5176,0,1,0,5
U0164,C0068,19,0.8739,0.3442,0,0.046,0.0367,0.2246,1,0,0,5
U0164,C0035,19,0.6052,0.1233,0,0.1816,0.3439,0.844,0,0,1,5
U0164,C0138,19,0.7268,0.45,1,0.5192,0.3613,0.7221,0,1,0,2
U0164,C0129,19,0.7317,0.2829,0,0.4607,0.3731,0.5514,0,1,0,2
U0164,C0150,19,0.3948,0.5224,0,0.5086,0.0134,0.5967,0,1,0,1
U0164,C0146,19,0.4553,0.1022,0,0.2666,0.2475,0.4564,0,0,1,2
U0164,C0040,19,0.8687,0.8458,1,0.408,0.4465,0.1051,0,1,0,2
U0164,C0115,19,0.3516,0.0827,0,0.4254,0.6476,0.8504,0,0,1,2
U0164,C0131,19,0.8184,0.6439,0,0.5277,0.3804,0.7151,0,1,0,2
U0164,C0140,19,0.4695,0.7042,0,0.197,0.2235,0.6571,0,1,0,1
U0164,C0025,19,0.6941,0.2685,0,0.2146,0.2956,0.281,0,0,1,1
U0164,C0094,19,0.1598,0.5297,0,0.4751,0.4894,0.5992,0,1,0,1
U0164,C0075,19,0.1222,0.4243,0,0.1449,0.173,0.6698,0,0,1,1
U0164,C0124,19,0.8243,0.2159,0,0.1069,0.5369,0.9241,1,0,0,2
U0165,C0127,15,0.0962,0.1766,0,0.0894,0.2251,0.7216,1,0,0,5
U0165,C0099,15,0.7195,0.1809,0,0.4917,0.4187,0.1381,0,1,0,5
U0165,C0125,15,0.2904,0.2502,1,0.0932,0.1975,0.6547,0,1,0,5
U0165,C0086,15,0.2691,0.9046,0,0.1612,0.0544,0.8773,0,0,1,5
U0165,C0038,15,0.6034,0.1647,0,0.1376,0.2429,0.8212,1,0,0,5
U0165,C0049,15,0.6073,0.1449,0,0.6034,0.4181,0.1123,1,0,0,5
U0165,C0081,15,0.5678,0.6107,1,0.4999,0.1906,0.9459,0,0,1,2
U0165,C0135,15,0.4711,0.2156,0,0.4356,0.3704,0.2127,0,1,0,5
U0165,C0032,15,0.05,0.639,1,0.3971,0.3099,0.8314,1,0,0,2
U0165,C0015,15,0.3412,0.2541,0,0.197,0.2352,0.2955,0,0,1,2
U0165,C0033,15,0.3832,0.05,0,0.5872,0.251,0.7362,1,0,0,2
U0165,C0143,15,0.2279,0.083,0,0.0952,0.5785,0.2151,0,0,1,2
U0165,C0112,15,0.2008,0.2476,0,0.6128,0.227,0.9582,0,1,0,2
U0165,C0008,15,0.7491,0.05,0,0.0494,0.0915,0.8395,0,1,0,1
U0165,C0004,15,0.5355,0.0747,0,0.2286,0.3073,0.6892,0,0,1,1
U0166,C0079,19,0.7851,0.4628,1,0.3678,0.218,0.8749,0,1,0,5
U0166,C0019,19,0.6006,0.98,1,0.5338,0.307,0.8996,0,0,1,5
U0166,C0055,19,0.818,0.5032,0,0.6798,0.4857,0.7355,1,0,0,5
U0166,C0076,19,0.4729,0.2981,0,0.3624,0.3919,0.5224,0,1,0,5
U0166,C0132,19,0.6025,0.4516,0,0.1512,0.4582,0.4379,0,1,0,5
U0166,C0043,19,0.9108,0.4558,0,0.4568,0.0377,0.3736,0,1,0,5
U0166,C0006,19,0.9296,0.553,0,0.2425,0.0563,0.1568,1,0,0,5
U0166,C0027,19,0.1111,0.4743,1,0.1749,0.1883,0.7626,0,1,0,2
U0166,C0036,19,0.1048,0.1795,0,0.2348,0.2335,0.9128,1,0,0,2
U0166,C0139,19,0.2012,0.4398,0,0.3969,0.2107,0.6427,0,0,1,2
U0166,C0071,19,0.301,0.0541,0,0.0339,0.1683,0.8816,0,0,1,2
U0166,C0040,19,0.8745,0.4607,0,0.408,0.4465,0.1051,0,1,0,2
U0166,C0080,19,0.7162,0.4442,0,0.4314,0.1509,0.5151,0,0,1,2
U0166,C0083,19,0.5807,0.718,0,0.2692,0.0207,0.9543,0,0,1,1
U0166,C0082,19,0.4073,0.5342,0,0.3825,0.2499,0.5536,0,1,0,1
U0166,C0085,19,0.7516,0.4479,0,0.7087,0.1505,0.4262,0,0,1,1
U0166,C0103,19,0.5378,0.3643,1,0.0991,0.4177,0.1545,1,0,0,1
U0166,C0091,19,0.8856,0.8013,0,0.4545,0.5855,0.6798,0,0,1,1
U0166,C0097,19,0.8995,0.2843,0,0.2215,0.1013,0.4724,1,0,0,2
U0167,C0028,21,0.6168,0.2349,0,0.3255,0.3258,0.4928,0,0,1,2
U0167,C0082,21,0.4456,0.4307,0,0.3825,0.2499,0.5536,0,1,0,2
U0167,C0054,21,0.4874,0.2464,0,0.2075,0.1691,0.9249,0,0,1,5
U0167,C0139,21,0.208,0.5204,1,0.3969,0.2107,0.6427,0,0,1,5
U0167,C0130,21,0.3975,0.7576,0,0.1453,0.2084,0.9786,0,0,1,5
U0167,C0031,21,0.3734,0.7671,0,0.3153,0.4029,0.7732,0,0,1,5
U0167,C0085,21,0.7898,0.253,1,0.7087,0.1505,0.4262,0,0,1,5
U0167,C0136,21,0.5148,0.4915,0,0.7682,0.1707,0.2805,1,0,0,5
U0167,C0148,21,0.8564,0.1749,0,0.1613,0.3539,0.9027,0,1,0,5
U0167,C0143,21,0.7282,0.655,0,0.0952,0.5785,0.2151,0,0,1,2
U0167,C0051,21,0.05,0.4315,0,0.158,0.2724,0.381,0,1,0,1
U0167,C0096,21,0.5872,0.2526,0,0.0227,0.0278,0.8292,0,0,1,2
U0167,C0097,21,0.2122,0.5896,0,0.2215,0.1013,0.4724,1,0,0,2
U0167,C0129,21,0.1805,0.3365,0,0.4607,0.3731,0.5514,0,1,0,2
U0167,C0038,21,0.184,0.8563,0,0.1376,0.2429,0.8212,1,0,0,1
U0167,C0010,21,0.8045,0.4403,1,0.4611,0.2742,0.985,1,0,0,1
U0167,C0025,21,0.4679,0.2717,0,0.2146,0.2956,0.281,0,0,1,1
U0167,C0075,21,0.4917,0.1749,0,0.1449,0.173,0.6698,0,0,1,1
U0167,C0123,21,0.6287,0.2163,0,0.2637,0.0474,0.3077,0,1,0,1
U0167,C0008,21,0.0903,0.1,0,0.0494,0.0915,0.8395,0,1,0,1
U0167,C0145,21,0.784,0.1127,0,0.2817,0.2066,0.4919,0,0,1,2
U0168,C0054,20,0.1278,0.05,0,0.2075,0.1691,0.9249,0,0,1,5
U0168,C0132,20,0.05,0.1546,0,0.1512,0.4582,0.4379,0,1,0,2
U0168,C0004,20,0.5043,0.3635,1,0.2286,0.3073,0.6892,0,0,1,2
U0168,C0109,20,0.05,0.3816,1,0.362,0.3634,0.7171,0,0,1,5
U0168,C0064,20,0.0842,0.2527,0,0.402,0.3089,0.1624,1,0,0,2
U0168,C0045,20,0.4967,0.98,1,0.1719,0.2712,0.965,1,0,0,5
U0168,C0005,20,0.6529,0.4075,0,0.3696,0.2129,0.8414,0,0,1,5
U0168,C0108,20,0.1416,0.05,0,0.2017,0.1291,0.5094,0,0,1,5
U0168,C0086,20,0.7346,0.4845,0,0.1612,0.0544,0.8773,0,0,1,5
U0168,C0130,20,0.2987,0.4079,0,0.1453,0.2084,0.9786,0,0,1,2
U0168,C0141,20,0.9076,0.3036,1,0.4364,0.2668,0.9467,1,0,0,2
U0168,C0076,20,0.399,0.1896,0,0.3624,0.3919,0.5224,0,1,0,2
U0168,C0072,20,0.2215,0.6051,0,0.0127,0.1046,0.4412,0,1,0,1
U0168,C0006,20,0.1187,0.3029,0,0.2425,0.0563,0.1568,1,0,0,1
U0168,C0149,20,0.3644,0.407,0,0.5411,0.0374,0.3754,0,1,0,1
U0168,C0055,20,0.5504,0.3214,0,0.6798,0.4857,0.7355,1,0,0,2
U0168,C0024,20,0.7722,0.7433,0,0.5432,0.2853,0.4861,0,0,1,1
U0168,C0119,20,0.5803,0.2808,0,0.2205,0.3384,0.1854,1,0,0,1
U0168,C0077,20,0.8792,0.1633,0,0.3769,0.0663,0.4988,0,1,0,1
U0168,C0001,20,0.1891,0.4336,0,0.3659,0.2368,0.8433,0,0,1,1
U0169,C0106,20,0.1465,0.3244,1,0.33,0.3127,0.2543,0,1,0,2
U0169,C0084,20,0.1826,0.7066,0,0.144,0.2945,0.8495,0,1,0,5
U0169,C0033,20,0.8592,0.1761,0,0.5872,0.251,0.7362,1,0,0,5
U0169,C0119,20,0.9312,0.7032,0,0.2205,0.3384,0.1854,1,0,0,5
U0169,C0015,20,0.0823,0.0689,1,0.197,0.2352,0.2955,0,0,1,5
U0169,C0029,20,0.1042,0.05,0,0.2135,0.1634,0.7001,0,1,0,5
U0169,C0094,20,0.6415,0.1411,0,0.4751,0.4894,0.5992,0,1,0,5
U0169,C0025,20,0.4215,0.2359,0,0.2146,0.2956,0.281,0,0,1,2
U0169,C0112,20,0.6826,0.154,1,0.6128,0.227,0.9582,0,1,0,2
U0169,C0038,20,0.1225,0.4633,1,0.1376,0.2429,0.8212,1,0,0,5
U0169,C0081,20,0.9765,0.8786,0,0.4999,0.1906,0.9459,0,0,1,2
U0169,C0039,20,0.7768,0.05,0,0.4162,0.5551,0.7068,0,1,0,1
U0169,C0044,20,0.7868,0.3936,0,0.1681,0.234,0.3863,0,1,0,1
U0169,C0131,20,0.3255,0.2545,0,0.5277,0.3804,0.7151,0,1,0,1
U0169,C0140,20,0.8622,0.1087,0,0.197,0.2235,0.6571,0,1,0,1
U0169,C0098,20,0.3209,0.1231,0,0.6351,0.0448,0.2837,0,1,0,1
U0169,C0148,20,0.3028,0.7255,1,0.1613,0.3539,0.9027,0,1,0,2
U0169,C0132,20,0.5321,0.095,0,0.1512,0.4582,0.4379,0,1,0,2
U0169,C0093,20,0.3435,0.2003,0,0.1232,0.4355,0.1628,1,0,0,1
U0169,C0135,20,0.6922,0.1542,0,0.4356,0.3704,0.2127,0,1,0,2
U0170,C0114,15,0.1284,0.1474,0,0.6345,0.4008,0.626,0,0,1,5
U0170,C0045,15,0.4643,0.1474,1,0.1719,0.2712,0.965,1,0,0,2
U0170,C0137,15,0.6501,0.1305,1,0.1397,0.2365,0.2946,0,1,0,5
U0170,C0115,15,0.5008,0.7681,0,0.4254,0.6476,0.8504,0,0,1,5
U0170,C0144,15,0.517,0.8661,1,0.3825,0.0875,0.4128,0,0,1,5
U0170,C0066,15,0.2446,0.2055,0,0.5309,0.1527,0.7597,0,0,1,5
U0170,C0056,15,0.9176,0.1509,0,0.5135,0.1568,0.3781,0,0,1,5
U0170,C0028,15,0.9725,0.4848,0,0.3255,0.3258,0.4928,0,0,1,1
U0170,C0038,15,0.1218,0.7133,1,0.1376,0.2429,0.8212,1,0,0,1
U0170,C0071,15,0.2243,0.3025,0,0.0339,0.1683,0.8816,0,0,1,1
U0170,C0015,15,0.9232,0.2455,1,0.197,0.2352,0.2955,0,0,1,1
U0170,C0125,15,0.4014,0.4621,0,0.0932,0.1975,0.6547,0,1,0,1
U0170,C0081,15,0.0995,0.0733,0,0.4999,0.1906,0.9459,0,0,1,1
U0170,C0076,15,0.7615,0.6821,0,0.3624,0.3919,0.5224,0,1,0,1
U0170,C0140,15,0.05,0.3458,0,0.197,0.2235,0.6571,0,1,0,2
U0171,C0013,18,0.9157,0.4468,0,0.3808,0.151,0.7731,1,0,0,2
U0171,C0086,18,0.5619,0.4093,0,0.1612,0.0544,0.8773,0,0,1,5
U0171,C0129,18,0.2697,0.6071,0,0.4607,0.3731,0.5514,0,1,0,5
U0171,C0097,18,0.3729,0.1272,0,0.2215,0.1013,0.4724,1,0,0,5
U0171,C0007,18,0.6294,0.2438,0,0.2653,0.2633,0.7991,0,0,1,5
U0171,C0144,18,0.6224,0.3987,1,0.3825,0.0875,0.4128,0,0,1,5
U0171,C0049,18,0.6846,0.3938,1,0.6034,0.4181,0.1123,1,0,0,5
U0171,C0006,18,0.684,0.7835,0,0.2425,0.0563,0.1568,1,0,0,5
U0171,C0044,18,0.0897,0.1868,0,0.1681,0.234,0.3863,0,1,0,2
U0171,C0081,18,0.5214,0.1795,0,0.4999,0.1906,0.9459,0,0,1,2
U0171,C0092,18,0.3252,0.405,0,0.2617,0.3656,0.9768,0,0,1,2
U0171,C0082,18,0.553,0.8957,1,0.3825,0.2499,0.5536,0,1,0,2
U0171,C0105,18,0.1694,0.6963,1,0.3057,0.588,0.1225,0,1,0,1
U0171,C0021,18,0.4634,0.5777,1,0.3635,0.5089,0.667,0,0,1,1
U0171,C0032,18,0.848,0.1765,0,0.3971,0.3099,0.8314,1,0,0,1
U0171,C0103,18,0.8566,0.2148,0,0.0991,0.4177,0.1545,1,0,0,1
U0171,C0046,18,0.7989,0.418,0,0.2768,0.1672,0.9025,0,0,1,1
U0171,C0040,18,0.0584,0.3822,0,0.408,0.4465,0.1051,0,1,0,2
U0172,C0134,16,0.3039,0.05,0,0.2475,0.1161,0.8961,0,1,0,5
U0172,C0061,16,0.7027,0.1977,0,0.2856,0.3106,0.4733,0,1,0,5
U0172,C0023,16,0.8187,0.4927,0,0.1731,0.0376,0.8054,1,0,0,5
U0172,C0057,16,0.2974,0.3,0,0.3163,0.1677,0.2194,1,0,0,5
U0172,C0040,16,0.6143,0.3209,0,0.408,0.4465,0.1051,0,1,0,5
U0172,C0072,16,0.4166,0.3025,0,0.0127,0.1046,0.4412,0,1,0,5
U0172,C0129,16,0.4184,0.2812,0,0.4607,0.3731,0.5514,0,1,0,2
U0172,C0085,16,0.4206,0.48,0,0.7087,0.1505,0.4262,0,0,1,5
U0172,C0077,16,0.4852,0.2164,0,0.3769,0.0663,0.4988,0,1,0,2
U0172,C0131,16,0.719,0.3843,0,0.5277,0.3804,0.7151,0,1,0,2
U0172,C0016,16,0.5922,0.2256,0,0.065,0.2654,0.5176,0,1,0,1
U0172,C0007,16,0.1614,0.2665,0,0.2653,0.2633,0.7991,0,0,1,1
U0172,C0110,16,0.0557,0.1093,0,0.2999,0.3518,0.9192,0,0,1,1
U0172,C0098,16,0.9537,0.2323,0,0.6351,0.0448,0.2837,0,1,0,1
U0172,C0122,16,0.1895,0.1299,0,0.0737,0.1789,0.1599,0,1,0,1
U0172,C0002,16,0.1126,0.944,0,0.3844,0.2499,0.5168,0,1,0,2
U0173,C0043,20,0.4022,0.3607,0,0.4568,0.0377,0.3736,0,1,0,2
U0173,C0020,20,0.8344,0.682,1,0.3514,0.3371,0.8419,1,0,0,5
U0173,C0114,20,0.9573,0.5213,0,0.6345,0.4008,0.626,0,0,1,5
U0173,C0011,20,0.4296,0.1425,1,0.1781,0.0681,0.808,0,1,0,5
U0173,C0027,20,0.2895,0.5034,0,0.1749,0.1883,0.7626,0,1,0,5
U0173,C0071,20,0.0868,0.2595,0,0.0339,0.1683,0.8816,0,0,1,5
U0173,C0065,20,0.1911,0.464,0,0.1786,0.2128,0.6745,0,1,0,2
U0173,C0047,20,0.7419,0.7213,0,0.2469,0.1057,0.8643,1,0,0,5
U0173,C0140,20,0.9542,0.4209,0,0.197,0.2235,0.6571,0,1,0,5
U0173,C0074,20,0.4104,0.9056,0,0.1902,0.3126,0.6567,1,0,0,2
U0173,C0085,20,0.9586,0.3008,1,0.7087,0.1505,0.4262,0,0,1,2
U0173,C0041,20,0.5881,0.185,0,0.5116,0.567,0.5192,0,0,1,2
U0173,C0051,20,0.471,0.4474,0,0.158,0.2724,0.381,0,1,0,2
U0173,C0126,20,0.7689,0.3985,0,0.1993,0.2585,0.3217,1,0,0,1
U0173,C0107,20,0.8506,0.2303,0,0.3318,0.1496,0.5082,1,0,0,1
U0173,C0139,20,0.3159,0.3343,1,0.3969,0.2107,0.6427,0,0,1,1
U0173,C0142,20,0.1778,0.2241,0,0.3655,0.3272,0.7983,1,0,0,1
U0173,C0024,20,0.2121,0.462,0,0.5432,0.2853,0.4861,0,0,1,1
U0173,C0003,20,0.781,0.5586,0,0.1995,0.3083,0.3506,1,0,0,1
U0173,C0080,20,0.3726,0.2222,1,0.4314,0.1509,0.5151,0,0,1,2
U0174,C0117,17,0.611,0.2911,0,0.0224,0.0825,0.1707,1,0,0,5
U0174,C0127,17,0.8193,0.3781,1,0.0894,0.2251,0.7216,1,0,0,5
U0174,C0041,17,0.7584,0.8053,0,0.5116,0.567,0.5192,0,0,1,5
U0174,C0027,17,0.8135,0.3078,0,0.1749,0.1883,0.7626,0,1,0,5
U0174,C0044,17,0.5333,0.8097,1,0.1681,0.234,0.3863,0,1,0,5
U0174,C0006,17,0.6106,0.5032,0,0.2425,0.0563,0.1568,1,0,0,5
U0174,C0020,17,0.5143,0.2944,1,0.3514,0.3371,0.8419,1,0,0,5
U0174,C0062,17,0.4766,0.4213,0,0.2459,0.3905,0.4621,1,0,0,2
U0174,C0014,17,0.5094,0.0714,0,0.2162,0.1109,0.2355,0,1,0,2
U0174,C0078,17,0.4437,0.1318,0,0.245,0.2838,0.5447,1,0,0,2
U0174,C0074,17,0.5366,0.2203,0,0.1902,0.3126,0.6567,1,0,0,2
U0174,C0138,17,0.6872,0.3408,1,0.5192,0.3613,0.7221,0,1,0,2
U0174,C0053,17,0.2693,0.3895,0,0.1426,0.0445,0.1154,0,0,1,2
U0174,C0106,17,0.3273,0.2731,0,0.33,0.3127,0.2543,0,1,0,1
U0174,C0050,17,0.3447,0.3185,0,0.1149,0.3756,0.1722,1,0,0,1
U0174,C0075,17,0.2858,0.1741,0,0.1449,0.173,0.6698,0,0,1,1
U0174,C0015,17,0.5543,0.4907,0,0.197,0.2352,0.2955,0,0,1,2
U0175,C0099,19,0.2328,0.5994,0,0.4917,0.4187,0.1381,0,1,0,5
U0175,C0140,19,0.3273,0.2344,1,0.197,0.2235,0.6571,0,1,0,5
U0175,C0002,19,0.2639,0.1665,0,0.3844,0.2499,0.5168,0,1,0,5
U0175,C0061,19,0.5312,0.0661,1,0.2856,0.3106,0.4733,0,1,0,5
U0175,C0065,19,0.3891,0.32,0,0.1786,0.2128,0.6745,0,1,0,5
U0175,C0145,19,0.385,0.2811,0,0.2817,0.2066,0.4919,0,0,1,5
U0175,C0125,19,0.5206,0.4008,0,0.0932,0.1975,0.6547,0,1,0,2
U0175,C0058,19,0.6638,0.2833,0,0.2961,0.1857,0.5605,0,1,0,5
U0175,C0110,19,0.4626,0.1795,0,0.2999,0.3518,0.9192,0,0,1,2
U0175,C0019,19,0.05,0.3953,0,0.5338,0.307,0.8996,0,0,1,2
U0175,C0001,19,0.2922,0.1025,0,0.3659,0.2368,0.8433,0,0,1,2
U0175,C0102,19,0.1184,0.6883,0,0.2618,0.4192,0.9539,0,0,1,1
U0175,C0129,19,0.7462,0.408,0,0.4607,0.3731,0.5514,0,1,0,1
U0175,C0130,19,0.8071,0.1292,0,0.1453,0.2084,0.9786,0,0,1,1
U0175,C0069,19,0.0911,0.424,0,0.2052,0.6311,0.621,1,0,0,1
U0175,C0007,19,0.3313,0.6166,0,0.2653,0.2633,0.7991,0,0,1,2
U0175,C0100,19,0.664,0.1574,0,0.3463,0.18,0.6218,0,1,0,2
U0175,C0107,19,0.2562,0.3857,0,0.3318,0.1496,0.5082,1,0,0,2
U0175,C0041,19,0.1628,0.1827,1,0.5116,0.567,0.5192,0,0,1,1
U0176,C0132,19,0.09,0.4419,0,0.1512,0.4582,0.4379,0,1,0,2
U0176,C0089,19,0.2926,0.1575,0,0.172,0.2367,0.6685,0,0,1,5
U0176,C0069,19,0.3981,0.3867,1,0.2052,0.6311,0.621,1,0,0,5
U0176,C0131,19,0.1343,0.0632,0,0.5277,0.3804,0.7151,0,1,0,5
U0176,C0121,19,0.4003,0.0972,0,0.1379,0.1556,0.7324,1,0,0,5
U0176,C0028,19,0.6884,0.3938,1,0.3255,0.3258,0.4928,0,0,1,5
U0176,C0098,19,0.0807,0.1415,0,0.6351,0.0448,0.2837,0,1,0,5
U0176,C0062,19,0.2701,0.9387,0,0.2459,0.3905,0.4621,1,0,0,5
U0176,C0150,19,0.9342,0.1667,0,0.5086,0.0134,0.5967,0,1,0,2
U0176,C0049,19,0.6242,0.9293,0,0.6034,0.4181,0.1123,1,0,0,1
U0176,C0042,19,0.6354,0.1671,0,0.0906,0.4937,0.614,1,0,0,2
U0176,C0035,19,0.2141,0.6441,0,0.1816,0.3439,0.844,0,0,1,2
U0176,C0115,19,0.7023,0.7498,0,0.4254,0.6476,0.8504,0,0,1,2
U0176,C0119,19,0.7711,0.4619,0,0.2205,0.3384,0.1854,1,0,0,2
U0176,C0136,19,0.6402,0.3025,0,0.7682,0.1707,0.2805,1,0,0,1
U0176,C0095,19,0.095,0.8819,0,0.2951,0.2241,0.773,1,0,0,1
U0176,C0046,19,0.1195,0.4727,0,0.2768,0.1672,0.9025,0,0,1,1
U0176,C0054,19,0.5607,0.0914,0,0.2075,0.1691,0.9249,0,0,1,1
U0176,C0018,19,0.4284,0.4844,1,0.1823,0.3987,0.4737,0,0,1,2
U0177,C0042,18,0.7213,0.9417,0,0.0906,0.4937,0.614,1,0,0,5
U0177,C0125,18,0.1025,0.3948,0,0.0932,0.1975,0.6547,0,1,0,5
U0177,C0126,18,0.5803,0.3502,0,0.1993,0.2585,0.3217,1,0,0,5
U0177,C0099,18,0.624,0.4716,0,0.4917,0.4187,0.1381,0,1,0,2
U0177,C0144,18,0.2975,0.5079,1,0.3825,0.0875,0.4128,0,0,1,5
U0177,C0045,18,0.7906,0.9696,1,0.1719,0.2712,0.965,1,0,0,5
U0177,C0059,18,0.6383,0.3448,0,0.0711,0.1059,0.1048,1,0,0,5
U0177,C0076,18,0.5436,0.1427,0,0.3624,0.3919,0.5224,0,1,0,5
U0177,C0147,18,0.8041,0.235,1,0.4412,0.0156,0.7024,0,0,1,2
U0177,C0122,18,0.3607,0.6584,0,0.0737,0.1789,0.1599,0,1,0,2
U0177,C0005,18,0.3273,0.2008,0,0.3696,0.2129,0.8414,0,0,1,2
U0177,C0085,18,0.7112,0.0846,0,0.7087,0.1505,0.4262,0,0,1,2
U0177,C0128,18,0.8588,0.0582,0,0.3936,0.1843,0.6371,0,1,0,2
U0177,C0133,18,0.5988,0.5163,0,0.2197,0.4224,0.8201,1,0,0,1
U0177,C0142,18,0.1657,0.7717,0,0.3655,0.3272,0.7983,1,0,0,1
U0177,C0057,18,0.1504,0.1668,0,0.3163,0.1677,0.2194,1,0,0,1
U0177,C0065,18,0.4948,0.7338,0,0.1786,0.2128,0.6745,0,1,0,1
U0177,C0003,18,0.295,0.7371,1,0.1995,0.3083,0.3506,1,0,0,2
U0178,C0047,19,0.7866,0.192,0,0.2469,0.1057,0.8643,1,0,0,2
U0178,C0001,19,0.958,0.2677,0,0.3659,0.2368,0.8433,0,0,1,5
U0178,C0137,19,0.4034,0.372,0,0.1397,0.2365,0.2946,0,1,0,5
U0178,C0129,19,0.3717,0.1462,0,0.4607,0.3731,0.5514,0,1,0,5
U0178,C0084,19,0.7119,0.4066,1,0.144,0.2945,0.8495,0,1,0,5
U0178,C0144,19,0.7167,0.298,0,0.3825,0.0875,0.4128,0,0,1,2
U0178,C0036,19,0.2112,0.2298,0,0.2348,0.2335,0.9128,1,0,0,5
U0178,C0059,19,0.8301,0.1642,0,0.0711,0.1059,0.1048,1,0,0,5
U0178,C0061,19,0.4229,0.7763,0,0.2856,0.3106,0.4733,0,1,0,2
U0178,C0011,19,0.1907,0.3194,0,0.1781,0.0681,0.808,0,1,0,5
U0178,C0146,19,0.8872,0.3733,0,0.2666,0.2475,0.4564,0,0,1,2
U0178,C0056,19,0.1976,0.1029,0,0.5135,0.1568,0.3781,0,0,1,1
U0178,C0131,19,0.0992,0.8868,1,0.5277,0.3804,0.7151,0,1,0,1
U0178,C0053,19,0.7492,0.9593,0,0.1426,0.0445,0.1154,0,0,1,1
U0178,C0002,19,0.1419,0.3899,0,0.3844,0.2499,0.5168,0,1,0,1
U0178,C0150,19,0.2222,0.2304,0,0.5086,0.0134,0.5967,0,1,0,1
U0178,C0067,19,0.8124,0.5883,0,0.4035,0.1466,0.7085,0,0,1,1
U0178,C0007,19,0.5346,0.3481,0,0.2653,0.2633,0.7991,0,0,1,1
U0178,C0071,19,0.8151,0.4298,0,0.0339,0.1683,0.8816,0,0,1,2
U0179,C0061,18,0.9351,0.3067,0,0.2856,0.3106,0.4733,0,1,0,5
U0179,C0133,18,0.2765,0.168,0,0.2197,0.4224,0.8201,1,0,0,5
U0179,C0095,18,0.1386,0.1049,0,0.2951,0.2241,0.773,1,0,0,5
U0179,C0135,18,0.8015,0.4321,0,0.4356,0.3704,0.2127,0,1,0,5
U0179,C0047,18,0.9274,0.0805,0,0.2469,0.1057,0.8643,1,0,0,5
U0179,C0096,18,0.5755,0.5594,0,0.0227,0.0278,0.8292,0,0,1,5
U0179,C0070,18,0.355,0.163,0,0.5536,0.18,0.6125,0,0,1,2
U0179,C0074,18,0.3432,0.2739,0,0.1902,0.3126,0.6567,1,0,0,5
U0179,C0029,18,0.7243,0.05,0,0.2135,0.1634,0.7001,0,1,0,2
U0179,C0111,18,0.6522,0.05,0,0.2173,0.1798,0.6751,0,1,0,2
U0179,C0078,18,0.3053,0.98,0,0.245,0.2838,0.5447,1,0,0,2
U0179,C0032,18,0.26,0.202,0,0.3971,0.3099,0.8314,1,0,0,2
U0179,C0055,18,0.0517,0.3119,0,0.6798,0.4857,0.7355,1,0,0,2
U0179,C0094,18,0.0791,0.0568,0,0.4751,0.4894,0.5992,0,1,0,1
U0179,C0015,18,0.4131,0.1446,0,0.197,0.2352,0.2955,0,0,1,1
U0179,C0118,18,0.1273,0.2129,0,0.1071,0.322,0.7665,1,0,0,1
U0179,C0009,18,0.4621,0.0923,0,0.5793,0.095,0.5154,0,0,1,1
U0179,C0006,18,0.5557,0.2924,0,0.2425,0.0563,0.1568,1,0,0,2
U0180,C0054,15,0.2021,0.1002,0,0.2075,0.1691,0.9249,0,0,1,5
U0180,C0084,15,0.8621,0.8021,1,0.144,0.2945,0.8495,0,1,0,5
U0180,C0130,15,0.6312,0.05,0,0.1453,0.2084,0.9786,0,0,1,5
U0180,C0087,15,0.3232,0.2143,0,0.2973,0.5346,0.1991,1,0,0,5
U0180,C0078,15,0.3277,0.5247,1,0.245,0.2838,0.5447,1,0,0,5
U0180,C0027,15,0.7413,0.0824,0,0.1749,0.1883,0.7626,0,1,0,5
U0180,C0042,15,0.244,0.2639,0,0.0906,0.4937,0.614,1,0,0,5
U0180,C0060,15,0.2436,0.5103,0,0.2468,0.252,0.9446,1,0,0,2
U0180,C0039,15,0.6007,0.1564,0,0.4162,0.5551,0.7068,0,1,0,2
U0180,C0106,15,0.5695,0.3652,0,0.33,0.3127,0.2543,0,1,0,1
U0180,C0134,15,0.3465,0.9232,0,0.2475,0.1161,0.8961,0,1,0,1
U0180,C0100,15,0.2288,0.34,0,0.3463,0.18,0.6218,0,1,0,1
U0180,C0116,15,0.1398,0.1814,0,0.3269,0.2855,0.6783,0,1,0,1
U0180,C0011,15,0.7818,0.3278,0,0.1781,0.0681,0.808,0,1,0,1
U0180,C0135,15,0.564,0.394,0,0.4356,0.3704,0.2127,0,1,0,1
U0181,C0009,18,0.4472,0.0711,0,0.5793,0.095,0.5154,0,0,1,5
U0181,C0048,18,0.4713,0.1278,0,0.261,0.7379,0.4654,0,0,1,5
U0181,C0144,18,0.0983,0.133,0,0.3825,0.0875,0.4128,0,0,1,5
U0181,C0001,18,0.579,0.321,0,0.3659,0.2368,0.8433,0,0,1,5
U0181,C0013,18,0.2599,0.8222,1,0.3808,0.151,0.7731,1,0,0,5
U0181,C0056,18,0.1079,0.152,0,0.5135,0.1568,0.3781,0,0,1,5
U0181,C0059,18,0.5532,0.3759,0,0.0711,0.1059,0.1048,1,0,0,2
U0181,C0102,18,0.451,0.2832,0,0.2618,0.4192,0.9539,0,0,1,2
U0181,C0055,18,0.2682,0.1207,0,0.6798,0.4857,0.7355,1,0,0,5
U0181,C0084,18,0.0532,0.05,1,0.144,0.2945,0.8495,0,1,0,2
U0181,C0015,18,0.9193,0.3483,0,0.197,0.2352,0.2955,0,0,1,2
U0181,C0101,18,0.6584,0.6016,1,0.4391,0.1313,0.5076,1,0,0,1
U0181,C0115,18,0.7358,0.3186,0,0.4254,0.6476,0.8504,0,0,1,1
U0181,C0018,18,0.3631,0.657,0,0.1823,0.3987,0.4737,0,0,1,1
U0181,C0109,18,0.98,0.4803,0,0.362,0.3634,0.7171,0,0,1,2
U0181,C0052,18,0.8411,0.2392,0,0.2264,0.1546,0.1142,0,1,0,2
U0181,C0094,18,0.6207,0.7598,1,0.4751,0.4894,0.5992,0,1,0,2
U0181,C0111,18,0.8053,0.8811,0,0.2173,0.1798,0.6751,0,1,0,1
U0182,C0082,17,0.5986,0.7121,0,0.3825,0.2499,0.5536,0,1,0,5
U0182,C0030,17,0.4626,0.5427,1,0.0434,0.0563,0.1849,1,0,0,5
U0182,C0126,17,0.2011,0.3998,0,0.1993,0.2585,0.3217,1,0,0,5
U0182,C0088,17,0.8509,0.3181,0,0.5048,0.7336,0.9325,0,1,0,5
U0182,C0147,17,0.4599,0.2439,0,0.4412,0.0156,0.7024,0,0,1,5
U0182,C0068,17,0.6281,0.05,0,0.046,0.0367,0.2246,1,0,0,5
U0182,C0111,17,0.8413,0.1744,0,0.2173,0.1798,0.6751,0,1,0,5
U0182,C0145,17,0.8824,0.6511,1,0.2817,0.2066,0.4919,0,0,1,2
U0182,C0138,17,0.596,0.3543,0,0.5192,0.3613,0.7221,0,1,0,2
U0182,C0060,17,0.05,0.1286,0,0.2468,0.252,0.9446,1,0,0,2
U0182,C0115,17,0.2037,0.4315,0,0.4254,0.6476,0.8504,0,0,1,2
U0182,C0100,17,0.2475,0.1947,0,0.3463,0.18,0.6218,0,1,0,2
U0182,C0065,17,0.3157,0.1976,0,0.1786,0.2128,0.6745,0,1,0,2
U0182,C0053,17,0.764,0.4781,0,0.1426,0.0445,0.1154,0,0,1,1
U0182,C0085,17,0.3978,0.2058,0,0.7087,0.1505,0.4262,0,0,1,1
U0182,C0077,17,0.4441,0.435,0,0.3769,0.0663,0.4988,0,1,0,1
U0182,C0029,17,0.3056,0.9655,0,0.2135,0.1634,0.7001,0,1,0,2
U0183,C0109,14,0.3442,0.0911,0,0.362,0.3634,0.7171,0,0,1,5
U0183,C0120,14,0.2309,0.8423,1,0.7087,0.1727,0.6347,1,0,0,5
U0183,C0081,14,0.4729,0.4801,0,0.4999,0.1906,0.9459,0,0,1,5
U0183,C0027,14,0.6924,0.37,0,0.1749,0.1883,0.7626,0,1,0,5
U0183,C0073,14,0.2822,0.2115,0,0.5746,0.2968,0.4343,1,0,0,5
U0183,C0114,14,0.3277,0.0849,0,0.6345,0.4008,0.626,0,0,1,5
U0183,C0041,14,0.6082,0.3132,1,0.5116,0.567,0.5192,0,0,1,5
U0183,C0028,14,0.4726,0.9196,0,0.3255,0.3258,0.4928,0,0,1,2
U0183,C0080,14,0.1886,0.1941,0,0.4314,0.1509,0.5151,0,0,1,2
U0183,C0040,14,0.3279,0.6254,0,0.408,0.4465,0.1051,0,1,0,2
U0183,C0096,14,0.2726,0.0873,0,0.0227,0.0278,0.8292,0,0,1,2
U0183,C0069,14,0.1787,0.2941,0,0.2052,0.6311,0.621,1,0,0,1
U0183,C0131,14,0.4877,0.8142,0,0.5277,0.3804,0.7151,0,1,0,2
U0183,C0136,14,0.4156,0.05,0,0.7682,0.1707,0.2805,1,0,0,1
U0184,C0121,18,0.9012,0.9598,0,0.1379,0.1556,0.7324,1,0,0,5
U0184,C0105,18,0.8745,0.2016,0,0.3057,0.588,0.1225,0,1,0,5
U0184,C0054,18,0.7602,0.3334,0,0.2075,0.1691,0.9249,0,0,1,5
U0184,C0015,18,0.6743,0.3547,0,0.197,0.2352,0.2955,0,0,1,5
U0184,C0033,18,0.2225,0.4619,0,0.5872,0.251,0.7362,1,0,0,5
U0184,C0148,18,0.49,0.103,0,0.1613,0.3539,0.9027,0,1,0,5
U0184,C0098,18,0.6736,0.3763,0,0.6351,0.0448,0.2837,0,1,0,5
U0184,C0108,18,0.8973,0.2572,1,0.2017,0.1291,0.5094,0,0,1,2
U0184,C0145,18,0.1944,0.1085,0,0.2817,0.2066,0.4919,0,0,1,2
U0184,C0084,18,0.8219,0.2151,0,0.144,0.2945,0.8495,0,1,0,1
U0184,C0137,18,0.7599,0.4641,0,0.1397,0.2365,0.2946,0,1,0,2
U0184,C0043,18,0.1834,0.1407,0,0.4568,0.0377,0.3736,0,1,0,1
U0184,C0047,18,0.2628,0.1411,0,0.2469,0.1057,0.8643,1,0,0,1
U0184,C0036,18,0.4743,0.3052,1,0.2348,0.2335,0.9128,1,0,0,1
U0184,C0059,18,0.6353,0.216,1,0.0711,0.1059,0.1048,1,0,0,1
U0184,C0118,18,0.7005,0.05,0,0.1071,0.322,0.7665,1,0,0,1
U0184,C0093,18,0.3958,0.1572,1,0.1232,0.4355,0.1628,1,0,0,1
U0184,C0049,18,0.6206,0.1296,0,0.6034,0.4181,0.1123,1,0,0,2
U0185,C0124,18,0.6523,0.294,0,0.1069,0.5369,0.9241,1,0,0,2
U0185,C0073,18,0.0987,0.0816,0,0.5746,0.2968,0.4343,1,0,0,2
U0185,C0003,18,0.4043,0.1386,0,0.1995,0.3083,0.3506,1,0,0,5
U0185,C0106,18,0.3728,0.2323,0,0.33,0.3127,0.2543,0,1,0,2
U0185,C0042,18,0.4319,0.3155,0,0.0906,0.4937,0.614,1,0,0,5
U0185,C0144,18,0.4236,0.2283,0,0.3825,0.0875,0.4128,0,0,1,5
U0185,C0014,18,0.3775,0.2741,0,0.2162,0.1109,0.2355,0,1,0,5
U0185,C0004,18,0.2066,0.3848,0,0.2286,0.3073,0.6892,0,0,1,2
U0185,C0062,18,0.2531,0.1327,0,0.2459,0.3905,0.4621,1,0,0,2
U0185,C0034,18,0.1996,0.8286,0,0.4504,0.0773,0.9705,0,1,0,1
U0185,C0001,18,0.1949,0.1643,0,0.3659,0.2368,0.8433,0,0,1,2
U0185,C0116,18,0.4833,0.4492,0,0.3269,0.2855,0.6783,0,1,0,1
U0185,C0058,18,0.8387,0.882,0,0.2961,0.1857,0.5605,0,1,0,1
U0185,C0142,18,0.2228,0.4238,1,0.3655,0.3272,0.7983,1,0,0,1
U0185,C0113,18,0.8172,0.1865,0,0.4553,0.1208,0.8935,1,0,0,1
U0185,C0085,18,0.5989,0.249,0,0.7087,0.1505,0.4262,0,0,1,1
U0185,C0143,18,0.285,0.2458,0,0.0952,0.5785,0.2151,0,0,1,1
U0185,C0037,18,0.3224,0.05,0,0.5885,0.8288,0.9402,0,1,0,2
U0186,C0040,14,0.7874,0.2337,0,0.408,0.4465,0.1051,0,1,0,5
U0186,C0139,14,0.7991,0.5648,0,0.3969,0.2107,0.6427,0,0,1,5
U0186,C0101,14,0.5195,0.4788,0,0.4391,0.1313,0.5076,1,0,0,5
U0186,C0083,14,0.533,0.1891,0,0.2692,0.0207,0.9543,0,0,1,5
U0186,C0021,14,0.2322,0.2486,1,0.3635,0.5089,0.667,0,0,1,5
U0186,C0118,14,0.8813,0.1173,1,0.1071,0.322,0.7665,1,0,0,5
U0186,C0113,14,0.606,0.3125,0,0.4553,0.1208,0.8935,1,0,0,5
U0186,C0046,14,0.8731,0.3721,0,0.2768,0.1672,0.9025,0,0,1,2
U0186,C0141,14,0.4662,0.05,1,0.4364,0.2668,0.9467,1,0,0,2
U0186,C0044,14,0.7166,0.8615,0,0.1681,0.234,0.3863,0,1,0,1
U0186,C0045,14,0.5522,0.3011,1,0.1719,0.2712,0.965,1,0,0,1
U0186,C0064,14,0.5944,0.2568,0,0.402,0.3089,0.1624,1,0,0,1
U0186,C0014,14,0.05,0.4413,0,0.2162,0.1109,0.2355,0,1,0,1
U0186,C0016,14,0.381,0.384,0,0.065,0.2654,0.5176,0,1,0,2
U0187,C0043,19,0.8561,0.1629,0,0.4568,0.0377,0.3736,0,1,0,5
U0187,C0048,19,0.2617,0.2643,0,0.261,0.7379,0.4654,0,0,1,5
U0187,C0097,19,0.1366,0.2972,0,0.2215,0.1013,0.4724,1,0,0,5
U0187,C0034,19,0.9127,0.05,0,0.4504,0.0773,0.9705,0,1,0,2
U0187,C0077,19,0.756,0.4928,0,0.3769,0.0663,0.4988,0,1,0,5
U0187,C0113,19,0.5116,0.1875,0,0.4553,0.1208,0.8935,1,0,0,5
U0187,C0115,19,0.6014,0.2024,0,0.4254,0.6476,0.8504,0,0,1,5
U0187,C0024,19,0.05,0.98,1,0.5432,0.2853,0.4861,0,0,1,2
U0187,C0125,19,0.5164,0.1193,0,0.0932,0.1975,0.6547,0,1,0,5
U0187,C0098,19,0.4621,0.3444,1,0.6351,0.0448,0.2837,0,1,0,2
U0187,C0123,19,0.5805,0.3702,0,0.2637,0.0474,0.3077,0,1,0,2
U0187,C0102,19,0.8874,0.0678,0,0.2618,0.4192,0.9539,0,0,1,2
U0187,C0120,19,0.4465,0.7118,0,0.7087,0.1727,0.6347,1,0,0,2
U0187,C0140,19,0.7668,0.5514,0,0.197,0.2235,0.6571,0,1,0,2
U0187,C0093,19,0.0941,0.1934,0,0.1232,0.4355,0.1628,1,0,0,1
U0187,C0128,19,0.0653,0.0608,0,0.3936,0.1843,0.6371,0,1,0,1
U0187,C0138,19,0.05,0.0693,0,0.5192,0.3613,0.7221,0,1,0,1
U0187,C0073,19,0.05,0.4464,0,0.5746,0.2968,0.4343,1,0,0,1
U0187,C0122,19,0.2548,0.7648,0,0.0737,0.1789,0.1599,0,1,0,1
U0188,C0130,17,0.1418,0.1973,0,0.1453,0.2084,0.9786,0,0,1,5
U0188,C0069,17,0.6404,0.4825,0,0.2052,0.6311,0.621,1,0,0,5
U0188,C0046,17,0.1072,0.5145,0,0.2768,0.1672,0.9025,0,0,1,5
U0188,C0037,17,0.5268,0.4224,0,0.5885,0.8288,0.9402,0,1,0,5
U0188,C0115,17,0.2764,0.3523,0,0.4254,0.6476,0.8504,0,0,1,5
U0188,C0020,17,0.9035,0.0785,0,0.3514,0.3371,0.8419,1,0,0,5
U0188,C0030,17,0.175,0.1637,1,0.0434,0.0563,0.1849,1,0,0,5
U0188,C0047,17,0.1939,0.4412,0,0.2469,0.1057,0.8643,1,0,0,2
U0188,C0007,17,0.653,0.6167,0,0.2653,0.2633,0.7991,0,0,1,2
U0188,C0067,17,0.4513,0.1884,0,0.4035,0.1466,0.7085,0,0,1,2
U0188,C0051,17,0.903,0.05,0,0.158,0.2724,0.381,0,1,0,2
U0188,C0098,17,0.9103,0.6283,0,0.6351,0.0448,0.2837,0,1,0,2
U0188,C0072,17,0.1581,0.3595,0,0.0127,0.1046,0.4412,0,1,0,2
U0188,C0054,17,0.3837,0.255,0,0.2075,0.1691,0.9249,0,0,1,1
U0188,C0038,17,0.6149,0.4847,0,0.1376,0.2429,0.8212,1,0,0,1
U0188,C0004,17,0.7948,0.4414,0,0.2286,0.3073,0.6892,0,0,1,1
U0188,C0066,17,0.5858,0.46,0,0.5309,0.1527,0.7597,0,0,1,2
U0189,C0078,13,0.9781,0.3231,0,0.245,0.2838,0.5447,1,0,0,5
U0189,C0083,13,0.1059,0.2783,0,0.2692,0.0207,0.9543,0,0,1,5
U0189,C0029,13,0.4641,0.05,1,0.2135,0.1634,0.7001,0,1,0,5
U0189,C0015,13,0.7649,0.2477,0,0.197,0.2352,0.2955,0,0,1,5
U0189,C0002,13,0.7804,0.9095,0,0.3844,0.2499,0.5168,0,1,0,5
U0189,C0006,13,0.1866,0.1374,0,0.2425,0.0563,0.1568,1,0,0,5
U0189,C0028,13,0.2229,0.4409,0,0.3255,0.3258,0.4928,0,0,1,5
U0189,C0109,13,0.3973,0.2233,0,0.362,0.3634,0.7171,0,0,1,2
U0189,C0021,13,0.9009,0.3583,0,0.3635,0.5089,0.667,0,0,1,2
U0189,C0101,13,0.8196,0.3981,0,0.4391,0.1313,0.5076,1,0,0,2
U0189,C0047,13,0.3662,0.4006,0,0.2469,0.1057,0.8643,1,0,0,1
U0189,C0072,13,0.7851,0.2667,0,0.0127,0.1046,0.4412,0,1,0,1
U0189,C0115,13,0.9557,0.6035,1,0.4254,0.6476,0.8504,0,0,1,2
U0190,C0055,18,0.1714,0.142,0,0.6798,0.4857,0.7355,1,0,0,2
U0190,C0085,18,0.3255,0.1501,1,0.7087,0.1505,0.4262,0,0,1,5
U0190,C0003,18,0.1088,0.3205,0,0.1995,0.3083,0.3506,1,0,0,5
U0190,C0046,18,0.4167,0.053,0,0.2768,0.1672,0.9025,0,0,1,5
U0190,C0047,18,0.8319,0.2075,0,0.2469,0.1057,0.8643,1,0,0,5
U0190,C0011,18,0.7525,0.7183,1,0.1781,0.0681,0.808,0,1,0,5
U0190,C0057,18,0.6949,0.2534,0,0.3163,0.1677,0.2194,1,0,0,5
U0190,C0084,18,0.8442,0.3359,0,0.144,0.2945,0.8495,0,1,0,5
U0190,C0096,18,0.2759,0.0864,0,0.0227,0.0278,0.8292,0,0,1,2
U0190,C0051,18,0.5308,0.3792,0,0.158,0.2724,0.381,0,1,0,2
U0190,C0061,18,0.9527,0.1693,0,0.2856,0.3106,0.4733,0,1,0,2
U0190,C0040,18,0.2865,0.2784,1,0.408,0.4465,0.1051,0,1,0,2
U0190,C0070,18,0.0978,0.2459,0,0.5536,0.18,0.6125,0,0,1,1
U0190,C0135,18,0.05,0.4559,0,0.4356,0.3704,0.2127,0,1,0,1
U0190,C0134,18,0.4153,0.3251,0,0.2475,0.1161,0.8961,0,1,0,1
U0190,C0091,18,0.3836,0.5899,0,0.4545,0.5855,0.6798,0,0,1,1
U0190,C0071,18,0.5091,0.3186,0,0.0339,0.1683,0.8816,0,0,1,1
U0190,C0111,18,0.1367,0.2432,0,0.2173,0.1798,0.6751,0,1,0,2
U0191,C0035,19,0.0966,0.3082,0,0.1816,0.3439,0.844,0,0,1,5
U0191,C0131,19,0.7912,0.2213,0,0.5277,0.3804,0.7151,0,1,0,5
U0191,C0080,19,0.839,0.3751,0,0.4314,0.1509,0.5151,0,0,1,5
U0191,C0038,19,0.9283,0.1335,0,0.1376,0.2429,0.8212,1,0,0,2
U0191,C0026,19,0.4271,0.4382,0,0.329,0.3563,0.5628,0,0,1,5
U0191,C0036,19,0.7268,0.2754,0,0.2348,0.2335,0.9128,1,0,0,5
U0191,C0120,19,0.6734,0.3758,1,0.7087,0.1727,0.6347,1,0,0,5
U0191,C0055,19,0.1269,0.638,1,0.6798,0.4857,0.7355,1,0,0,5
U0191,C0010,19,0.0726,0.1902,0,0.4611,0.2742,0.985,1,0,0,2
U0191,C0046,19,0.1986,0.1551,0,0.2768,0.1672,0.9025,0,0,1,1
U0191,C0091,19,0.6614,0.2794,1,0.4545,0.5855,0.6798,0,0,1,2
U0191,C0052,19,0.3707,0.2664,0,0.2264,0.1546,0.1142,0,1,0,2
U0191,C0107,19,0.6453,0.2995,0,0.3318,0.1496,0.5082,1,0,0,1
U0191,C0028,19,0.2001,0.05,0,0.3255,0.3258,0.4928,0,0,1,1
U0191,C0024,19,0.6708,0.1279,0,0.5432,0.2853,0.4861,0,0,1,1
U0191,C0110,19,0.2572,0.9113,0,0.2999,0.3518,0.9192,0,0,1,1
U0191,C0089,19,0.3241,0.2205,0,0.172,0.2367,0.6685,0,0,1,1
U0191,C0051,19,0.9254,0.05,0,0.158,0.2724,0.381,0,1,0,2
U0191,C0103,19,0.477,0.2607,0,0.0991,0.4177,0.1545,1,0,0,1
U0192,C0110,17,0.835,0.05,0,0.2999,0.3518,0.9192,0,0,1,5
U0192,C0127,17,0.7366,0.2727,0,0.0894,0.2251,0.7216,1,0,0,2
U0192,C0055,17,0.74,0.342,0,0.6798,0.4857,0.7355,1,0,0,5
U0192,C0115,17,0.5955,0.2661,0,0.4254,0.6476,0.8504,0,0,1,5
U0192,C0060,17,0.7483,0.3991,0,0.2468,0.252,0.9446,1,0,0,5
U0192,C0138,17,0.074,0.0583,0,0.5192,0.3613,0.7221,0,1,0,5
U0192,C0028,17,0.4592,0.059,0,0.3255,0.3258,0.4928,0,0,1,5
U0192,C0150,17,0.609,0.3863,0,0.5086,0.0134,0.5967,0,1,0,2
U0192,C0040,17,0.4512,0.105,0,0.408,0.4465,0.1051,0,1,0,5
U0192,C0017,17,0.2906,0.1881,0,0.3559,0.4084,0.3376,0,0,1,1
U0192,C0026,17,0.8607,0.9056,1,0.329,0.3563,0.5628,0,0,1,1
U0192,C0011,17,0.1703,0.6524,0,0.1781,0.0681,0.808,0,1,0,1
U0192,C0094,17,0.5438,0.3299,1,0.4751,0.4894,0.5992,0,1,0,1
U0192,C0036,17,0.9259,0.3849,0,0.2348,0.2335,0.9128,1,0,0,1
U0192,C0147,17,0.1406,0.4095,0,0.4412,0.0156,0.7024,0,0,1,1
U0192,C0047,17,0.5145,0.3161,0,0.2469,0.1057,0.8643,1,0,0,1
U0192,C0126,17,0.9596,0.2148,0,0.1993,0.2585,0.3217,1,0,0,2
U0193,C0062,14,0.4705,0.666,0,0.2459,0.3905,0.4621,1,0,0,5
U0193,C0091,14,0.5146,0.0625,0,0.4545,0.5855,0.6798,0,0,1,5
U0193,C0099,14,0.8236,0.462,0,0.4917,0.4187,0.1381,0,1,0,5
U0193,C0134,14,0.5035,0.491,0,0.2475,0.1161,0.8961,0,1,0,5
U0193,C0033,14,0.2319,0.4565,0,0.5872,0.251,0.7362,1,0,0,5
U0193,C0038,14,0.9692,0.9015,0,0.1376,0.2429,0.8212,1,0,0,5
U0193,C0095,14,0.5996,0.6768,0,0.2951,0.2241,0.773,1,0,0,5
U0193,C0141,14,0.9551,0.1525,0,0.4364,0.2668,0.9467,1,0,0,2
U0193,C0094,14,0.2671,0.5135,0,0.4751,0.4894,0.5992,0,1,0,2
U0193,C0054,14,0.537,0.0741,0,0.2075,0.1691,0.9249,0,0,1,2
U0193,C0111,14,0.6721,0.05,0,0.2173,0.1798,0.6751,0,1,0,1
U0193,C0037,14,0.341,0.05,0,0.5885,0.8288,0.9402,0,1,0,1
U0193,C0024,14,0.846,0.25,0,0.5432,0.2853,0.4861,0,0,1,1
U0193,C0063,14,0.1063,0.1578,1,0.3814,0.1207,0.4515,0,1,0,2
U0194,C0083,21,0.3279,0.105,0,0.2692,0.0207,0.9543,0,0,1,2
U0194,C0066,21,0.5356,0.0801,0,0.5309,0.1527,0.7597,0,0,1,5
U0194,C0024,21,0.5427,0.2958,1,0.5432,0.2853,0.4861,0,0,1,5
U0194,C0050,21,0.84,0.0556,0,0.1149,0.3756,0.1722,1,0,0,5
U0194,C0023,21,0.2553,0.1565,0,0.1731,0.0376,0.8054,1,0,0,5
U0194,C0134,21,0.6138,0.4477,0,0.2475,0.1161,0.8961,0,1,0,5
U0194,C0055,21,0.6861,0.2087,0,0.6798,0.4857,0.7355,1,0,0,5
U0194,C0065,21,0.4068,0.146,1,0.1786,0.2128,0.6745,0,1,0,2
U0194,C0132,21,0.6068,0.4564,0,0.1512,0.4582,0.4379,0,1,0,5
U0194,C0131,21,0.775,0.077,0,0.5277,0.3804,0.7151,0,1,0,2
U0194,C0021,21,0.3286,0.3955,0,0.3635,0.5089,0.667,0,0,1,1
U0194,C0001,21,0.8104,0.4751,0,0.3659,0.2368,0.8433,0,0,1,2
U0194,C0100,21,0.7585,0.5623,0,0.3463,0.18,0.6218,0,1,0,2
U0194,C0087,21,0.5256,0.5236,0,0.2973,0.5346,0.1991,1,0,0,1
U0194,C0035,21,0.6978,0.5847,0,0.1816,0.3439,0.844,0,0,1,1
U0194,C0111,21,0.1834,0.3787,1,0.2173,0.1798,0.6751,0,1,0,1
U0194,C0015,21,0.1153,0.2008,0,0.197,0.2352,0.2955,0,0,1,1
U0194,C0140,21,0.6354,0.4515,0,0.197,0.2235,0.6571,0,1,0,1
U0194,C0061,21,0.3961,0.3969,0,0.2856,0.3106,0.4733,0,1,0,2
U0194,C0072,21,0.123,0.1695,0,0.0127,0.1046,0.4412,0,1,0,2
U0194,C0128,21,0.1234,0.2166,0,0.3936,0.1843,0.6371,0,1,0,1
U0195,C0086,18,0.087,0.1544,0,0.1612,0.0544,0.8773,0,0,1,2
U0195,C0010,18,0.7661,0.4876,0,0.4611,0.2742,0.985,1,0,0,5
U0195,C0018,18,0.3755,0.1129,0,0.1823,0.3987,0.4737,0,0,1,5
U0195,C0056,18,0.0871,0.0862,0,0.5135,0.1568,0.3781,0,0,1,5
U0195,C0099,18,0.5642,0.1069,0,0.4917,0.4187,0.1381,0,1,0,5
U0195,C0115,18,0.7243,0.845,0,0.4254,0.6476,0.8504,0,0,1,5
U0195,C0127,18,0.7601,0.2468,0,0.0894,0.2251,0.7216,1,0,0,5
U0195,C0140,18,0.2766,0.1079,0,0.197,0.2235,0.6571,0,1,0,2
U0195,C0150,18,0.05,0.5157,0,0.5086,0.0134,0.5967,0,1,0,5
U0195,C0124,18,0.4236,0.4775,0,0.1069,0.5369,0.9241,1,0,0,2
U0195,C0031,18,0.1897,0.9298,1,0.3153,0.4029,0.7732,0,0,1,1
U0195,C0116,18,0.8095,0.6661,0,0.3269,0.2855,0.6783,0,1,0,1
U0195,C0103,18,0.1595,0.1544,0,0.0991,0.4177,0.1545,1,0,0,1
U0195,C0090,18,0.5685,0.4725,0,0.3228,0.0591,0.149,1,0,0,1
U0195,C0084,18,0.2938,0.4881,1,0.144,0.2945,0.8495,0,1,0,2
U0195,C0038,18,0.1797,0.8188,0,0.1376,0.2429,0.8212,1,0,0,2
U0195,C0104,18,0.934,0.3618,0,0.3407,0.4493,0.7169,1,0,0,2
U0195,C0044,18,0.3803,0.7562,0,0.1681,0.234,0.3863,0,1,0,2
U0196,C0020,17,0.7868,0.546,0,0.3514,0.3371,0.8419,1,0,0,5
U0196,C0004,17,0.6213,0.4828,0,0.2286,0.3073,0.6892,0,0,1,2
U0196,C0146,17,0.2373,0.2668,0,0.2666,0.2475,0.4564,0,0,1,5
U0196,C0061,17,0.5272,0.1432,1,0.2856,0.3106,0.4733,0,1,0,5
U0196,C0134,17,0.0694,0.4349,1,0.2475,0.1161,0.8961,0,1,0,5
U0196,C0012,17,0.3045,0.5604,0,0.2139,0.412,0.7963,1,0,0,5
U0196,C0066,17,0.6622,0.1007,1,0.5309,0.1527,0.7597,0,0,1,5
U0196,C0008,17,0.7509,0.3679,0,0.0494,0.0915,0.8395,0,1,0,5
U0196,C0085,17,0.8615,0.3989,0,0.7087,0.1505,0.4262,0,0,1,2
U0196,C0067,17,0.0846,0.4662,0,0.4035,0.1466,0.7085,0,0,1,2
U0196,C0088,17,0.2026,0.2378,0,0.5048,0.7336,0.9325,0,1,0,2
U0196,C0077,17,0.7804,0.98,0,0.3769,0.0663,0.4988,0,1,0,2
U0196,C0091,17,0.7271,0.5126,1,0.4545,0.5855,0.6798,0,0,1,2
U0196,C0003,17,0.05,0.2757,0,0.1995,0.3083,0.3506,1,0,0,1
U0196,C0045,17,0.3346,0.4272,0,0.1719,0.2712,0.965,1,0,0,1
U0196,C0106,17,0.7402,0.4042,0,0.33,0.3127,0.2543,0,1,0,1
U0196,C0050,17,0.775,0.81,0,0.1149,0.3756,0.1722,1,0,0,2
U0197,C0007,19,0.6847,0.4491,0,0.2653,0.2633,0.7991,0,0,1,5
U0197,C0033,19,0.7749,0.0968,0,0.5872,0.251,0.7362,1,0,0,5
U0197,C0112,19,0.4964,0.0957,0,0.6128,0.227,0.9582,0,1,0,5
U0197,C0068,19,0.2642,0.7722,0,0.046,0.0367,0.2246,1,0,0,5
U0197,C0025,19,0.9638,0.2706,1,0.2146,0.2956,0.281,0,0,1,5
U0197,C0138,19,0.2831,0.05,0,0.5192,0.3613,0.7221,0,1,0,5
U0197,C0086,19,0.0943,0.4299,0,0.1612,0.0544,0.8773,0,0,1,2
U0197,C0062,19,0.121,0.8423,0,0.2459,0.3905,0.4621,1,0,0,5
U0197,C0031,19,0.9107,0.9561,0,0.3153,0.4029,0.7732,0,0,1,2
U0197,C0127,19,0.5498,0.3256,0,0.0894,0.2251,0.7216,1,0,0,1
U0197,C0045,19,0.1184,0.1626,0,0.1719,0.2712,0.965,1,0,0,2
U0197,C0017,19,0.2148,0.05,0,0.3559,0.4084,0.3376,0,0,1,2
U0197,C0142,19,0.3036,0.2127,0,0.3655,0.3272,0.7983,1,0,0,2
U0197,C0149,19,0.2055,0.05,0,0.5411,0.0374,0.3754,0,1,0,2
U0197,C0108,19,0.0563,0.1086,0,0.2017,0.1291,0.5094,0,0,1,1
U0197,C0047,19,0.3941,0.4035,0,0.2469,0.1057,0.8643,1,0,0,1
U0197,C0015,19,0.1532,0.49,0,0.197,0.2352,0.2955,0,0,1,1
U0197,C0052,19,0.4474,0.3886,0,0.2264,0.1546,0.1142,0,1,0,1
U0197,C0061,19,0.4712,0.3849,0,0.2856,0.3106,0.4733,0,1,0,2
U0198,C0145,18,0.9698,0.8248,0,0.2817,0.2066,0.4919,0,0,1,5
U0198,C0041,18,0.8293,0.5565,0,0.5116,0.567,0.5192,0,0,1,5
U0198,C0139,18,0.8692,0.3761,0,0.3969,0.2107,0.6427,0,0,1,5
U0198,C0018,18,0.4289,0.1716,0,0.1823,0.3987,0.4737,0,0,1,5
U0198,C0109,18,0.5992,0.112,1,0.362,0.3634,0.7171,0,0,1,5
U0198,C0076,18,0.0872,0.0512,0,0.3624,0.3919,0.5224,0,1,0,2
U0198,C0020,18,0.7258,0.4196,0,0.3514,0.3371,0.8419,1,0,0,5
U0198,C0085,18,0.4233,0.1579,0,0.7087,0.1505,0.4262,0,0,1,2
U0198,C0007,18,0.98,0.05,0,0.2653,0.2633,0.7991,0,0,1,5
U0198,C0083,18,0.0749,0.98,0,0.2692,0.0207,0.9543,0,0,1,2
U0198,C0017,18,0.05,0.1899,1,0.3559,0.4084,0.3376,0,0,1,2
U0198,C0019,18,0.4473,0.8149,0,0.5338,0.307,0.8996,0,0,1,1
U0198,C0023,18,0.1215,0.4152,0,0.1731,0.0376,0.8054,1,0,0,1
U0198,C0039,18,0.7365,0.8192,0,0.4162,0.5551,0.7068,0,1,0,1
U0198,C0033,18,0.2599,0.0856,0,0.5872,0.251,0.7362,1,0,0,1
U0198,C0001,18,0.0954,0.4719,0,0.3659,0.2368,0.8433,0,0,1,1
U0198,C0093,18,0.3171,0.8278,0,0.1232,0.4355,0.1628,1,0,0,1
U0198,C0040,18,0.6262,0.217,0,0.408,0.4465,0.1051,0,1,0,2
U0199,C0129,16,0.6933,0.2825,0,0.4607,0.3731,0.5514,0,1,0,5
U0199,C0076,16,0.3911,0.8032,0,0.3624,0.3919,0.5224,0,1,0,5
U0199,C0108,16,0.4747,0.3692,0,0.2017,0.1291,0.5094,0,0,1,5
U0199,C0141,16,0.8802,0.1388,0,0.4364,0.2668,0.9467,1,0,0,5
U0199,C0103,16,0.7161,0.493,0,0.0991,0.4177,0.1545,1,0,0,5
U0199,C0110,16,0.8749,0.206,0,0.2999,0.3518,0.9192,0,0,1,2
U0199,C0003,16,0.6925,0.257,0,0.1995,0.3083,0.3506,1,0,0,2
U0199,C0144,16,0.5388,0.8528,0,0.3825,0.0875,0.4128,0,0,1,1
U0199,C0011,16,0.7764,0.2079,0,0.1781,0.0681,0.808,0,1,0,2
U0199,C0007,16,0.1929,0.2201,0,0.2653,0.2633,0.7991,0,0,1,2
U0199,C0069,16,0.109,0.05,0,0.2052,0.6311,0.621,1,0,0,1
U0199,C0083,16,0.5037,0.4291,0,0.2692,0.0207,0.9543,0,0,1,1
U0199,C0023,16,0.3265,0.354,0,0.1731,0.0376,0.8054,1,0,0,1
U0199,C0081,16,0.3298,0.531,0,0.4999,0.1906,0.9459,0,0,1,5
U0199,C0120,16,0.7684,0.1682,1,0.7087,0.1727,0.6347,1,0,0,2
U0199,C0022,16,0.2552,0.2524,0,0.3178,0.2738,0.8723,0,0,1,5
U0200,C0033,16,0.1409,0.7555,0,0.5872,0.251,0.7362,1,0,0,5
U0200,C0029,16,0.3409,0.146,0,0.2135,0.1634,0.7001,0,1,0,5
U0200,C0139,16,0.4524,0.05,1,0.3969,0.2107,0.6427,0,0,1,2
U0200,C0045,16,0.526,0.171,0,0.1719,0.2712,0.965,1,0,0,5
U0200,C0034,16,0.7253,0.2269,0,0.4504,0.0773,0.9705,0,1,0,5
U0200,C0049,16,0.6901,0.1618,0,0.6034,0.4181,0.1123,1,0,0,5
U0200,C0005,16,0.0869,0.3244,0,0.3696,0.2129,0.8414,0,0,1,2
U0200,C0116,16,0.2458,0.3612,1,0.3269,0.2855,0.6783,0,1,0,5
U0200,C0147,16,0.7808,0.9372,0,0.4412,0.0156,0.7024,0,0,1,2
U0200,C0013,16,0.2984,0.0508,0,0.3808,0.151,0.7731,1,0,0,2
U0200,C0101,16,0.2386,0.8118,0,0.4391,0.1313,0.5076,1,0,0,2
U0200,C0018,16,0.2459,0.2885,0,0.1823,0.3987,0.4737,0,0,1,1
U0200,C0076,16,0.375,0.335,0,0.3624,0.3919,0.5224,0,1,0,1
U0200,C0115,16,0.4645,0.4796,0,0.4254,0.6476,0.8504,0,0,1,1
U0200,C0044,16,0.78,0.5254,1,0.1681,0.234,0.3863,0,1,0,2
U0200,C0027,16,0.4101,0.2295,0,0.1749,0.1883,0.7626,0,1,0,5
