userId,campaignId,label,semanticScore,categoryScore,locationScore,urgencyScore,monetary,goods,volunteer
user_0,69cbd368f28fd95e5bf52ade,0,0.16133184197087191,0,0.498159488515798,0.5791806583032504,0,0,1
user_0,69cbd35af28fd95e5bf52aac,0,0.3011396620679011,0,0.5064727732829182,0.04984375708480915,0,1,0
user_0,69cbd345f28fd95e5bf52a61,0,0.37499542242392336,0,0.5538743862021961,0.6325187889671715,0,1,0
user_0,69ca35f2ede0bca4dfb8767a,0,0.34033558961546934,0,0.4724243823028531,0.5823960527790899,0,0,1
user_0,69cbd36ff28fd95e5bf52af7,0,0.3057996219123415,0,0.2689902888892857,0.3278923380310268,0,1,0
user_0,69ca35deede0bca4dfb8766b,0,0.25867069460960856,0,0.741643957964343,0.05134291624573639,0,1,0
user_0,69cbd34ff28fd95e5bf52a84,0,0.3729794185582946,0,0.8317528553081541,0.7106535760660184,0,0,1
user_0,69cbd33df28fd95e5bf52a43,0,0.36414395718629083,0,0.2701664045028741,0.1499687538823251,0,1,0
user_0,69cbd34cf28fd95e5bf52a7a,0,0.08918636909040432,0,0.8171140466231553,0.22864343320502334,1,0,0
user_0,69cbd359f28fd95e5bf52aa7,0,0.08796252505685676,0,0.8219479868118171,0.9586236390806393,1,0,0
user_0,69cbd366f28fd95e5bf52ad4,0,0.22181564094055795,0,0.6442030466944437,0.8681568032587033,1,0,0
user_0,69ca3611ede0bca4dfb8769d,0,0.29803845168657234,0,0.34249191132555007,0.08063114822806927,0,1,0
user_0,69ca35c7ede0bca4dfb87652,0,0.2006889622977025,0,0.9468491764465499,0.9473008494321908,0,1,0
user_0,69ca35b2ede0bca4dfb87639,0,0.09732344388179977,0,0.3183899572050749,0.3328833380039393,0,0,1
user_0,69cbd356f28fd95e5bf52a9d,0,0.12558880387142599,0,0.22886256642681946,0.47193466025344666,0,1,0
user_0,69cbd338f28fd95e5bf52a34,0,0.3425483072721329,0,0.5993151541874133,0.3873540075218971,0,1,0
user_0,69cbd36ff28fd95e5bf52af7,0,0.06868751097125791,0,0.6050527666579469,0.8073469059321052,0,1,0
user_0,69cbd338f28fd95e5bf52a34,0,0.20952392967193037,0,0.37822722278233467,0.8027733463427646,0,1,0
user_0,69cbd344f28fd95e5bf52a5c,0,0.171988743491142,0,0.3304412263158368,0.5993271243007492,1,0,0
user_0,69ca3611ede0bca4dfb8769d,0,0.35703140240775255,0,0.4553470724848819,0.3701050546241582,0,1,0
user_0,69cbd335f28fd95e5bf52a2a,0,0.3923993847976151,0,0.8617493457432202,0.2660532779929652,0,0,1
user_0,69ca35d9ede0bca4dfb87661,0,0.17691252336398186,0,0.2648613065971507,0.009944401042440765,0,0,1
user_0,69ca35edede0bca4dfb87675,0,0.12243916516912484,0,0.9008469985982841,0.5503315720104118,0,1,0
user_0,69ca358aede0bca4dfb87625,0,0.007307815650553096,0,0.966952121553153,0.8261428858474613,0,0,1
user_0,69ca35f8ede0bca4dfb8767f,0,0.22261106435929562,0,0.28552262505901455,0.9332441911172433,1,0,0
user_1,69cbd33df28fd95e5bf52a43,0,0.2216996842829432,0,0.3636716417399856,0.7585632687006776,0,1,0
user_1,69ca35c5ede0bca4dfb8764d,0,0.015519640940229973,0,0.5369966020109631,0.1983961296841441,0,0,1
user_1,69cbd34ff28fd95e5bf52a84,0,0.11509114219385151,0,0.2628432214721752,0.7463739108889007,0,0,1
user_1,69cbd35cf28fd95e5bf52ab1,0,0.340688012366633,0,0.5449703975297533,0.9633562907524145,0,0,1
user_1,69cbd364f28fd95e5bf52acf,0,0.0032573578447354203,0,0.5581775479740633,0.6667157158923227,0,0,1
user_1,69ca35e0ede0bca4dfb87670,0,0.30427569837070456,0,0.878659713367926,0.47534723298866877,1,0,0
user_1,69cbd341f28fd95e5bf52a52,0,0.32386361724941826,0,0.8342088730971692,0.0691661540635693,0,1,0
user_1,69cbd33df28fd95e5bf52a43,0,0.06071358172401258,0,0.653852501788851,0.1797764666486812,0,1,0
user_1,69cbd338f28fd95e5bf52a34,0,0.22804968165507855,0,0.4359985257843654,0.6881668176387725,0,1,0
user_1,69ca35c1ede0bca4dfb87643,0,0.20553178783914686,0,0.5120243744324297,0.2468076738410443,1,0,0
user_1,69ca35fdede0bca4dfb87689,0,0.06299745921349738,0,0.8803424085466356,0.584693629663958,1,0,0
user_1,69cbd35df28fd95e5bf52ab6,0,0.34426253117935945,0,0.3973915620815104,0.5250323730077311,1,0,0
user_1,69cbd333f28fd95e5bf52a25,0,0.15300758409342008,0,0.39746512750419016,0.8192445234488566,0,1,0
user_1,69cbd361f28fd95e5bf52ac5,0,0.0082902257166805,0,0.5057480052103341,0.6497349526824938,1,0,0
user_1,69cbd341f28fd95e5bf52a52,0,0.3609298542937429,0,0.2962969699785693,0.6758447296795533,0,1,0
user_1,69cbd343f28fd95e5bf52a57,0,0.022468501461576463,0,0.7783197026689808,0.22935630259936035,0,0,1
user_1,69cbd338f28fd95e5bf52a34,0,0.34568418964054,0,0.5960002930083605,0.13987990139649198,0,1,0
user_1,69cbd35af28fd95e5bf52aac,0,0.39383361945379436,0,0.39880880029380456,0.8210276024561591,0,1,0
user_1,69cbd360f28fd95e5bf52ac0,0,0.254877118561222,0,0.24923502719982182,0.9748768497934437,0,0,1
user_1,69cbd33df28fd95e5bf52a43,0,0.23805097493502858,0,0.7873996600344086,0.8352872628214525,0,1,0
user_1,69cbd361f28fd95e5bf52ac5,0,0.3611890333068412,0,0.7135978633862896,0.13230252210986837,1,0,0
user_1,69ca358dede0bca4dfb8762a,0,0.05508407818944186,0,0.21826953781870434,0.6143727074765186,1,0,0
user_1,69ca360dede0bca4dfb87693,0,0.31814821826428646,0,0.6807808238104647,0.5121782382351956,1,0,0
user_1,69cbd335f28fd95e5bf52a2a,0,0.2581354944979163,0,0.5174249702134457,0.7972435972462089,0,0,1
user_1,69cbd35cf28fd95e5bf52ab1,0,0.3430267495882442,0,0.6336862356507822,0.009428688341934555,0,0,1
user_2,69cbd354f28fd95e5bf52a98,0,0.03271491796926727,0,0.7505130955867982,0.6743521204114158,1,0,0
user_2,69ca3609ede0bca4dfb8768e,0,0.275839684587807,0,0.4269198498721705,0.8612867450988748,0,1,0
user_2,69cbd35af28fd95e5bf52aac,0,0.06448568126709944,0,0.7637480011249048,0.12370015411310287,0,1,0
user_2,69cbd330f28fd95e5bf52a1b,0,0.313472203959785,0,0.9309497078008422,0.8709745544491774,0,0,1
user_2,69cbd333f28fd95e5bf52a25,0,0.10073705564563867,0,0.918124061025175,0.12690704232000494,0,1,0
user_2,69cbd363f28fd95e5bf52aca,0,0.19919380364359907,0,0.5027063294905557,0.24767127001097045,0,1,0
user_2,69ca35f2ede0bca4dfb8767a,0,0.2699700595266844,0,0.9032337172790529,0.21206623799146507,0,0,1
user_2,69cbd353f28fd95e5bf52a93,0,0.39917412214502807,0,0.5873401459074558,0.29625462560850857,0,0,1
user_2,69ca360dede0bca4dfb87693,0,0.16148523708414678,0,0.2953610825965936,0.10545309972118799,1,0,0
user_2,69ca35fdede0bca4dfb87689,0,0.1007677714497337,0,0.6144636300282889,0.29845063252134185,1,0,0
user_2,69cbd344f28fd95e5bf52a5c,0,0.08774188778594826,0,0.5037035691401364,0.8214514965397284,1,0,0
user_2,69cbd34ff28fd95e5bf52a84,0,0.19448720160429966,0,0.24561957730182787,0.6028390003880706,0,0,1
user_2,69cbd33df28fd95e5bf52a43,0,0.23304077957410982,0,0.8020390205295148,0.0362695124219119,0,1,0
user_2,69cbd360f28fd95e5bf52ac0,0,0.035998927549759065,0,0.216981122703707,0.4192178855223261,0,0,1
user_2,69ca35dbede0bca4dfb87666,0,0.2839057063871177,0,0.35916357984305347,0.06318307667263223,0,0,1
user_2,69cbfdae8c848404b2392589,0,0.04200376426690573,0,0.7611959091594663,0.04456892466754181,0,1,0
user_2,69cbd350f28fd95e5bf52a89,0,0.18629484713049538,0,0.31530095209413056,0.23412973283389538,1,0,0
user_2,69cbd34cf28fd95e5bf52a7a,0,0.3752199272800753,0,0.5457102147104204,0.1419304240148216,1,0,0
user_2,69cbd36bf28fd95e5bf52ae8,0,0.38061320703646917,0,0.4852216253574713,0.5199782917618478,0,1,0
user_2,69cbd336f28fd95e5bf52a2f,0,0.0957938522997889,0,0.2583866067652505,0.11841985684833922,1,0,0
user_2,69cbd357f28fd95e5bf52aa2,0,0.20722342991472634,0,0.50691039481087,0.07824193015142167,0,0,1
user_2,69cbd36bf28fd95e5bf52ae8,0,0.19978090637632412,0,0.27611291742541294,0.6355286889222223,0,1,0
user_2,69ca35edede0bca4dfb87675,0,0.13630100747366028,0,0.7665546240628907,0.9016470451991072,0,1,0
user_2,69cbd363f28fd95e5bf52aca,0,0.3108999206974488,0,0.22487914496604575,0.3763356650647407,0,1,0
user_2,69ca3609ede0bca4dfb8768e,0,0.3103692009996511,0,0.5264580070033755,0.6673605473349742,0,1,0
user_3,69cbd357f28fd95e5bf52aa2,0,0.22104864825496273,0,0.8733665606947728,0.11404687482932307,0,0,1
user_3,69ca358aede0bca4dfb87625,0,0.3513127203824761,0,0.5739409958208977,0.0846184087515296,0,0,1
user_3,69cbd330f28fd95e5bf52a1b,0,0.2682795064128857,0,0.22276123134656306,0.06441382881925994,0,0,1
user_3,69ca359bede0bca4dfb87634,0,0.12481317914937967,0,0.6164839913736879,0.9910338978095057,0,1,0
user_3,69cbd34cf28fd95e5bf52a7a,0,0.2635980068123713,0,0.27445668042700694,0.3049503795427537,1,0,0
user_3,69cbd360f28fd95e5bf52ac0,0,0.13003135749304004,0,0.3372514475284602,0.3254526502963464,0,0,1
user_3,69cbd360f28fd95e5bf52ac0,0,0.3757300719159875,0,0.4092277042704068,0.19641129233666077,0,0,1
user_3,69cbd36af28fd95e5bf52ae3,0,0.3607161519933977,0,0.23205485423895017,0.4206842772995538,1,0,0
user_3,69cbd35cf28fd95e5bf52ab1,0,0.39834960164293776,0,0.3963406640685755,0.25766469772497036,0,0,1
user_3,69ca35c7ede0bca4dfb87652,0,0.24561495817769352,0,0.3219183600970538,0.49433009286897756,0,1,0
user_3,69cbd36bf28fd95e5bf52ae8,0,0.2527610830729216,0,0.6404742715792108,0.03050040274915289,0,1,0
user_3,69cbd364f28fd95e5bf52acf,0,0.22223946371489423,0,0.933656969831027,0.839187422540357,0,0,1
user_3,69cbd36ff28fd95e5bf52af7,0,0.021032707152548638,0,0.8214340784411042,0.07139542677091382,0,1,0
user_3,69ca3609ede0bca4dfb8768e,0,0.11181524597890445,0,0.36881319011046115,0.6405240602556788,0,1,0
user_3,69ca3609ede0bca4dfb8768e,0,0.07303409088623836,0,0.4622213002380316,0.8278605329009459,0,1,0
user_3,69cbd357f28fd95e5bf52aa2,0,0.09636646247708801,0,0.33099329821312234,0.34574220461466143,0,0,1
user_3,69cbd361f28fd95e5bf52ac5,0,0.10306729742307646,0,0.49402816880593936,0.7141534697486764,1,0,0
user_3,69cbd33af28fd95e5bf52a39,0,0.2655781876223019,0,0.3843847072200294,0.908192619040739,0,0,1
user_3,69ca360fede0bca4dfb87698,0,0.37374099617036044,0,0.4815933713734833,0.9639301389367327,0,0,1
user_3,69cbd367f28fd95e5bf52ad9,0,0.0802929933181698,0,0.2951043229613267,0.6225089315189751,0,1,0
user_3,69cbfdae8c848404b2392589,0,0.25324336302469846,0,0.8265011760741019,0.5659316989014573,0,1,0
user_3,69cbfdae8c848404b2392589,0,0.17249734358182345,0,0.2390650511463822,0.5784142112395894,0,1,0
user_3,69cbd364f28fd95e5bf52acf,0,0.16814575109998442,0,0.6201986437731462,0.5975091141142237,0,0,1
user_3,69cbd368f28fd95e5bf52ade,0,0.2170114061391324,0,0.5411915685213208,0.882343775201196,0,0,1
user_3,69cbd364f28fd95e5bf52acf,0,0.20590933006614992,0,0.21480570968833324,0.11617271676425522,0,0,1
user_4,69cbd36af28fd95e5bf52ae3,0,0.3892940756066139,0,0.5226114762747004,0.8848009632733518,1,0,0
user_4,69ca35f2ede0bca4dfb8767a,0,0.2830041171710718,0,0.9476672823795532,0.10351129228582479,0,0,1
user_4,69cbd353f28fd95e5bf52a93,0,0.30746128092985314,0,0.9048850127003943,0.8355121619600234,0,0,1
user_4,69cbd366f28fd95e5bf52ad4,0,0.2529852523900221,0,0.9612663061547402,0.508879321275225,1,0,0
user_4,69cbd368f28fd95e5bf52ade,0,0.05589318702571529,0,0.2651292361979271,0.8898506299270315,0,0,1
user_4,69cbd343f28fd95e5bf52a57,0,0.335507766100569,0,0.4275822449208584,0.06567696259021161,0,0,1
user_4,69ca358dede0bca4dfb8762a,0,0.37798552265522833,0,0.974726753729716,0.8152519637359701,1,0,0
user_4,69cbd366f28fd95e5bf52ad4,0,0.3722680583414705,0,0.950619297870853,0.23992334086285094,1,0,0
user_4,69cbd343f28fd95e5bf52a57,0,0.08078624376576755,0,0.2507983518344144,0.6613993033588637,0,0,1
user_4,69cbd367f28fd95e5bf52ad9,0,0.3145300451457921,0,0.23403036197666316,0.422323266495813,0,1,0
user_4,69cbd349f28fd95e5bf52a70,0,0.10098713464641113,0,0.5580075066588542,0.3840604144557891,0,1,0
user_4,69ca35e0ede0bca4dfb87670,0,0.2759764599830847,0,0.5763215572165551,0.2778292504150901,1,0,0
user_4,69ca358dede0bca4dfb8762a,0,0.3558227113661603,0,0.22053743633181613,0.8686541050312035,1,0,0
user_4,69cbd340f28fd95e5bf52a4d,0,0.024576728605897637,0,0.7769081815524324,0.7981568472160536,1,0,0
user_4,69ca3611ede0bca4dfb8769d,0,0.03309633651228925,0,0.6978590203923906,0.881203390374774,0,1,0
user_4,69ca35deede0bca4dfb8766b,0,0.17970588928105338,0,0.2484990378205769,0.01690358714938811,0,1,0
user_4,69cbd349f28fd95e5bf52a70,0,0.3404471993751841,0,0.9813481120368769,0.9497956232616411,0,1,0
user_4,69cbd345f28fd95e5bf52a61,0,0.23931465018655926,0,0.23916972760773095,0.7041009380973184,0,1,0
user_4,69cbd36ff28fd95e5bf52af7,0,0.2523599442572911,0,0.307925511758836,0.3772211098467919,0,1,0
user_4,69cbd356f28fd95e5bf52a9d,0,0.25338782128959514,0,0.2709116993887263,0.7625541353234369,0,1,0
user_4,69cbd36ff28fd95e5bf52af7,0,0.2677062857335405,0,0.24773685451727379,0.787052814895733,0,1,0
user_4,69ca35caede0bca4dfb87657,0,0.1539787664742316,0,0.4450090014788488,0.04471158202048664,1,0,0
user_4,69ca3609ede0bca4dfb8768e,0,0.33673131513770455,0,0.8286819597678077,0.3279252775055912,0,1,0
user_4,69ca35deede0bca4dfb8766b,0,0.3863191632621239,0,0.29926537938843684,0.14027823340450518,0,1,0
user_4,69cbd336f28fd95e5bf52a2f,0,0.2083067049161672,0,0.2779023195287281,0.36466181887960625,1,0,0
user_5,69cbd352f28fd95e5bf52a8e,0,0.21072231851425274,0,0.48521949938072995,0.16203544659007774,0,1,0
user_5,69cbd354f28fd95e5bf52a98,0,0.389031795987229,0,0.5817690961267483,0.4480272309911393,1,0,0
user_5,69ca35d9ede0bca4dfb87661,0,0.069181189298408,0,0.3264158791420268,0.13531204530102658,0,0,1
user_5,69cbd353f28fd95e5bf52a93,0,0.07353099732937106,0,0.583721696580182,0.7740515101238417,0,0,1
user_5,69ca35b4ede0bca4dfb8763e,0,0.3944864922872568,0,0.34487054554409435,0.04199830052175746,1,0,0
user_5,69cbd36bf28fd95e5bf52ae8,0,0.016529358800627402,0,0.8131534738704882,0.6973175529810993,0,1,0
user_5,69cbd367f28fd95e5bf52ad9,0,0.2236116350346813,0,0.4309568875629963,0.5212256342103445,0,1,0
user_5,69ca358aede0bca4dfb87625,0,0.37645025145219385,0,0.9512210853912008,0.17514298316660248,0,0,1
user_5,69ca3611ede0bca4dfb8769d,0,0.12918602009450117,0,0.7345377582632155,0.7169242903829465,0,1,0
user_5,69ca35f2ede0bca4dfb8767a,0,0.0938056914582405,0,0.24751080329248654,0.447746473740654,0,0,1
user_5,69cbd34cf28fd95e5bf52a7a,0,0.1883228440473218,0,0.41467137083902406,0.01075064029308681,1,0,0
user_5,69cbd338f28fd95e5bf52a34,0,0.11637167021904737,0,0.24296578861492435,0.6489534411637408,0,1,0
user_5,69cbd356f28fd95e5bf52a9d,0,0.1461774841467033,0,0.24080051871158406,0.2796142059126987,0,1,0
user_5,69ca360dede0bca4dfb87693,0,0.03307944721643814,0,0.9045773203926135,0.234281092129891,1,0,0
user_5,69ca3609ede0bca4dfb8768e,0,0.2895657726890734,0,0.40998817425441547,0.530366738693594,0,1,0
user_5,69cbd341f28fd95e5bf52a52,2,0.7293258576290842,1,0.22984407207666221,0.4160789131238227,0,1,0
user_5,69cbd36af28fd95e5bf52ae3,0,0.020748765148383887,0,0.3053950833930604,0.8376962087719511,1,0,0
user_5,69cbd343f28fd95e5bf52a57,0,0.14254062780036067,0,0.500283689703816,0.07256605968850827,0,0,1
user_5,69cbd344f28fd95e5bf52a5c,0,0.18204153795683028,0,0.6827883509677811,0.4307205852755329,1,0,0
user_5,69ca35b2ede0bca4dfb87639,0,0.03403984287252602,0,0.8203303715191825,0.2650790768125013,0,0,1
user_5,69cbd354f28fd95e5bf52a98,0,0.3186117508477347,0,0.30025210128074215,0.23358037698424083,1,0,0
user_5,69cbd349f28fd95e5bf52a70,0,0.07894568712392963,0,0.35670636376832976,0.6969258987368987,0,1,0
user_5,69ca35faede0bca4dfb87684,0,0.09202134456352269,0,0.9134143380163298,0.015803002749674278,1,0,0
user_5,69cbfdae8c848404b2392589,0,0.24663010887258904,0,0.8078401931146968,0.875870271783544,0,1,0
user_5,69cbd347f28fd95e5bf52a66,0,0.23096767683515013,0,0.6680212686113114,0.768136629989375,0,0,1
user_6,69cbd35cf28fd95e5bf52ab1,0,0.08665756470751065,0,0.7906040457895998,0.9847085384990315,0,0,1
user_6,69cbd354f28fd95e5bf52a98,0,0.2170836612879822,0,0.5360208729511658,0.4137222193033048,1,0,0
user_6,69cbd363f28fd95e5bf52aca,0,0.34718325527098365,0,0.4129685453136861,0.6421906843268772,0,1,0
user_6,69ca35c1ede0bca4dfb87643,0,0.12888070744392818,0,0.8973620385966266,0.45712759600539,1,0,0
user_6,69cbd338f28fd95e5bf52a34,0,0.32091517957001897,0,0.326081247430264,0.7509238380701904,0,1,0
user_6,69ca35c7ede0bca4dfb87652,0,0.07988195879946175,0,0.7304176113852281,0.6332945401182359,0,1,0
user_6,69cbd36af28fd95e5bf52ae3,0,0.2654624509316598,0,0.23029866020545453,0.6517003753219077,1,0,0
user_6,69ca35b2ede0bca4dfb87639,0,0.14817530338253207,0,0.9850679019049405,0.013375922676228225,0,0,1
user_6,69ca35dbede0bca4dfb87666,0,0.31186671142929834,0,0.907797798623158,0.2775623279425712,0,0,1
user_6,69cbd33af28fd95e5bf52a39,0,0.029800810760265597,0,0.7507426916884608,0.30828421670158046,0,0,1
user_6,69cbd335f28fd95e5bf52a2a,0,0.15462093000991184,0,0.24512347975033275,0.2895620768556473,0,0,1
user_6,69ca35e0ede0bca4dfb87670,0,0.2610528476374944,0,0.42036206975475426,0.2238065071523072,1,0,0
user_6,69cbd36ef28fd95e5bf52af2,0,0.03425904704599097,0,0.36234093743102247,0.4010044167116391,1,0,0
user_6,69cbd354f28fd95e5bf52a98,0,0.10362043389493154,0,0.22603701689060746,0.6732295870234208,1,0,0
user_6,69cbd353f28fd95e5bf52a93,0,0.3126123890139174,0,0.4295599869020363,0.6104234274491562,0,0,1
user_6,69ca35e0ede0bca4dfb87670,0,0.3290388199075367,0,0.28599318024387543,0.15846957745257528,1,0,0
user_6,69cbd35af28fd95e5bf52aac,0,0.05498099259090683,0,0.8437440739719231,0.8768368806010052,0,1,0
user_6,69cbd341f28fd95e5bf52a52,0,0.07399717561332668,0,0.4097563464638373,0.18449456434813638,0,1,0
user_6,69cbd344f28fd95e5bf52a5c,0,0.14436508198705225,0,0.25668775937389465,0.19551140634718656,1,0,0
user_6,69cbd332f28fd95e5bf52a20,0,0.045662228405148136,0,0.8819217052001823,0.7839513725499727,1,0,0
user_6,69cbd36ef28fd95e5bf52af2,0,0.13297136587175837,0,0.9480060176718048,0.9201998367982094,1,0,0
user_6,69cbd344f28fd95e5bf52a5c,0,0.17711028207312074,0,0.7525267066855007,0.6701624345038637,1,0,0
user_6,69ca35d7ede0bca4dfb8765c,0,0.18780241209994497,0,0.7037880548188011,0.9341029736152939,1,0,0
user_6,69cbd338f28fd95e5bf52a34,0,0.3104666505685539,0,0.7134671986031762,0.7174586398614318,0,1,0
user_6,69cbd364f28fd95e5bf52acf,0,0.298981081175925,0,0.2722488450603307,0.9547688454852941,0,0,1
user_7,69cbd364f28fd95e5bf52acf,0,0.20600791869004606,0,0.5028689982310225,0.06657110186979409,0,0,1
user_7,69cbd352f28fd95e5bf52a8e,0,0.26749390785854515,0,0.2848296278637843,0.19674614518264488,0,1,0
user_7,69cbd330f28fd95e5bf52a1b,0,0.34755863559341593,0,0.5453130256231463,0.49348184688272423,0,0,1
user_7,69ca35c5ede0bca4dfb8764d,0,0.3909143868831267,0,0.984478996115149,0.3608434967853933,0,0,1
user_7,69ca35dbede0bca4dfb87666,0,0.041983522762797515,0,0.4664542157494799,0.9015303267830146,0,0,1
user_7,69ca360dede0bca4dfb87693,0,0.3437015647954878,0,0.3577033109450791,0.7289807547186602,1,0,0
user_7,69cbfdae8c848404b2392589,0,0.21756258091400849,0,0.49881415535548856,0.06132614202583331,0,1,0
user_7,69cbd341f28fd95e5bf52a52,0,0.12247518115649036,0,0.4776269083080929,0.4492457246351642,0,1,0
user_7,69cbd338f28fd95e5bf52a34,0,0.33641556954169816,0,0.5531530701634546,0.5098128576254619,0,1,0
user_7,69cbd34cf28fd95e5bf52a7a,0,0.006866957104896265,0,0.8439158488136763,0.7991027630812975,1,0,0
user_7,69ca3609ede0bca4dfb8768e,0,0.39670526613262985,0,0.271820797786474,0.07245066373650833,0,1,0
user_7,69ca35b4ede0bca4dfb8763e,0,0.02440722632685324,0,0.3197700948320643,0.15034920925108963,1,0,0
user_7,69cbfdae8c848404b2392589,0,0.10765416081418469,0,0.2688469030710202,0.040982318246265415,0,1,0
user_7,69cbd344f28fd95e5bf52a5c,0,0.09698171726170318,0,0.3416738776512732,0.13115628677783353,1,0,0
user_7,69cbfdae8c848404b2392589,0,0.014514696916631209,0,0.3327606846423652,0.4423544180685104,0,1,0
user_7,69ca35deede0bca4dfb8766b,0,0.24145805038135865,0,0.2154382616059254,0.48213030330105666,0,1,0
user_7,69ca35d9ede0bca4dfb87661,0,0.052739024422474225,0,0.4384921115228847,0.6321269316780789,0,0,1
user_7,69cbd364f28fd95e5bf52acf,0,0.2193203368112302,0,0.445125271636632,0.7438271886660346,0,0,1
user_7,69cbd336f28fd95e5bf52a2f,0,0.16081980509709803,0,0.28830952856487213,0.8403533097462439,1,0,0
user_7,69ca359bede0bca4dfb87634,0,0.33230530674725983,0,0.32287151327861746,0.6517966754862665,0,1,0
user_7,69cbd360f28fd95e5bf52ac0,0,0.3370376389046803,0,0.42034850450572364,0.1171046916720373,0,0,1
user_7,69cbd364f28fd95e5bf52acf,0,0.3714399114909869,0,0.3287807518538128,0.48522092801979855,0,0,1
user_7,69ca35c3ede0bca4dfb87648,0,0.06391544665659535,0,0.7515077617422634,0.25037172784238915,0,1,0
user_7,69cbd35cf28fd95e5bf52ab1,0,0.33093079132605974,0,0.3813222443993303,0.8028528383617421,0,0,1
user_7,69cbd345f28fd95e5bf52a61,0,0.04471613816311209,0,0.23566015552368944,0.3973006651093891,0,1,0
user_8,69cbd367f28fd95e5bf52ad9,0,0.030924871219903328,0,0.4841208324126006,0.6871498546502173,0,1,0
user_8,69cbd345f28fd95e5bf52a61,0,0.21306619211683353,0,0.23761866821227723,0.8554852886523083,0,1,0
user_8,69cbd35ef28fd95e5bf52abb,0,0.29124690097780326,0,0.6770676526098169,0.5756950871471778,0,1,0
user_8,69ca3609ede0bca4dfb8768e,0,0.006467517741410945,0,0.2696433909198572,0.11174473291484466,0,1,0
user_8,69cbd34ef28fd95e5bf52a7f,0,0.3123258149672459,0,0.5062925468838554,0.9479909260091286,0,1,0
user_8,69ca35f8ede0bca4dfb8767f,0,0.22584601545847002,0,0.24497887431720122,0.41856289731074625,1,0,0
user_8,69ca35dbede0bca4dfb87666,0,0.030709197290125802,0,0.33801278410021096,0.24769039112072844,0,0,1
user_8,69ca3613ede0bca4dfb876a2,0,0.2084699363304684,0,0.3732725964486596,0.13947487117077673,1,0,0
user_8,69ca35fdede0bca4dfb87689,0,0.2869252849086478,0,0.3577035206909116,0.006848706602563759,1,0,0
user_8,69cbd33df28fd95e5bf52a43,0,0.21324559935084011,0,0.3691140513870389,0.9746858869485797,0,1,0
user_8,69cbd36ef28fd95e5bf52af2,0,0.2589581649477665,0,0.9571584681977013,0.24623651708592442,1,0,0
user_8,69ca35f2ede0bca4dfb8767a,0,0.03227632635603959,0,0.34562825692014854,0.30181502231408563,0,0,1
user_8,69ca3611ede0bca4dfb8769d,0,0.013308149937780024,0,0.4658608675225821,0.7600527652777072,0,1,0
user_8,69cbd34bf28fd95e5bf52a75,0,0.21910119645352177,0,0.916206229371805,0.7686775058940996,0,0,1
user_8,69cbd36ff28fd95e5bf52af7,0,0.09875945878698787,0,0.7313392687117292,0.07115389084269697,0,1,0
user_8,69cbd343f28fd95e5bf52a57,0,0.31273187852512757,0,0.40173182820598813,0.623010129013394,0,0,1
user_8,69ca35f2ede0bca4dfb8767a,0,0.005603696788617541,0,0.7322388012708732,0.38072816339781723,0,0,1
user_8,69cbd33ff28fd95e5bf52a48,0,0.20765870284028687,0,0.5690300544965436,0.3664471530213438,0,0,1
user_8,69cbd353f28fd95e5bf52a93,0,0.25700834294173774,0,0.42115198670639553,0.6034766071901418,0,0,1
user_8,69ca359bede0bca4dfb87634,0,0.05265292948048206,0,0.5619870655230108,0.3677269371504992,0,1,0
user_8,69ca35faede0bca4dfb87684,0,0.17071017210037207,0,0.25890844892809406,0.9259366246718232,1,0,0
user_8,69ca360dede0bca4dfb87693,0,0.12622103541639618,0,0.24558040285926397,0.04367049888258179,1,0,0
user_8,69cbd34ff28fd95e5bf52a84,0,0.3858547827605403,0,0.8466769124931119,0.2528036450754614,0,0,1
user_8,69cbd34bf28fd95e5bf52a75,0,0.12807043798952897,0,0.9213838153727638,0.7626982476375959,0,0,1
user_8,69ca35c3ede0bca4dfb87648,0,0.36095741061693043,0,0.4725958991125849,0.029495192793423275,0,1,0
user_9,69cbd36df28fd95e5bf52aed,0,0.09692958942722606,0,0.8624604360220987,0.5443027828597651,0,0,1
user_9,69cbd335f28fd95e5bf52a2a,0,0.2431260621551471,0,0.23821058807314296,0.5111440382679964,0,0,1
user_9,69cbd354f28fd95e5bf52a98,0,0.26676383008839316,0,0.25430559286966736,0.746382112845489,1,0,0
user_9,69cbd33ff28fd95e5bf52a48,0,0.19383783114093528,0,0.22881417275580382,0.802460225317458,0,0,1
user_9,69cbd35af28fd95e5bf52aac,0,0.17125541406923317,0,0.2157506170353311,0.04216868821073105,0,1,0
user_9,69ca35b4ede0bca4dfb8763e,0,0.17998310180126859,0,0.6643460537306619,0.35596137312775267,1,0,0
user_9,69ca35caede0bca4dfb87657,0,0.23721693242001188,0,0.9028620152885635,0.8083091118541308,1,0,0
user_9,69cbd35ef28fd95e5bf52abb,0,0.1213532966417458,0,0.40615887551194507,0.4972626748711837,0,1,0
user_9,69cbd344f28fd95e5bf52a5c,0,0.25186471173732655,0,0.21678196949502354,0.693560353879831,1,0,0
user_9,69cbd34bf28fd95e5bf52a75,0,0.1801716675359172,0,0.6090561040832724,0.7901488809965536,0,0,1
user_9,69ca35deede0bca4dfb8766b,0,0.1960400263423142,0,0.863209373048316,0.654614539165681,0,1,0
user_9,69ca35f2ede0bca4dfb8767a,0,0.272300254360879,0,0.36381907987418316,0.9295778179117549,0,0,1
user_9,69cbd35af28fd95e5bf52aac,0,0.09802083495777288,0,0.8406194113102349,0.18406236789970332,0,1,0
user_9,69ca35edede0bca4dfb87675,0,0.1938269712739465,0,0.5084756181818624,0.13221885886634244,0,1,0
user_9,69cbd348f28fd95e5bf52a6b,0,0.007328210167400773,0,0.8010436900126144,0.44545380134503,1,0,0
user_9,69ca35d7ede0bca4dfb8765c,0,0.27366111689358813,0,0.8265988290484032,0.7316024358714641,1,0,0
user_9,69ca35d7ede0bca4dfb8765c,0,0.2260597067758079,0,0.8274959809135285,0.618581660769534,1,0,0
user_9,69cbd36af28fd95e5bf52ae3,0,0.07586123149518542,0,0.42371764184686084,0.5594105950339525,1,0,0
user_9,69cbd33df28fd95e5bf52a43,0,0.04079448683368528,0,0.9656503792636645,0.9884718520466083,0,1,0
user_9,69ca35c1ede0bca4dfb87643,0,0.19020268967409307,0,0.2469457758108853,0.40912341780361583,1,0,0
user_9,69cbd350f28fd95e5bf52a89,0,0.23863776060704317,0,0.3744717362203751,0.36614971162685284,1,0,0
user_9,69cbd364f28fd95e5bf52acf,0,0.19073261324780744,0,0.4881533569135605,0.06307603296591524,0,0,1
user_9,69cbd335f28fd95e5bf52a2a,0,0.014940532621278636,0,0.31135104956354454,0.8790403803253759,0,0,1
user_9,69cbd348f28fd95e5bf52a6b,0,0.007382896647456861,0,0.9810211746226474,0.15592123586218265,1,0,0
user_9,69cbd344f28fd95e5bf52a5c,0,0.0792879607283365,0,0.33921144903458744,0.028769913140020975,1,0,0
user_10,69cbd343f28fd95e5bf52a57,0,0.15067193338502405,0,0.3376990119930292,0.4382253461028567,0,0,1
user_10,69cbd34bf28fd95e5bf52a75,0,0.2604320397602245,0,0.44436333057352917,0.42977086376108664,0,0,1
user_10,69cbd336f28fd95e5bf52a2f,0,0.29368567440399235,0,0.7574979983204713,0.29728899609668824,1,0,0
user_10,69ca35d9ede0bca4dfb87661,0,0.1298055787741398,0,0.7438576612045337,0.06953530939679697,0,0,1
user_10,69cbd359f28fd95e5bf52aa7,0,0.012823826314096643,0,0.4045810187038471,0.08876866480503365,1,0,0
user_10,69ca35c7ede0bca4dfb87652,0,0.018990578730150268,0,0.566635873669564,0.37689521297387074,0,1,0
user_10,69cbd361f28fd95e5bf52ac5,0,0.25338109439330747,0,0.3016166305510809,0.8073393907223783,1,0,0
user_10,69cbd36bf28fd95e5bf52ae8,0,0.2756401980807694,0,0.35292821942598784,0.8342388610864604,0,1,0
user_10,69cbfdae8c848404b2392589,0,0.19616164715381698,0,0.5272492642903607,0.022462734387750816,0,1,0
user_10,69cbd33df28fd95e5bf52a43,0,0.1219169633639269,0,0.747335413774631,0.33258249393219264,0,1,0
user_10,69cbd349f28fd95e5bf52a70,0,0.1350558744696805,0,0.7209537103091046,0.17934874350460817,0,1,0
user_10,69cbd35cf28fd95e5bf52ab1,0,0.13740072383445698,0,0.3987718663587282,0.7703074264109622,0,0,1
user_10,69ca35f8ede0bca4dfb8767f,0,0.2279387995616877,0,0.3377640213714281,0.8140672394574426,1,0,0
user_10,69ca3609ede0bca4dfb8768e,0,0.08745912011316347,0,0.280393849012158,0.8272284528546663,0,1,0
user_10,69cbfdae8c848404b2392589,0,0.1472592879623824,0,0.32401202338426094,0.2855150311631187,0,1,0
user_10,69cbd368f28fd95e5bf52ade,0,0.17519678395823457,0,0.6724519661900676,0.743485516164827,0,0,1
user_10,69ca360dede0bca4dfb87693,0,0.28277577318498165,0,0.50114622643188,0.5772445601373795,1,0,0
user_10,69ca35c3ede0bca4dfb87648,0,0.23217392784520136,0,0.36480412495848674,0.34857957549680885,0,1,0
user_10,69cbd343f28fd95e5bf52a57,0,0.3209109165147174,0,0.23474643105800957,0.9035026855095973,0,0,1
user_10,69cbd332f28fd95e5bf52a20,0,0.14782501498734124,0,0.6646414936986912,0.5624950614833817,1,0,0
user_10,69ca35c7ede0bca4dfb87652,0,0.07449271450378987,0,0.664831329635549,0.39272129944617595,0,1,0
user_10,69cbd34ff28fd95e5bf52a84,0,0.3821356315311098,0,0.5942925900580542,0.3475351310312782,0,0,1
user_10,69cbd36ef28fd95e5bf52af2,0,0.2247731379648119,0,0.8115212639659113,0.2916992789655295,1,0,0
user_10,69ca35edede0bca4dfb87675,0,0.3450540734070554,0,0.42893953504928994,0.9648400130439847,0,1,0
user_10,69cbd352f28fd95e5bf52a8e,0,0.19735700862301286,0,0.37049088054032586,0.5435316936698347,0,1,0
user_11,69cbd357f28fd95e5bf52aa2,0,0.32701471675315796,0,0.309285961179135,0.345925127389493,0,0,1
user_11,69cbd33df28fd95e5bf52a43,0,0.040791858367439815,0,0.7939091432090809,0.016460921751109803,0,1,0
user_11,69cbd360f28fd95e5bf52ac0,0,0.17794803235250234,0,0.8505397236706234,0.13628462419860843,0,0,1
user_11,69cbd36ff28fd95e5bf52af7,0,0.12454496098350064,0,0.40299809806181147,0.45826502790380497,0,1,0
user_11,69cbd366f28fd95e5bf52ad4,0,0.19844969765817633,0,0.6109119979489821,0.2841885563719462,1,0,0
user_11,69ca35deede0bca4dfb8766b,0,0.2667080391755282,0,0.5555355504554084,0.9635440398915884,0,1,0
user_11,69cbd345f28fd95e5bf52a61,0,0.2534099530364666,0,0.29543498417677816,0.931007687151997,0,1,0
user_11,69ca35fdede0bca4dfb87689,0,0.22719181456702728,0,0.47808930280191086,0.3232543139828612,1,0,0
user_11,69cbd353f28fd95e5bf52a93,0,0.27917037909296694,0,0.7440356487829769,0.5056678070297673,0,0,1
user_11,69cbd363f28fd95e5bf52aca,0,0.18760879543054793,0,0.7069396543731052,0.5248484350596008,0,1,0
user_11,69ca358aede0bca4dfb87625,0,0.07249690010969508,0,0.8357778055540726,0.6136271574842158,0,0,1
user_11,69ca359bede0bca4dfb87634,0,0.3759689962591901,0,0.371331375814318,0.026759662956211905,0,1,0
user_11,69cbd361f28fd95e5bf52ac5,0,0.04371324826467715,0,0.4238498157015337,0.1718035632940471,1,0,0
user_11,69ca35d7ede0bca4dfb8765c,0,0.18684576119221807,0,0.28956452448471215,0.40241251823938584,1,0,0
user_11,69cbd34ef28fd95e5bf52a7f,0,0.2390438683424149,0,0.4817545911528829,0.7979852171597146,0,1,0
user_11,69cbd34ff28fd95e5bf52a84,0,0.15126222247464619,0,0.4655432567027226,0.5183676012200176,0,0,1
user_11,69cbd349f28fd95e5bf52a70,0,0.0425641597374983,0,0.3795226528062485,0.531880878908171,0,1,0
user_11,69ca35fdede0bca4dfb87689,0,0.34825879616749317,0,0.27349643302303644,0.7851067491084627,1,0,0
user_11,69ca35dbede0bca4dfb87666,0,0.15651251688718537,0,0.7842456004414138,0.9995191934204402,0,0,1
user_11,69ca360dede0bca4dfb87693,0,0.20101250170311158,0,0.4683055505958785,0.20333871738516507,1,0,0
user_11,69cbd35df28fd95e5bf52ab6,0,0.25886599999352183,0,0.9043048191537258,0.12075909039818677,1,0,0
user_11,69ca35caede0bca4dfb87657,0,0.1231357617966161,0,0.48237155515572316,0.7290268601518364,1,0,0
user_11,69cbd330f28fd95e5bf52a1b,0,0.022493854848104358,0,0.960081680372075,0.3001422401827718,0,0,1
user_11,69cbd353f28fd95e5bf52a93,0,0.31321765260604517,0,0.6922274044205919,0.6509116086575035,0,0,1
user_11,69cbd352f28fd95e5bf52a8e,0,0.03512046690601283,0,0.7737215814926989,0.4699123224823263,0,1,0
user_12,69cbd345f28fd95e5bf52a61,0,0.2747368217282232,0,0.2598555087729584,0.8548361757940608,0,1,0
user_12,69ca358aede0bca4dfb87625,0,0.24666755518649694,0,0.9176397285087935,0.18482073990794912,0,0,1
user_12,69ca360dede0bca4dfb87693,0,0.3897086501538379,0,0.4952712702592482,0.037775816472207735,1,0,0
user_12,69cbd333f28fd95e5bf52a25,0,0.16077202768842397,0,0.28705764544132994,0.043720201808192805,0,1,0
user_12,69cbd360f28fd95e5bf52ac0,0,0.33731610777232135,0,0.45093800548659757,0.5413641752408263,0,0,1
user_12,69ca35d7ede0bca4dfb8765c,0,0.3116118085436675,0,0.3730023371140029,0.35348418031015694,1,0,0
user_12,69ca360dede0bca4dfb87693,0,0.22449514976114307,0,0.6529184033820568,0.4475468079628253,1,0,0
user_12,69ca359bede0bca4dfb87634,0,0.04668603872504269,0,0.8040013333396137,0.3237532876909117,0,1,0
user_12,69cbd36ff28fd95e5bf52af7,0,0.07755187660388563,0,0.5004195307258262,0.9240393257293025,0,1,0
user_12,69ca35dbede0bca4dfb87666,0,0.2879341694245054,0,0.3646512648963155,0.59905726032075,0,0,1
user_12,69cbd368f28fd95e5bf52ade,0,0.01552327401767899,0,0.6471417806297735,0.6849088588846699,0,0,1
user_12,69cbd35ef28fd95e5bf52abb,0,0.2437883942755475,0,0.4698564519179242,0.7983302092009181,0,1,0
user_12,69ca358dede0bca4dfb8762a,0,0.12979940869533566,0,0.3465962889085819,0.369223683036338,1,0,0
user_12,69ca35edede0bca4dfb87675,0,0.25069360117138784,0,0.2601882151279869,0.2636265768757122,0,1,0
user_12,69ca3611ede0bca4dfb8769d,0,0.377795840993094,0,0.35652567460568807,0.19655029849480332,0,1,0
user_12,69cbd357f28fd95e5bf52aa2,0,0.07380674607624708,0,0.7164836099795724,0.19498576674351575,0,0,1
user_12,69ca35faede0bca4dfb87684,0,0.3719254829366152,0,0.8350194372083289,0.03883468824219305,1,0,0
user_12,69cbd361f28fd95e5bf52ac5,0,0.23429869053292063,0,0.2397945169372657,0.12245028056891183,1,0,0
user_12,69ca35deede0bca4dfb8766b,0,0.37180461719415225,0,0.782154486945385,0.7566305420551867,0,1,0
user_12,69cbd34cf28fd95e5bf52a7a,0,0.257845979661619,0,0.8489279194300273,0.46153125557433095,1,0,0
user_12,69ca360fede0bca4dfb87698,0,0.16998312020736145,0,0.6617749432889792,0.7693521885953329,0,0,1
user_12,69cbd354f28fd95e5bf52a98,0,0.2636191237233967,0,0.3728689792483706,0.17917944549376563,1,0,0
user_12,69cbd348f28fd95e5bf52a6b,0,0.14207154402008237,0,0.22933036445716057,0.380037403981039,1,0,0
user_12,69cbd336f28fd95e5bf52a2f,0,0.03482952360000988,0,0.5039392106039172,0.8018043828231896,1,0,0
user_12,69cbd359f28fd95e5bf52aa7,0,0.15555373224498814,0,0.2478729331389316,0.12832148899529616,1,0,0
user_13,69cbd354f28fd95e5bf52a98,0,0.2752968926191106,0,0.6328433623804149,0.35753973181504284,1,0,0
user_13,69cbd36bf28fd95e5bf52ae8,0,0.026974731396174435,0,0.21540793552897108,0.34001084847286456,0,1,0
user_13,69ca360dede0bca4dfb87693,0,0.2449715119235547,0,0.8015954301323831,0.5869683242767956,1,0,0
user_13,69ca35c5ede0bca4dfb8764d,0,0.18141540447076052,0,0.38215438660997403,0.7752749059580193,0,0,1
user_13,69cbd361f28fd95e5bf52ac5,0,0.38133604559565637,0,0.35179537514773623,0.011349958948187577,1,0,0
user_13,69ca35b2ede0bca4dfb87639,0,0.013158341693563358,0,0.5152794981850963,0.17241052263903778,0,0,1
user_13,69cbd363f28fd95e5bf52aca,0,0.33948009856242156,0,0.35445493349310464,0.0932859639582655,0,1,0
user_13,69ca35c5ede0bca4dfb8764d,0,0.11616053040536203,0,0.34483295582822016,0.42310364133489187,0,0,1
user_13,69ca35faede0bca4dfb87684,0,0.3847013016275228,0,0.31669820929261566,0.9548519538213522,1,0,0
user_13,69ca3609ede0bca4dfb8768e,0,0.11579558980938397,0,0.44695289321209714,0.5337944350863062,0,1,0
user_13,69cbd34bf28fd95e5bf52a75,0,0.35421972289735576,0,0.46724239774762444,0.5006873738083382,0,0,1
user_13,69ca35c5ede0bca4dfb8764d,0,0.10380719783541573,0,0.259178081748482,0.562387845117404,0,0,1
user_13,69cbd333f28fd95e5bf52a25,0,0.1603557476291192,0,0.31479204460490107,0.17950410164138209,0,1,0
user_13,69cbd363f28fd95e5bf52aca,0,0.28375250936460555,0,0.9882424624425373,0.6232783998760103,0,1,0
user_13,69cbd356f28fd95e5bf52a9d,0,0.3601650953122243,0,0.8077973515249699,0.6683166539655514,0,1,0
user_13,69ca35faede0bca4dfb87684,0,0.2428761688338077,0,0.3341825550666112,0.6315613448323334,1,0,0
user_13,69cbd357f28fd95e5bf52aa2,0,0.12321519865181987,0,0.22831958230302263,0.1924192357684924,0,0,1
user_13,69cbd35cf28fd95e5bf52ab1,0,0.22174700728212118,0,0.4377787662915188,0.007634403845010906,0,0,1
user_13,69ca3609ede0bca4dfb8768e,0,0.1695112233454558,0,0.7900217373767275,0.5338452774716478,0,1,0
user_13,69ca3609ede0bca4dfb8768e,0,0.24779659377746965,0,0.24031847164207984,0.23387660228686236,0,1,0
user_13,69cbd348f28fd95e5bf52a6b,0,0.32874864174849183,0,0.2359597438425801,0.6826478899022839,1,0,0
user_13,69ca35dbede0bca4dfb87666,0,0.029925699637306204,0,0.5939898604180986,0.26655423721052585,0,0,1
user_13,69cbd347f28fd95e5bf52a66,0,0.325305938593474,0,0.32297473798041626,0.731838684245351,0,0,1
user_13,69ca3611ede0bca4dfb8769d,0,0.2859999436433472,0,0.5269605800277143,0.6826240361332061,0,1,0
user_13,69cbd330f28fd95e5bf52a1b,0,0.02434114971773074,0,0.3259129665980926,0.5807638325323377,0,0,1
user_14,69cbfdae8c848404b2392589,0,0.1476467769904712,0,0.22729487314929855,0.254995931748639,0,1,0
user_14,69ca35edede0bca4dfb87675,0,0.11843566518917453,0,0.39990637232415793,0.5134233609457866,0,1,0
user_14,69ca35fdede0bca4dfb87689,0,0.2572758915209065,0,0.558651374002715,0.9393688683339871,1,0,0
user_14,69cbd332f28fd95e5bf52a20,0,0.09761043614128645,0,0.5912641939258991,0.12885609732959935,1,0,0
user_14,69ca359bede0bca4dfb87634,0,0.09749176752389338,0,0.3235086236902846,0.6278140717562242,0,1,0
user_14,69ca35c1ede0bca4dfb87643,0,0.3945189090109743,0,0.26273949837033395,0.4893635955299174,1,0,0
user_14,69cbd341f28fd95e5bf52a52,0,0.3125747212050251,0,0.6221575920812292,0.46136342774849304,0,1,0
user_14,69cbd36bf28fd95e5bf52ae8,0,0.3329713023227354,0,0.4863702065271787,0.9192763910390096,0,1,0
user_14,69cbd34ef28fd95e5bf52a7f,0,0.27661098288359653,0,0.28316945986575176,0.4076314012920146,0,1,0
user_14,69cbd348f28fd95e5bf52a6b,0,0.3455366859897253,0,0.29347332136282955,0.18530622046959655,1,0,0
user_14,69cbd352f28fd95e5bf52a8e,0,0.08297749604612932,0,0.37477516515721615,0.4130253791373284,0,1,0
user_14,69cbd34cf28fd95e5bf52a7a,0,0.08439508574861963,0,0.3516970818768649,0.040056296450688755,1,0,0
user_14,69cbd345f28fd95e5bf52a61,0,0.2580885130244508,0,0.6692334734183025,0.5397379909799747,0,1,0
user_14,69cbd36df28fd95e5bf52aed,0,0.1817150829057857,0,0.22260890604566075,0.9621816258309634,0,0,1
user_14,69cbd35df28fd95e5bf52ab6,0,0.27762847133274093,0,0.4915992320925452,0.48642572527821004,1,0,0
user_14,69cbd34ff28fd95e5bf52a84,0,0.02540516182014523,0,0.5180526857833211,0.8373339974383573,0,0,1
user_14,69ca35c5ede0bca4dfb8764d,0,0.024301992518165606,0,0.3558855515937459,0.28326629702414396,0,0,1
user_14,69cbd363f28fd95e5bf52aca,0,0.14680368899522067,0,0.22336535470404978,0.277088628368785,0,1,0
user_14,69ca35c7ede0bca4dfb87652,0,0.14332352999944256,0,0.9792543692398051,0.29695273412302736,0,1,0
user_14,69ca35fdede0bca4dfb87689,0,0.0020710379236125397,0,0.4057119611478701,0.9279803609815771,1,0,0
user_14,69cbd360f28fd95e5bf52ac0,0,0.28181904696230337,0,0.3800246994146602,0.804369312377897,0,0,1
user_14,69cbd35df28fd95e5bf52ab6,0,0.05580319839954049,0,0.9348194622979793,0.34598689529856186,1,0,0
user_14,69ca35d9ede0bca4dfb87661,0,0.34654824731686235,0,0.4355714049167191,0.2529226649762024,0,0,1
user_14,69ca360dede0bca4dfb87693,0,0.2639909287540926,0,0.2404996978146559,0.8352999165692139,1,0,0
user_14,69ca360fede0bca4dfb87698,0,0.3921890520034298,0,0.7120009857285048,0.44312521207962696,0,0,1
user_15,69cbd33cf28fd95e5bf52a3e,0,0.1489533630560831,0,0.6506467707516717,0.6108106283869075,1,0,0
user_15,69ca35caede0bca4dfb87657,0,0.3884430416148253,0,0.2612884933683075,0.6842219274970063,1,0,0
user_15,69cbd356f28fd95e5bf52a9d,0,0.2629093077435381,0,0.26564447080711107,0.8779193853991911,0,1,0
user_15,69cbd344f28fd95e5bf52a5c,0,0.28002075344713523,0,0.2392357093646896,0.2157527702176676,1,0,0
user_15,69cbd364f28fd95e5bf52acf,0,0.35134816273827507,0,0.7063951395587564,0.9164389612004658,0,0,1
user_15,69cbd348f28fd95e5bf52a6b,0,0.3428851561253585,0,0.36941589041390255,0.896445823709314,1,0,0
user_15,69ca35c1ede0bca4dfb87643,0,0.029143967806982297,0,0.6305676329922484,0.12081137343233461,1,0,0
user_15,69cbd35af28fd95e5bf52aac,0,0.24754575284460395,0,0.24640026918674984,0.06800298675576011,0,1,0
user_15,69cbd338f28fd95e5bf52a34,0,0.34018904214524986,0,0.22036715126496767,0.38297811156049133,0,1,0
user_15,69cbd343f28fd95e5bf52a57,0,0.063719910748177,0,0.2890044600369083,0.5579394589281563,0,0,1
user_15,69ca35faede0bca4dfb87684,0,0.10137535555286883,0,0.6206035326136908,0.6914347105240579,1,0,0
user_15,69ca35c7ede0bca4dfb87652,0,0.04251661749732732,0,0.842682327974565,0.9741910687483186,0,1,0
user_15,69cbd345f28fd95e5bf52a61,0,0.07694344297579435,0,0.6392769869101722,0.381919277148697,0,1,0
user_15,69ca35c1ede0bca4dfb87643,0,0.10980773669612419,0,0.4875400323972554,0.5431538497853821,1,0,0
user_15,69cbd332f28fd95e5bf52a20,0,0.06306647473893863,0,0.3814995470284649,0.6950373919256749,1,0,0
user_15,69cbd35af28fd95e5bf52aac,0,0.02000049981934149,0,0.7806497014949666,0.6279686117684984,0,1,0
user_15,69ca35e0ede0bca4dfb87670,0,0.2524617474506471,0,0.9908660496635044,0.6588376317397093,1,0,0
user_15,69ca3613ede0bca4dfb876a2,0,0.2928601632129776,0,0.7879838381469414,0.9602393401337019,1,0,0
user_15,69cbd364f28fd95e5bf52acf,0,0.33601369650345614,0,0.21847703455061449,0.9955889977460459,0,0,1
user_15,69ca35e0ede0bca4dfb87670,0,0.2401629975745994,0,0.34482690122524623,0.3458971307043317,1,0,0
user_15,69cbd36af28fd95e5bf52ae3,0,0.06210649128376664,0,0.6329907408852428,0.78098734295283,1,0,0
user_15,69cbd367f28fd95e5bf52ad9,0,0.3520310227601555,0,0.37009743289157115,0.928269226820214,0,1,0
user_15,69cbd36ff28fd95e5bf52af7,0,0.025795538967829757,0,0.6775595579787903,0.19686202804258168,0,1,0
user_15,69ca360fede0bca4dfb87698,0,0.21724974144756903,0,0.4036167765871624,0.7506780465469096,0,0,1
user_15,69cbd36df28fd95e5bf52aed,0,0.14757514163889374,0,0.372250841220449,0.9896476302609767,0,0,1
user_16,69cbd344f28fd95e5bf52a5c,0,0.2711931230911064,0,0.7876687284764885,0.8025344942391452,1,0,0
user_16,69ca360fede0bca4dfb87698,0,0.33827821685526865,0,0.24468897999059178,0.2021521339175152,0,0,1
user_16,69ca35f2ede0bca4dfb8767a,0,0.35831430580647644,0,0.46348746864620743,0.827331934785152,0,0,1
user_16,69cbd330f28fd95e5bf52a1b,0,0.25121061063764033,0,0.3736237871688815,0.6427768057205585,0,0,1
user_16,69cbd366f28fd95e5bf52ad4,0,0.2943494880479695,0,0.507751477169618,0.38983901562735257,1,0,0
user_16,69ca35dbede0bca4dfb87666,0,0.08341809897308883,0,0.6398390875999951,0.07995085946728775,0,0,1
user_16,69cbd368f28fd95e5bf52ade,0,0.12039778809778118,0,0.7064553893773374,0.7794946075074141,0,0,1
user_16,69cbd354f28fd95e5bf52a98,0,0.39903652047955274,0,0.5668728374953551,0.6748504703041589,1,0,0
user_16,69cbd361f28fd95e5bf52ac5,0,0.20879614566185883,0,0.27550023795352546,0.026965658068158982,1,0,0
user_16,69ca360fede0bca4dfb87698,0,0.24444027918588773,0,0.22300166650420128,0.8033033201468287,0,0,1
user_16,69ca35c7ede0bca4dfb87652,0,0.020482201963425165,0,0.2245361702852976,0.5264210045974498,0,1,0
user_16,69cbd36ff28fd95e5bf52af7,0,0.3531081198515078,0,0.2481949056290705,0.7212706500332935,0,1,0
user_16,69cbd348f28fd95e5bf52a6b,0,0.05734676831361832,0,0.6131774253306549,0.5117124278021108,1,0,0
user_16,69ca35c5ede0bca4dfb8764d,0,0.1308507396723444,0,0.3502567155392894,0.09096752591503998,0,0,1
user_16,69cbd348f28fd95e5bf52a6b,0,0.005452635526322336,0,0.39724762421241583,0.5397026617033835,1,0,0
user_16,69ca359bede0bca4dfb87634,0,0.3671715930600349,0,0.4352283570191541,0.4581216675411539,0,1,0
user_16,69ca35c5ede0bca4dfb8764d,0,0.13688010862587535,0,0.37865963670902714,0.32751007649797326,0,0,1
user_16,69ca35b4ede0bca4dfb8763e,0,0.08640386121608606,0,0.49698869224730474,0.709767694889412,1,0,0
user_16,69cbd366f28fd95e5bf52ad4,0,0.09545047252186736,0,0.3900038080437773,0.42358658359529744,1,0,0
user_16,69cbd361f28fd95e5bf52ac5,0,0.30040480920944507,0,0.514544756744368,0.6720436824697487,1,0,0
user_16,69cbd341f28fd95e5bf52a52,5,0.8516630540571528,1,0.5865071571570835,0.2503150225215591,0,1,0
user_16,69cbd35df28fd95e5bf52ab6,0,0.027070106877740942,0,0.4102353878848155,0.35549305290404876,1,0,0
user_16,69cbd34cf28fd95e5bf52a7a,0,0.07315591564735628,0,0.9142310585973104,0.1259312629829663,1,0,0
user_16,69ca35d9ede0bca4dfb87661,0,0.08548951842809825,0,0.4941944481701813,0.5463826396180038,0,0,1
user_16,69cbd338f28fd95e5bf52a34,0,0.25435470150798184,0,0.4850749988078135,0.5900597933921268,0,1,0
user_17,69cbd34ef28fd95e5bf52a7f,0,0.045572340274044804,0,0.4439620247216647,0.7413209862779622,0,1,0
user_17,69cbd357f28fd95e5bf52aa2,0,0.24397732415054893,0,0.48686243520767297,0.7422037524546512,0,0,1
user_17,69cbd363f28fd95e5bf52aca,0,0.060467807720064395,0,0.7740156289425981,0.6896832867573457,0,1,0
user_17,69cbd356f28fd95e5bf52a9d,0,0.2063756255585065,0,0.3425969181679519,0.9357780039513621,0,1,0
user_17,69ca360fede0bca4dfb87698,0,0.20008893512366444,0,0.27731870654973545,0.9431478549098173,0,0,1
user_17,69ca35dbede0bca4dfb87666,0,0.36330623522733263,0,0.6872022242531427,0.305392813289574,0,0,1
user_17,69ca3613ede0bca4dfb876a2,0,0.24494455250939576,0,0.5626263360020649,0.9010952887365309,1,0,0
user_17,69ca35b4ede0bca4dfb8763e,0,0.015580523890087418,0,0.5692160120893435,0.26544953501414104,1,0,0
user_17,69cbd356f28fd95e5bf52a9d,0,0.33557016769260156,0,0.8669941632900173,0.28675252575505317,0,1,0
user_17,69ca35deede0bca4dfb8766b,0,0.2504517428798993,0,0.7317050861379961,0.393923517041314,0,1,0
user_17,69cbd336f28fd95e5bf52a2f,0,0.15485695333762273,0,0.330378828077236,0.7437991375196691,1,0,0
user_17,69cbd36df28fd95e5bf52aed,0,0.22155184701147787,0,0.45641386854609944,0.9952446154913162,0,0,1
user_17,69cbd366f28fd95e5bf52ad4,0,0.0581862037499076,0,0.25074520391668154,0.39661021838086774,1,0,0
user_17,69cbd338f28fd95e5bf52a34,0,0.39946244426127314,0,0.738160493601474,0.19370584519121103,0,1,0
user_17,69cbd34ef28fd95e5bf52a7f,0,0.2664287569686498,0,0.947055046404803,0.8772008731586449,0,1,0
user_17,69ca35b2ede0bca4dfb87639,0,0.00558971645371118,0,0.27939287614444136,0.39627011995716166,0,0,1
user_17,69cbd353f28fd95e5bf52a93,0,0.036857386408268945,0,0.2922762282981771,0.149027823059658,0,0,1
user_17,69cbd330f28fd95e5bf52a1b,0,0.31479686724408007,0,0.5888295818609822,0.5434935216228172,0,0,1
user_17,69cbd330f28fd95e5bf52a1b,0,0.0676632200123315,0,0.25415339094334644,0.3894201121522247,0,0,1
user_17,69cbd347f28fd95e5bf52a66,0,0.24433055358553527,0,0.8588799901862307,0.20563229251159654,0,0,1
user_17,69cbd33af28fd95e5bf52a39,0,0.1425113657557752,0,0.26072421150954356,0.7881863477003326,0,0,1
user_17,69cbd345f28fd95e5bf52a61,0,0.3075561750297784,0,0.7467914548948675,0.8518979765193131,0,1,0
user_17,69ca3613ede0bca4dfb876a2,0,0.028456925711363025,0,0.32836569709097774,0.6584644335847127,1,0,0
user_17,69ca35f2ede0bca4dfb8767a,0,0.14122336027693558,0,0.2503722797373762,0.3346012726627956,0,0,1
user_17,69cbd359f28fd95e5bf52aa7,0,0.03120031152522067,0,0.8009659587871694,0.7974064327922075,1,0,0
user_18,69cbd360f28fd95e5bf52ac0,0,0.12922018209731254,0,0.819767695753379,0.8890166954152825,0,0,1
user_18,69cbd348f28fd95e5bf52a6b,0,0.28060189815276965,0,0.4920619008345932,0.5957628922022378,1,0,0
user_18,69ca3613ede0bca4dfb876a2,0,0.009042527830723212,0,0.2844684448973163,0.7040002797137641,1,0,0
user_18,69ca35d9ede0bca4dfb87661,0,0.35737676727744944,0,0.30317814680426297,0.11001852062470574,0,0,1
user_18,69cbd335f28fd95e5bf52a2a,0,0.29477776144003276,0,0.23166451215624195,0.09263436136107517,0,0,1
user_18,69cbd33cf28fd95e5bf52a3e,0,0.2993216172442463,0,0.45308494476670413,0.08237709534741966,1,0,0
user_18,69ca3613ede0bca4dfb876a2,0,0.07581275093967427,0,0.2243953975641636,0.5027000050122634,1,0,0
user_18,69cbd352f28fd95e5bf52a8e,0,0.34409815443379266,0,0.8204629583332455,0.7181951157098214,0,1,0
user_18,69cbd345f28fd95e5bf52a61,0,0.25499648405865605,0,0.2382123455837944,0.40762807702357784,0,1,0
user_18,69ca35d7ede0bca4dfb8765c,0,0.12733587109101743,0,0.34632138166913856,0.20113322997604577,1,0,0
user_18,69cbd345f28fd95e5bf52a61,0,0.054471952003894764,0,0.908675878917633,0.5396960559787656,0,1,0
user_18,69cbd34cf28fd95e5bf52a7a,0,0.030275250266710785,0,0.3345938563598688,0.12752455748564695,1,0,0
user_18,69ca3609ede0bca4dfb8768e,0,0.04229330713173729,0,0.3199953681141936,0.8303142124874499,0,1,0
user_18,69cbd349f28fd95e5bf52a70,0,0.20021684074883828,0,0.5587467145454156,0.30605836893830696,0,1,0
user_18,69ca360fede0bca4dfb87698,0,0.23373504979928336,0,0.4614557578697398,0.6217016624299423,0,0,1
user_18,69ca35fdede0bca4dfb87689,0,0.15917431934935966,0,0.6421118124123318,0.396560107323632,1,0,0
user_18,69cbd360f28fd95e5bf52ac0,0,0.12474060049954057,0,0.5466642507352719,0.621721470965461,0,0,1
user_18,69cbd366f28fd95e5bf52ad4,0,0.003295151747033387,0,0.33859054907623654,0.17005725095783264,1,0,0
user_18,69cbd359f28fd95e5bf52aa7,0,0.2255088638084155,0,0.23058682148982754,0.6534766867846351,1,0,0
user_18,69ca35edede0bca4dfb87675,0,0.09577500319606172,0,0.5118367686082709,0.4944802730750302,0,1,0
user_18,69ca35d9ede0bca4dfb87661,0,0.10749030103149737,0,0.9616115966729957,0.5676663904941854,0,0,1
user_18,69ca360dede0bca4dfb87693,0,0.3615299172044947,0,0.6375596581807423,0.4695902865852568,1,0,0
user_18,69ca35faede0bca4dfb87684,0,0.02931477355764427,0,0.9243058250802326,0.20698084456551702,1,0,0
user_18,69cbd35af28fd95e5bf52aac,0,0.15518047765169235,0,0.2675677393498638,0.8984007080106413,0,1,0
user_18,69cbd343f28fd95e5bf52a57,0,0.27238925853986234,0,0.2592945148232698,0.0400333725577533,0,0,1
user_19,69ca35caede0bca4dfb87657,0,0.2585915881294808,0,0.7512243492811593,0.046598136911519594,1,0,0
user_19,69cbd344f28fd95e5bf52a5c,0,0.1517475870337057,0,0.5459506763100921,0.9656151470725545,1,0,0
user_19,69cbd345f28fd95e5bf52a61,0,0.11420726912283019,0,0.3086938731313213,0.06293959664858373,0,1,0
user_19,69cbd347f28fd95e5bf52a66,0,0.376282525483018,0,0.2565323085459122,0.48770456687494224,0,0,1
user_19,69cbd367f28fd95e5bf52ad9,0,0.0987582286690909,0,0.23414596362934356,0.9459798617965136,0,1,0
user_19,69ca35dbede0bca4dfb87666,0,0.08675864871895521,0,0.3811405763946108,0.6229640284974214,0,0,1
user_19,69cbd36af28fd95e5bf52ae3,0,0.07308773050671143,0,0.9178298109387113,0.0012827072463850175,1,0,0
user_19,69cbd345f28fd95e5bf52a61,0,0.032558005189271814,0,0.6783246483983209,0.8800811418608943,0,1,0
user_19,69cbd35cf28fd95e5bf52ab1,0,0.034524407944091264,0,0.41991748929428147,0.19027325082975977,0,0,1
user_19,69cbd36af28fd95e5bf52ae3,0,0.3280307223264397,0,0.24966601296124993,0.5664271889674466,1,0,0
user_19,69ca35d7ede0bca4dfb8765c,0,0.3871434255824454,0,0.3041705988243839,0.7794240983262033,1,0,0
user_19,69cbd356f28fd95e5bf52a9d,0,0.17920603937800594,0,0.29216375613439843,0.7098729664970902,0,1,0
user_19,69cbd330f28fd95e5bf52a1b,0,0.23011520731148158,0,0.5533041404862551,0.06569396049050047,0,0,1
user_19,69ca35faede0bca4dfb87684,0,0.22281882089951133,0,0.405277347153013,0.37610596073677627,1,0,0
user_19,69cbfdae8c848404b2392589,0,0.1909620791012201,0,0.43985812240309335,0.22434208353487106,0,1,0
user_19,69cbd34ef28fd95e5bf52a7f,0,0.135190736934576,0,0.29571873157039824,0.20710476172579817,0,1,0
user_19,69ca358aede0bca4dfb87625,0,0.29139101230299586,0,0.2936707121658169,0.08198540163517398,0,0,1
user_19,69cbd368f28fd95e5bf52ade,0,0.06071667695037224,0,0.289271186959313,0.4711871818339479,0,0,1
user_19,69ca35c3ede0bca4dfb87648,0,0.024960814404023424,0,0.8208679495652094,0.8221101748439175,0,1,0
user_19,69ca35c5ede0bca4dfb8764d,0,0.05091817262889675,0,0.659188174828798,0.09891515812414253,0,0,1
user_19,69ca358dede0bca4dfb8762a,0,0.04466467034233608,0,0.8266781611088045,0.7767249075377556,1,0,0
user_19,69cbd36ff28fd95e5bf52af7,0,0.11798737851389395,0,0.8526285709250881,0.3931646596808056,0,1,0
user_19,69cbd361f28fd95e5bf52ac5,0,0.026176047282986836,0,0.32902851472198485,0.44539235264000787,1,0,0
user_19,69cbd345f28fd95e5bf52a61,0,0.08547163471806202,0,0.3782862333553286,0.4825701624945742,0,1,0
user_19,69cbd34ff28fd95e5bf52a84,0,0.15000749334070368,0,0.25628237830985656,0.17583342620989262,0,0,1
user_20,69cbd33ff28fd95e5bf52a48,0,0.3024989582071972,0,0.6415108694688056,0.3058930365523591,0,0,1
user_20,69cbd357f28fd95e5bf52aa2,0,0.10030476917426921,0,0.34657407123693496,0.8972143036326441,0,0,1
user_20,69ca35dbede0bca4dfb87666,0,0.16176456969550854,0,0.37346722980072056,0.7292112702531299,0,0,1
user_20,69cbd352f28fd95e5bf52a8e,0,0.33576471991547563,0,0.23475565429575623,0.3200733020020712,0,1,0
user_20,69cbd368f28fd95e5bf52ade,0,0.3513935985341828,0,0.24558657224797292,0.02962625717448386,0,0,1
user_20,69ca35deede0bca4dfb8766b,0,0.03720406550248905,0,0.22942465624044522,0.8501019750678138,0,1,0
user_20,69cbd33ff28fd95e5bf52a48,0,0.0036291276999478764,0,0.7615406971417706,0.38348332661045004,0,0,1
user_20,69cbd335f28fd95e5bf52a2a,0,0.10017461608450456,0,0.28089874354430167,0.9841501007983393,0,0,1
user_20,69cbd338f28fd95e5bf52a34,0,0.09860890176335745,0,0.26302501795325484,0.10630869589115033,0,1,0
user_20,69cbd354f28fd95e5bf52a98,0,0.18222029423477118,0,0.646623609869019,0.12731279270877094,1,0,0
user_20,69cbfdae8c848404b2392589,0,0.38630322540248,0,0.2683660542538933,0.6911706464186853,0,1,0
user_20,69cbd36af28fd95e5bf52ae3,0,0.21817828420232363,0,0.7937672718599347,0.6150746572406462,1,0,0
user_20,69cbd368f28fd95e5bf52ade,0,0.05283391376476363,0,0.34419978822266617,0.005780168725891599,0,0,1
user_20,69cbd367f28fd95e5bf52ad9,0,0.3107833395761012,0,0.7887002490424433,0.9416378813737745,0,1,0
user_20,69ca358dede0bca4dfb8762a,0,0.33635091432087477,0,0.6956309903225156,0.3202980434739302,1,0,0
user_20,69cbd363f28fd95e5bf52aca,0,0.377383057683252,0,0.47244109908448984,0.30509135283195365,0,1,0
user_20,69cbd332f28fd95e5bf52a20,0,0.1348883799825937,0,0.5203329439894081,0.7804771648619397,1,0,0
user_20,69ca35f2ede0bca4dfb8767a,0,0.18535465903159212,0,0.23239350798717884,0.11532015816471941,0,0,1
user_20,69cbd349f28fd95e5bf52a70,0,0.004027226367951897,0,0.405295461270921,0.5848917967535265,0,1,0
user_20,69cbd35df28fd95e5bf52ab6,0,0.2648595976148288,0,0.6983783580257186,0.867415582849786,1,0,0
user_20,69cbd335f28fd95e5bf52a2a,0,0.27331776911404504,0,0.3031003041080551,0.8620093711100161,0,0,1
user_20,69cbd35cf28fd95e5bf52ab1,0,0.23818807412543805,0,0.3585798674889249,0.8117479072370928,0,0,1
user_20,69cbd35df28fd95e5bf52ab6,0,0.27411249927935444,0,0.36738182979876455,0.6407105539893174,1,0,0
user_20,69cbd335f28fd95e5bf52a2a,0,0.10204585666413442,0,0.38756431298329663,0.300712771737782,0,0,1
user_20,69cbd361f28fd95e5bf52ac5,0,0.29319804914924125,0,0.3525829656218933,0.30094377503105885,1,0,0
user_21,69cbd353f28fd95e5bf52a93,0,0.24674515928259658,0,0.7996212233800473,0.7856360011504493,0,0,1
user_21,69cbd35df28fd95e5bf52ab6,0,0.06316218659711526,0,0.23967880603213004,0.14988599881163278,1,0,0
user_21,69ca35fdede0bca4dfb87689,0,0.22854432440012007,0,0.9509315628883659,0.1046630743959387,1,0,0
user_21,69ca35c3ede0bca4dfb87648,0,0.33079299230695974,0,0.8264969946490895,0.17584417807828157,0,1,0
user_21,69ca35d7ede0bca4dfb8765c,0,0.12264979649033309,0,0.3089272640993364,0.36691353512028924,1,0,0
user_21,69ca35c7ede0bca4dfb87652,0,0.19588581412457107,0,0.8556483910999628,0.037594607658269386,0,1,0
user_21,69cbd352f28fd95e5bf52a8e,0,0.2741833690276271,0,0.9988845204537429,0.0002995353539287926,0,1,0
user_21,69cbd368f28fd95e5bf52ade,0,0.21470739164157335,0,0.703279823614704,0.5856580867182737,0,0,1
user_21,69ca35c5ede0bca4dfb8764d,0,0.008351167759907163,0,0.34174757372584214,0.6756235486911699,0,0,1
user_21,69ca35faede0bca4dfb87684,0,0.1457158130524012,0,0.9365753564217558,0.3392388827581252,1,0,0
user_21,69ca35d7ede0bca4dfb8765c,0,0.06634716522019667,0,0.2436337150663295,0.8793484128881697,1,0,0
user_21,69ca358dede0bca4dfb8762a,0,0.3884747806599964,0,0.5712141543253434,0.6775786917507016,1,0,0
user_21,69ca35e0ede0bca4dfb87670,0,0.15130720473873716,0,0.6507872561177825,0.8910276609081351,1,0,0
user_21,69ca35edede0bca4dfb87675,0,0.20628014676237597,0,0.43209189043608126,0.9171721811548463,0,1,0
user_21,69cbd367f28fd95e5bf52ad9,0,0.2695621095531129,0,0.547347372155658,0.12119493996410857,0,1,0
user_21,69cbd360f28fd95e5bf52ac0,0,0.19746186120364798,0,0.23114969693004042,0.4003893042226556,0,0,1
user_21,69cbd336f28fd95e5bf52a2f,0,0.1417317964205033,0,0.9576581913859601,0.4498486736243801,1,0,0
user_21,69cbd354f28fd95e5bf52a98,0,0.04435443945021174,0,0.35986410042413747,0.6819064733044073,1,0,0
user_21,69cbd356f28fd95e5bf52a9d,0,0.21547822351039736,0,0.24207647459342635,0.03406160200829511,0,1,0
user_21,69cbd35df28fd95e5bf52ab6,0,0.05454471942214774,0,0.6686514944455024,0.1797804004003949,1,0,0
user_21,69ca35c1ede0bca4dfb87643,0,0.12583544681943337,0,0.2808089606259205,0.3655407271795974,1,0,0
user_21,69cbd340f28fd95e5bf52a4d,0,0.3855265180880447,0,0.5520818819284912,0.6877012422340063,1,0,0
user_21,69ca35faede0bca4dfb87684,0,0.230788077443468,0,0.8268307104666522,0.8588370493615027,1,0,0
user_21,69ca35deede0bca4dfb8766b,0,0.18137537835121498,0,0.8481656084882695,0.571915703629208,0,1,0
user_21,69ca35edede0bca4dfb87675,0,0.34457585152156667,0,0.3303659612290326,0.3767608426134128,0,1,0
user_22,69ca35f8ede0bca4dfb8767f,0,0.05726331896629882,0,0.28684231543959754,0.5948918401872754,1,0,0
user_22,69cbd341f28fd95e5bf52a52,0,0.35726418074565985,0,0.425824152720395,0.7472334904083924,0,1,0
user_22,69cbd357f28fd95e5bf52aa2,0,0.14242961739619028,0,0.49108846377044246,0.8727706606138277,0,0,1
user_22,69cbd368f28fd95e5bf52ade,0,0.3330851532050636,0,0.28657400777678954,0.5367786379997626,0,0,1
user_22,69cbd35af28fd95e5bf52aac,0,0.24231121334176153,0,0.7721532988279312,0.9393512310553869,0,1,0
user_22,69cbd36ef28fd95e5bf52af2,0,0.1759818452332773,0,0.6217270483238057,0.18114710688401825,1,0,0
user_22,69ca35b2ede0bca4dfb87639,0,0.22862160936096354,0,0.713819744391869,0.4262996648468227,0,0,1
user_22,69cbd36bf28fd95e5bf52ae8,0,0.24410876900930917,0,0.3888847317248518,0.39284567791456126,0,1,0
user_22,69ca35b4ede0bca4dfb8763e,0,0.06089533067162903,0,0.4141082474412821,0.7946900721770782,1,0,0
user_22,69cbd340f28fd95e5bf52a4d,0,0.06864823263964759,0,0.5506029243760872,0.32824756049971615,1,0,0
user_22,69cbd345f28fd95e5bf52a61,0,0.14742898174168798,0,0.974594873372829,0.3953039940105998,0,1,0
user_22,69cbd36bf28fd95e5bf52ae8,0,0.11790276875517725,0,0.21698791660509706,0.0238992810873635,0,1,0
user_22,69cbd335f28fd95e5bf52a2a,0,0.35255557999588416,0,0.25575071545336336,0.02538013701409869,0,0,1
user_22,69ca35faede0bca4dfb87684,0,0.2290363802505187,0,0.2754843759578891,0.3721478112684138,1,0,0
user_22,69cbd361f28fd95e5bf52ac5,0,0.0059948896699841825,0,0.2948919912660492,0.3673321711502402,1,0,0
user_22,69cbd359f28fd95e5bf52aa7,0,0.26701974116292676,0,0.3193193474888132,0.8190238209132001,1,0,0
user_22,69cbd36bf28fd95e5bf52ae8,0,0.17903884096158446,0,0.6834698578219756,0.9841619386358844,0,1,0
user_22,69cbd34cf28fd95e5bf52a7a,0,0.03579439461209671,0,0.5999816401620623,0.1368034337293189,1,0,0
user_22,69cbd36ef28fd95e5bf52af2,0,0.10333337371103157,0,0.5717778512296392,0.6864717829048752,1,0,0
user_22,69cbd348f28fd95e5bf52a6b,0,0.3142398400605806,0,0.6486504537408451,0.3092900282788229,1,0,0
user_22,69cbd34bf28fd95e5bf52a75,0,0.0796831112048019,0,0.5816861187755817,0.639549826937831,0,0,1
user_22,69cbd344f28fd95e5bf52a5c,0,0.09555051303687145,0,0.29709740033161136,0.9106058021107755,1,0,0
user_22,69ca35d7ede0bca4dfb8765c,0,0.056661851276824486,0,0.7933292921734059,0.13167931299716917,1,0,0
user_22,69cbd33af28fd95e5bf52a39,0,0.2685650712139238,0,0.8545232113763129,0.20715803129373578,0,0,1
user_22,69cbd36ff28fd95e5bf52af7,0,0.1494044197288095,0,0.5586390772537156,0.5138638899372552,0,1,0
user_23,69cbd340f28fd95e5bf52a4d,0,0.07694807130478641,0,0.3367263790112756,0.49411332345135883,1,0,0
user_23,69cbd34ef28fd95e5bf52a7f,0,0.3126974294598996,0,0.9190558391108941,0.5908526561280276,0,1,0
user_23,69cbd350f28fd95e5bf52a89,0,0.3281380389579831,0,0.9370646230439292,0.22708962994831738,1,0,0
user_23,69ca35c1ede0bca4dfb87643,0,0.21766153005271358,0,0.3281013476555289,0.44280222216868625,1,0,0
user_23,69ca358aede0bca4dfb87625,0,0.12521501622258163,0,0.5356864523796839,0.5064276383273709,0,0,1
user_23,69cbd343f28fd95e5bf52a57,0,0.2303285306306406,0,0.48721088191122625,0.38860267759578027,0,0,1
user_23,69ca360dede0bca4dfb87693,0,0.3805065299990397,0,0.23524323047860632,0.48698729270954466,1,0,0
user_23,69cbd338f28fd95e5bf52a34,0,0.2746733982351615,0,0.533552976526173,0.36197574246080744,0,1,0
user_23,69ca3613ede0bca4dfb876a2,0,0.16465262588965476,0,0.25064038068596195,0.366069295717681,1,0,0
user_23,69cbd34ef28fd95e5bf52a7f,0,0.05909704217198604,0,0.6273415451320911,0.14360288368961172,0,1,0
user_23,69cbd36bf28fd95e5bf52ae8,0,0.27771296090342323,0,0.3348348666569158,0.27765944630553707,0,1,0
user_23,69ca35faede0bca4dfb87684,0,0.19007344681419475,0,0.7626906464182792,0.7812854781293268,1,0,0
user_23,69ca359bede0bca4dfb87634,0,0.2780888415439125,0,0.9354363959703159,0.33965860869381315,0,1,0
user_23,69ca358aede0bca4dfb87625,0,0.0031863780380660955,0,0.7371170401611116,0.9054893064400416,0,0,1
user_23,69ca359bede0bca4dfb87634,0,0.13178002015087192,0,0.9435825614981789,0.3579479485583583,0,1,0
user_23,69cbd340f28fd95e5bf52a4d,0,0.15544648380127138,0,0.24753468998255646,0.5220683880876171,1,0,0
user_23,69cbd344f28fd95e5bf52a5c,0,0.19673296507967308,0,0.323282524216109,0.7834359474960517,1,0,0
user_23,69cbd344f28fd95e5bf52a5c,0,0.26804618101761274,0,0.2240286872054063,0.45323695586869706,1,0,0
user_23,69ca35f8ede0bca4dfb8767f,0,0.12295457880636676,0,0.5387871172715539,0.635151927712182,1,0,0
user_23,69cbd347f28fd95e5bf52a66,0,0.18084220958551012,0,0.2555010566720982,0.4104363888647957,0,0,1
user_23,69cbd33df28fd95e5bf52a43,0,0.09099539698619177,0,0.43276740814795933,0.33664823743973726,0,1,0
user_23,69ca360fede0bca4dfb87698,0,0.2281431196214843,0,0.6870242469845375,0.22263867619526478,0,0,1
user_23,69ca35edede0bca4dfb87675,0,0.09151142493553995,0,0.3489474888694777,0.866958651839868,0,1,0
user_23,69ca35e0ede0bca4dfb87670,0,0.05187186950671361,0,0.25871117897703333,0.9341230610928142,1,0,0
user_23,69cbd348f28fd95e5bf52a6b,0,0.14842930526667422,0,0.24196162085715991,0.43813142310237296,1,0,0
user_24,69cbd341f28fd95e5bf52a52,5,0.9475009228883811,1,0.7216760540790098,0.1756871685146486,0,1,0
user_24,69ca35c3ede0bca4dfb87648,0,0.11474188114027664,0,0.2239090328039263,0.7003686442647201,0,1,0
user_24,69cbd34ff28fd95e5bf52a84,0,0.025033895912495566,0,0.5602413091603002,0.6171396884921354,0,0,1
user_24,69cbd356f28fd95e5bf52a9d,0,0.25908657517514194,0,0.5892852291249789,0.31785531502420405,0,1,0
user_24,69cbd341f28fd95e5bf52a52,5,0.8945472774337468,1,0.9284145794285871,0.10452779411130231,0,1,0
user_24,69cbd338f28fd95e5bf52a34,0,0.2932413486364917,0,0.8565199183522042,0.7149589161544898,0,1,0
user_24,69cbd361f28fd95e5bf52ac5,0,0.3352088294669952,0,0.37022864098018965,0.12976578758353496,1,0,0
user_24,69cbd35df28fd95e5bf52ab6,0,0.34051642841263324,0,0.9678835237356809,0.758201613369861,1,0,0
user_24,69cbd330f28fd95e5bf52a1b,0,0.14523602670740088,0,0.7040404709245931,0.7552473134132012,0,0,1
user_24,69cbd343f28fd95e5bf52a57,0,0.07954732916709117,0,0.28256171904486477,0.7144166632846027,0,0,1
user_24,69cbd356f28fd95e5bf52a9d,0,0.3937250180708664,0,0.5962517116982394,0.942035718285644,0,1,0
user_24,69cbd340f28fd95e5bf52a4d,0,0.20198414351621807,0,0.36244941391811136,0.9838881280644269,1,0,0
user_24,69cbd340f28fd95e5bf52a4d,0,0.25371820602319745,0,0.630777392192355,0.85855212296546,1,0,0
user_24,69cbd34ef28fd95e5bf52a7f,0,0.22192453356138203,0,0.24918791831694914,0.469485886861706,0,1,0
user_24,69ca358aede0bca4dfb87625,0,0.06084316942420074,0,0.3949607074853722,0.6193305416530901,0,0,1
user_24,69cbd36af28fd95e5bf52ae3,0,0.12590546161244848,0,0.6014966595032893,0.13398398752661755,1,0,0
user_24,69ca35edede0bca4dfb87675,0,0.3310183148161581,0,0.2850533785488932,0.9787132710018911,0,1,0
user_24,69cbd359f28fd95e5bf52aa7,0,0.141646146799752,0,0.39936959193937244,0.40278490120626786,1,0,0
user_24,69cbd361f28fd95e5bf52ac5,0,0.21307981415814883,0,0.299992014226636,0.3434379212215064,1,0,0
user_24,69cbd344f28fd95e5bf52a5c,0,0.35293004260806243,0,0.8294858037025876,0.49500471365795673,1,0,0
user_24,69cbd35af28fd95e5bf52aac,0,0.03871512330909424,0,0.7930442144148203,0.5531048419848226,0,1,0
user_24,69cbd35cf28fd95e5bf52ab1,0,0.15111849507961894,0,0.8100196210290526,0.06961099170847773,0,0,1
user_24,69ca35c7ede0bca4dfb87652,0,0.33308925097475833,0,0.7828912679411407,0.20598039458214767,0,1,0
user_24,69cbd34ff28fd95e5bf52a84,0,0.3687446304453912,0,0.789370251906879,0.26214630143682016,0,0,1
user_24,69cbd368f28fd95e5bf52ade,0,0.13439598589824886,0,0.3711037261670437,0.8482949937906104,0,0,1
user_25,69cbd357f28fd95e5bf52aa2,0,0.049417100777030855,0,0.8730637207864284,0.4727531001857763,0,0,1
user_25,69cbd333f28fd95e5bf52a25,0,0.3640472494309774,0,0.36473056615602584,0.545382821475151,0,1,0
user_25,69ca35c5ede0bca4dfb8764d,0,0.21142919198965712,0,0.8510370434201918,0.008560612664707534,0,0,1
user_25,69cbd34cf28fd95e5bf52a7a,0,0.35654310364119457,0,0.3488770671342965,0.12160173997251067,1,0,0
user_25,69cbd340f28fd95e5bf52a4d,0,0.35315440242130036,0,0.9982067991141294,0.2939016416020741,1,0,0
user_25,69ca3611ede0bca4dfb8769d,0,0.08839416826303897,0,0.47986351909877345,0.5305043186299814,0,1,0
user_25,69cbd354f28fd95e5bf52a98,0,0.20920553695426616,0,0.7745372304126845,0.9243460017149308,1,0,0
user_25,69ca35faede0bca4dfb87684,0,0.038274322911861704,0,0.2571599900606893,0.6791662370532912,1,0,0
user_25,69ca35c7ede0bca4dfb87652,0,0.3118715601745489,0,0.5087867748665735,0.018956983090592683,0,1,0
user_25,69ca35c1ede0bca4dfb87643,5,0.8396167539560551,1,0.9643865154934734,0.22322515028292123,1,0,0
user_25,69cbd363f28fd95e5bf52aca,0,0.34929934425927833,0,0.781767168138396,0.39082593632295026,0,1,0
user_25,69cbd343f28fd95e5bf52a57,0,0.010133349255891488,0,0.6961478633158538,0.1717215859335537,0,0,1
user_25,69ca360dede0bca4dfb87693,0,0.06725306605007929,0,0.561124962400246,0.07552103347934147,1,0,0
user_25,69cbd357f28fd95e5bf52aa2,0,0.25816295722105914,0,0.4629762285578093,0.03602149158158996,0,0,1
user_25,69cbd34cf28fd95e5bf52a7a,0,0.26166532360230194,0,0.405332763807989,0.8049072023661101,1,0,0
user_25,69ca360fede0bca4dfb87698,0,0.046690252309635485,0,0.3148095852581862,0.0283750123070432,0,0,1
user_25,69cbd36ef28fd95e5bf52af2,0,0.33327286201959555,0,0.5657721908139692,0.30662569680622087,1,0,0
user_25,69cbd33ff28fd95e5bf52a48,0,0.26405556637940836,0,0.6638919653632758,0.7885582912221634,0,0,1
user_25,69ca35f8ede0bca4dfb8767f,0,0.16106797277732776,0,0.5197601796219468,0.6395835468083952,1,0,0
user_25,69cbd35df28fd95e5bf52ab6,0,0.37013896159533516,0,0.44730725319327447,0.6121019076376926,1,0,0
user_25,69cbd336f28fd95e5bf52a2f,0,0.35236740475434536,0,0.3929485578919303,0.19639113949102072,1,0,0
user_25,69ca35c3ede0bca4dfb87648,0,0.37221672687125884,0,0.46651587624425345,0.7404047462099019,0,1,0
user_25,69cbd347f28fd95e5bf52a66,0,0.2618451343859786,0,0.6267745083523122,0.37105676011914834,0,0,1
user_25,69ca358aede0bca4dfb87625,0,0.18800809998861362,0,0.26674434222108695,0.7532312140773121,0,0,1
user_25,69cbd35ef28fd95e5bf52abb,0,0.07153726372547435,0,0.29491972125892446,0.9322025814377688,0,1,0
user_26,69cbd356f28fd95e5bf52a9d,0,0.37336307875040115,0,0.8931376539137925,0.6212379202279352,0,1,0
user_26,69cbd349f28fd95e5bf52a70,0,0.3711572468392997,0,0.2691600901146862,0.43093423254312024,0,1,0
user_26,69ca360dede0bca4dfb87693,0,0.1307098896976136,0,0.9237731941425564,0.9570084411693531,1,0,0
user_26,69ca3609ede0bca4dfb8768e,0,0.31007972869255984,0,0.3353150830432886,0.6194273145867466,0,1,0
user_26,69cbd366f28fd95e5bf52ad4,0,0.2658077437258979,0,0.8136989428756166,0.34033189681215825,1,0,0
user_26,69cbd33af28fd95e5bf52a39,0,0.07550592226652215,0,0.3324423224652344,0.31539760142619055,0,0,1
user_26,69ca35dbede0bca4dfb87666,0,0.09101603194467077,0,0.3846478500612595,0.9904801068695419,0,0,1
user_26,69ca3609ede0bca4dfb8768e,0,0.19924460916414805,0,0.4853324182596363,0.3512369832712654,0,1,0
user_26,69cbd333f28fd95e5bf52a25,0,0.2963347372234192,0,0.7360294452781193,0.1948644810951925,0,1,0
user_26,69cbd360f28fd95e5bf52ac0,0,0.17416661009764223,0,0.7452636660863641,0.7156573425429735,0,0,1
user_26,69cbd348f28fd95e5bf52a6b,0,0.34363198528762107,0,0.6802776652530222,0.06521231461022126,1,0,0
user_26,69cbd364f28fd95e5bf52acf,0,0.25985044610670693,0,0.36434904101529897,0.3697368283389775,0,0,1
user_26,69ca35f8ede0bca4dfb8767f,0,0.37644870315661116,0,0.743271295178181,0.6294280740289329,1,0,0
user_26,69cbd354f28fd95e5bf52a98,0,0.013244134006672416,0,0.8108454513746448,0.24799991673877875,1,0,0
user_26,69ca35d7ede0bca4dfb8765c,0,0.36915182735381996,0,0.8050741983358336,0.6022860195860393,1,0,0
user_26,69ca35b4ede0bca4dfb8763e,0,0.03870343783393722,0,0.2549857298826848,0.7193415479399357,1,0,0
user_26,69cbd349f28fd95e5bf52a70,0,0.3744652117441648,0,0.27760944604721866,0.5065627969923459,0,1,0
user_26,69ca35c7ede0bca4dfb87652,0,0.3929144646634181,0,0.5245955696281539,0.2694105900993935,0,1,0
user_26,69cbd36df28fd95e5bf52aed,0,0.23778123992994607,0,0.5224465197200772,0.09595667417800025,0,0,1
user_26,69ca35caede0bca4dfb87657,0,0.25044706549295004,0,0.7874270335300608,0.2778948250511142,1,0,0
user_26,69cbd35df28fd95e5bf52ab6,0,0.1620706246347018,0,0.2317938911194179,0.7558185260392956,1,0,0
user_26,69cbd354f28fd95e5bf52a98,0,0.1268117924768398,0,0.23747312435186832,0.29774569820854313,1,0,0
user_26,69cbd349f28fd95e5bf52a70,0,0.331184279798391,0,0.22910147515717397,0.8133342224011066,0,1,0
user_26,69ca35caede0bca4dfb87657,0,0.14057746457009931,0,0.5439736878811992,0.4427531128464308,1,0,0
user_26,69cbd363f28fd95e5bf52aca,0,0.01491959074938034,0,0.30541086041627746,0.12441382698357084,0,1,0
user_27,69ca35f8ede0bca4dfb8767f,0,0.10860982408707134,0,0.5497886808966901,0.18218815730158244,1,0,0
user_27,69ca358aede0bca4dfb87625,0,0.07996288146022722,0,0.8605452554575062,0.37818387663073794,0,0,1
user_27,69ca360dede0bca4dfb87693,0,0.16782383532521986,0,0.2928507863337886,0.4790955621662232,1,0,0
user_27,69cbd360f28fd95e5bf52ac0,0,0.14760172330457452,0,0.22970238051244585,0.9765959161749551,0,0,1
user_27,69cbd349f28fd95e5bf52a70,0,0.3988997020055699,0,0.49955334102318877,0.9721454926338051,0,1,0
user_27,69cbd363f28fd95e5bf52aca,0,0.34812566922566124,0,0.5245803377001433,0.6218490799212111,0,1,0
user_27,69cbd364f28fd95e5bf52acf,0,0.05509959003675835,0,0.2694571869352821,0.49251026259279307,0,0,1
user_27,69ca35c7ede0bca4dfb87652,0,0.1166438932345022,0,0.2445061765435301,0.4656085781550252,0,1,0
user_27,69cbd361f28fd95e5bf52ac5,0,0.31948823456712017,0,0.217735805150565,0.7151935728072418,1,0,0
user_27,69cbd36af28fd95e5bf52ae3,0,0.2044123157457304,0,0.39938913881993243,0.4981447932897374,1,0,0
user_27,69cbd345f28fd95e5bf52a61,0,0.18861362196921239,0,0.34831605067462773,0.9147860100043028,0,1,0
user_27,69cbd364f28fd95e5bf52acf,0,0.3573527297722289,0,0.28011246406520357,0.19851577544693244,0,0,1
user_27,69ca3613ede0bca4dfb876a2,0,0.27191622772732255,0,0.5537628483360728,0.3266145734884276,1,0,0
user_27,69cbd366f28fd95e5bf52ad4,0,0.36763774622619527,0,0.6078550144450429,0.12812514292294486,1,0,0
user_27,69ca35f8ede0bca4dfb8767f,0,0.12669265111782188,0,0.8582081068902474,0.9937751305423066,1,0,0
user_27,69cbd36af28fd95e5bf52ae3,0,0.26307451751639727,0,0.3098711317015177,0.3723705066250014,1,0,0
user_27,69cbd35ef28fd95e5bf52abb,0,0.3863442125552812,0,0.5841948528411613,0.9989617250549032,0,1,0
user_27,69cbd33df28fd95e5bf52a43,0,0.39840921105645716,0,0.7008837226019666,0.9271871040165571,0,1,0
user_27,69cbd366f28fd95e5bf52ad4,0,0.0010050541052688544,0,0.5597425931869747,0.14111510107324854,1,0,0
user_27,69cbd364f28fd95e5bf52acf,0,0.06675280323844213,0,0.6438853921635264,0.22204510643187336,0,0,1
user_27,69ca35f8ede0bca4dfb8767f,0,0.2893655354554528,0,0.25343870600655893,0.3284661812943992,1,0,0
user_27,69cbd356f28fd95e5bf52a9d,0,0.06981540575457333,0,0.32453389943846483,0.5569715618507247,0,1,0
user_27,69ca35c5ede0bca4dfb8764d,0,0.12369262670145505,0,0.7467208978585043,0.4501423894180925,0,0,1
user_27,69cbd352f28fd95e5bf52a8e,0,0.17802435033654387,0,0.25250452060126316,0.6436524615508719,0,1,0
user_27,69ca35faede0bca4dfb87684,0,0.23067904479709506,0,0.25434821646522426,0.2940635956673392,1,0,0
user_28,69ca35f8ede0bca4dfb8767f,0,0.16560655564395133,0,0.5442382187370074,0.9919996192708187,1,0,0
user_28,69cbd36bf28fd95e5bf52ae8,0,0.3370482400496238,0,0.2860352876561533,0.16918935475379548,0,1,0
user_28,69cbd33af28fd95e5bf52a39,0,0.14553636287859623,0,0.4175480537481634,0.4584797290911786,0,0,1
user_28,69cbd361f28fd95e5bf52ac5,0,0.32583725967614613,0,0.3906661108483521,0.4781729236834975,1,0,0
user_28,69cbd353f28fd95e5bf52a93,0,0.0018980277983750684,0,0.7310718773452515,0.8862473777413966,0,0,1
user_28,69cbd353f28fd95e5bf52a93,0,0.31260424007482135,0,0.3648415425202154,0.7291790049020757,0,0,1
user_28,69cbd357f28fd95e5bf52aa2,0,0.031697315937010376,0,0.6310183984092098,0.6284047328143654,0,0,1
user_28,69cbd36ff28fd95e5bf52af7,0,0.2577681051523732,0,0.36613427988477376,0.14073850578141056,0,1,0
user_28,69cbd36bf28fd95e5bf52ae8,0,0.22115597529598194,0,0.40325331027290784,0.3496947600812115,0,1,0
user_28,69cbfdae8c848404b2392589,0,0.01987644119907657,0,0.2633903797813272,0.09118148966814132,0,1,0
user_28,69cbd36ef28fd95e5bf52af2,0,0.25724089526783267,0,0.30368361551828654,0.9678271511486334,1,0,0
user_28,69cbd35df28fd95e5bf52ab6,0,0.2546529324942652,0,0.48388475426788163,0.4684148644350383,1,0,0
user_28,69cbd332f28fd95e5bf52a20,0,0.14488164584228064,0,0.5297785950348238,0.49116662549740164,1,0,0
user_28,69cbd36af28fd95e5bf52ae3,0,0.37343236590663653,0,0.6163149308818797,0.6621282212286845,1,0,0
user_28,69cbd354f28fd95e5bf52a98,0,0.1984076214101047,0,0.34924090799229046,0.26817877093177156,1,0,0
user_28,69cbd344f28fd95e5bf52a5c,0,0.3510094746893617,0,0.5784025067687274,0.2041315510817987,1,0,0
user_28,69cbd363f28fd95e5bf52aca,0,0.18788505622429685,0,0.40504687080868684,0.4159804005771024,0,1,0
user_28,69ca360fede0bca4dfb87698,0,0.19485611566394817,0,0.3153857011855816,0.7343984845504139,0,0,1
user_28,69cbd333f28fd95e5bf52a25,0,0.0876657454741574,0,0.3383799420389966,0.005762165961230803,0,1,0
user_28,69ca3613ede0bca4dfb876a2,0,0.055090997561284195,0,0.4588165813193948,0.18576247124467304,1,0,0
user_28,69ca35d9ede0bca4dfb87661,0,0.23126606770224,0,0.6404908886828902,0.7099578881742912,0,0,1
user_28,69ca3609ede0bca4dfb8768e,0,0.228982770154017,0,0.845992104712443,0.1330689989415812,0,1,0
user_28,69ca35deede0bca4dfb8766b,0,0.3441390214461981,0,0.33990234971504574,0.25674905536658543,0,1,0
user_28,69cbd36df28fd95e5bf52aed,0,0.1831088505193119,0,0.5283729546532325,0.9524497896290436,0,0,1
user_28,69ca360dede0bca4dfb87693,0,0.3987113239543376,0,0.731939396547891,0.5523732014294804,1,0,0
user_29,69cbd35df28fd95e5bf52ab6,0,0.0795926181409171,0,0.2746365928853107,0.34518059979011895,1,0,0
user_29,69cbd356f28fd95e5bf52a9d,0,0.3005590306706212,0,0.31333916563111214,0.8917498462979012,0,1,0
user_29,69ca35dbede0bca4dfb87666,0,0.19515688710502754,0,0.26362739526049034,0.33843600359539283,0,0,1
user_29,69cbd343f28fd95e5bf52a57,0,0.2604884549344151,0,0.22266375661850446,0.20794575405137095,0,0,1
user_29,69cbd33cf28fd95e5bf52a3e,0,0.061874037933062453,0,0.2938266988650035,0.4648667105167248,1,0,0
user_29,69ca35c5ede0bca4dfb8764d,0,0.27579213206594816,0,0.38949101760276866,0.2095581413066272,0,0,1
user_29,69cbd354f28fd95e5bf52a98,0,0.13092570446898044,0,0.25789607117453184,0.03456541643125299,1,0,0
user_29,69cbd33af28fd95e5bf52a39,0,0.25809248836004484,0,0.8410021160707389,0.4451472498636384,0,0,1
user_29,69cbd347f28fd95e5bf52a66,0,0.1663706131612216,0,0.5676982691308278,0.40897528686959594,0,0,1
user_29,69cbd345f28fd95e5bf52a61,0,0.33500631129226754,0,0.2793465095440024,0.08774031146571049,0,1,0
user_29,69ca358aede0bca4dfb87625,0,0.1151595676201155,0,0.5452297837190034,0.010876081692162698,0,0,1
user_29,69cbd335f28fd95e5bf52a2a,0,0.1960279073459586,0,0.7266083884738472,0.40707114348259177,0,0,1
user_29,69cbd347f28fd95e5bf52a66,0,0.21427200537963698,0,0.3228811720753796,0.7223008339474033,0,0,1
user_29,69cbd347f28fd95e5bf52a66,0,0.1301592304251316,0,0.7967191235699895,0.1999066200532411,0,0,1
user_29,69cbd36ef28fd95e5bf52af2,0,0.2056536213178835,0,0.5000968685188115,0.7230450258539187,1,0,0
user_29,69cbd352f28fd95e5bf52a8e,0,0.3551263639574253,0,0.2258999316521787,0.3994408187176932,0,1,0
user_29,69cbfdae8c848404b2392589,0,0.15439662310236246,0,0.6670980687503054,0.196646103569456,0,1,0
user_29,69cbd33df28fd95e5bf52a43,0,0.3863200473835449,0,0.8566435646044861,0.7639813633103831,0,1,0
user_29,69cbd356f28fd95e5bf52a9d,0,0.33892254264363164,0,0.46133776747137073,0.4133529893653096,0,1,0
user_29,69ca35c7ede0bca4dfb87652,0,0.1081320773572923,0,0.564540066282351,0.5941722998624943,0,1,0
user_29,69cbd345f28fd95e5bf52a61,0,0.12254532147786286,0,0.5341466850104735,0.8467957968579565,0,1,0
user_29,69cbd350f28fd95e5bf52a89,0,0.12040282846024973,0,0.33578704699260675,0.9092964010190294,1,0,0
user_29,69cbd340f28fd95e5bf52a4d,0,0.13260360703722993,0,0.8606493713827829,0.25150621509237236,1,0,0
user_29,69cbd336f28fd95e5bf52a2f,0,0.13108153421766594,0,0.6880943284994475,0.5176552428562575,1,0,0
user_29,69cbd330f28fd95e5bf52a1b,0,0.15399821804045183,0,0.4282297291973529,0.3096290383605076,0,0,1
user_30,69cbd332f28fd95e5bf52a20,0,0.10572948294114407,0,0.2782539151692519,0.3160613512725321,1,0,0
user_30,69cbd347f28fd95e5bf52a66,0,0.2959275500056777,0,0.3722653280155914,0.5179880399148138,0,0,1
user_30,69ca35edede0bca4dfb87675,0,0.2553223794729433,0,0.7848542832807816,0.21421727442331173,0,1,0
user_30,69cbd330f28fd95e5bf52a1b,0,0.13370477060159125,0,0.6319189590419053,0.046495803670836944,0,0,1
user_30,69cbd357f28fd95e5bf52aa2,0,0.3352916087506227,0,0.30466396678668284,0.021104942176180197,0,0,1
user_30,69cbd341f28fd95e5bf52a52,0,0.23398889905103443,0,0.22792892232387582,0.5680036482645576,0,1,0
user_30,69cbd332f28fd95e5bf52a20,0,0.3229836464728784,0,0.42075408696936567,0.27038527818476066,1,0,0
user_30,69ca3613ede0bca4dfb876a2,0,0.09960615746673024,0,0.2542354495834385,0.5640961286658828,1,0,0
user_30,69cbd34cf28fd95e5bf52a7a,0,0.36398902604615646,0,0.5245962054640656,0.11689408043122373,1,0,0
user_30,69cbd341f28fd95e5bf52a52,0,0.3792411235699977,0,0.31737252959811735,0.36417878487080113,0,1,0
user_30,69ca35c5ede0bca4dfb8764d,0,0.2268479981414953,0,0.260543097996494,0.14128618445100538,0,0,1
user_30,69cbd336f28fd95e5bf52a2f,0,0.2259587645203947,0,0.6530969990838874,0.8989657388807335,1,0,0
user_30,69ca35f8ede0bca4dfb8767f,0,0.29388409229422136,0,0.3885420322106147,0.5101710128399861,1,0,0
user_30,69cbd344f28fd95e5bf52a5c,0,0.10567313071949035,0,0.25124728164051974,0.7244700338016696,1,0,0
user_30,69ca35e0ede0bca4dfb87670,0,0.12262608814603954,0,0.9095375647777084,0.5604619750636368,1,0,0
user_30,69cbd36df28fd95e5bf52aed,0,0.016662910138094577,0,0.49048687598496465,0.09723906441622754,0,0,1
user_30,69ca358aede0bca4dfb87625,0,0.1930491313774071,0,0.31316206348494335,0.5524430534927369,0,0,1
user_30,69cbd352f28fd95e5bf52a8e,0,0.18533983157098533,0,0.8030681056054055,0.9907103402066166,0,1,0
user_30,69cbd361f28fd95e5bf52ac5,0,0.05506890517349792,0,0.4635820370413229,0.7357648464552748,1,0,0
user_30,69ca35deede0bca4dfb8766b,0,0.31938263344558737,0,0.3338900386323969,0.34571804219635194,0,1,0
user_30,69cbd333f28fd95e5bf52a25,0,0.03904835846744277,0,0.8929421760085481,0.5091034809568136,0,1,0
user_30,69ca35caede0bca4dfb87657,0,0.11256187226109599,0,0.248781072832062,0.275380481520201,1,0,0
user_30,69ca35c7ede0bca4dfb87652,0,0.17848626389901262,0,0.7596805413185679,0.14665597400081687,0,1,0
user_30,69cbd35cf28fd95e5bf52ab1,0,0.27000293269747416,0,0.45315944125310675,0.7251996504471923,0,0,1
user_30,69cbfdae8c848404b2392589,0,0.31567055194811283,0,0.46445685730367225,0.6069351653478794,0,1,0
user_31,69ca35caede0bca4dfb87657,0,0.0902014662734314,0,0.31356517945426765,0.042824262620412945,1,0,0
user_31,69cbd350f28fd95e5bf52a89,0,0.08427289291091107,0,0.742300084188366,0.11408652053413326,1,0,0
user_31,69ca35deede0bca4dfb8766b,0,0.07507154942200725,0,0.3840465243656176,0.254323712635554,0,1,0
user_31,69ca3611ede0bca4dfb8769d,0,0.12124486011955381,0,0.8435348752941028,0.4682915388426965,0,1,0
user_31,69cbd33df28fd95e5bf52a43,0,0.23556868391791222,0,0.32236613893937405,0.10312809831041259,0,1,0
user_31,69cbd357f28fd95e5bf52aa2,0,0.07960127357460173,0,0.7050982470972844,0.514352744201255,0,0,1
user_31,69ca35c5ede0bca4dfb8764d,0,0.14174779324400408,0,0.24038837092336118,0.6059252231384151,0,0,1
user_31,69ca35c3ede0bca4dfb87648,0,0.09764311108343025,0,0.6073117996415541,0.9743936760067708,0,1,0
user_31,69cbd34ff28fd95e5bf52a84,0,0.3626025184004035,0,0.3294805650345346,0.02804141905352342,0,0,1
user_31,69cbd336f28fd95e5bf52a2f,0,0.18933497607363084,0,0.7501615863159748,0.45563377550112594,1,0,0
user_31,69ca35b4ede0bca4dfb8763e,0,0.06398013154457952,0,0.3743079482988023,0.2580628140837191,1,0,0
user_31,69cbd353f28fd95e5bf52a93,0,0.04243392700395798,0,0.5879307563837245,0.503108830893741,0,0,1
user_31,69ca360dede0bca4dfb87693,0,0.002461526407631443,0,0.3227909880465958,0.07653459076566449,1,0,0
user_31,69cbd34cf28fd95e5bf52a7a,0,0.2776448533217626,0,0.43884172208627803,0.7438858183208639,1,0,0
user_31,69cbd36ef28fd95e5bf52af2,0,0.38778478519757587,0,0.5126465560588609,0.46296106349578947,1,0,0
user_31,69cbd35af28fd95e5bf52aac,0,0.11221230856882336,0,0.754663501334217,0.5564212684835981,0,1,0
user_31,69cbd352f28fd95e5bf52a8e,0,0.251535206944837,0,0.4195898546434,0.516566002868708,0,1,0
user_31,69ca35f8ede0bca4dfb8767f,0,0.021944366182718247,0,0.44220578520308673,0.4675298922163622,1,0,0
user_31,69cbd332f28fd95e5bf52a20,0,0.3431718122484819,0,0.9865906928570956,0.44966193033035706,1,0,0
user_31,69cbd36df28fd95e5bf52aed,0,0.14577352024301068,0,0.24935945683940855,0.06758507113704715,0,0,1
user_31,69cbd356f28fd95e5bf52a9d,0,0.07262107336445044,0,0.2619083022025379,0.7634809258862727,0,1,0
user_31,69ca35c5ede0bca4dfb8764d,0,0.3065928097191689,0,0.258811493823783,0.5398782114045206,0,0,1
user_31,69ca35faede0bca4dfb87684,0,0.21261760188726583,0,0.45317034099269604,0.5969461889292291,1,0,0
user_31,69cbd35ef28fd95e5bf52abb,0,0.18622098756960892,0,0.42794156091281915,0.09264492133970537,0,1,0
user_31,69cbd344f28fd95e5bf52a5c,0,0.3902144418423877,0,0.4312389663730972,0.04239770080029848,1,0,0
user_32,69cbd366f28fd95e5bf52ad4,0,0.10741289844861504,0,0.8518139903114511,0.592756484490452,1,0,0
user_32,69cbd348f28fd95e5bf52a6b,0,0.20696997988613886,0,0.9769060059853992,0.3885942571433958,1,0,0
user_32,69cbd364f28fd95e5bf52acf,0,0.36490644813420536,0,0.2745719780443125,0.3519598713690375,0,0,1
user_32,69ca35c5ede0bca4dfb8764d,0,0.09768505444431384,0,0.7163874656033835,0.14087261868645906,0,0,1
user_32,69cbd335f28fd95e5bf52a2a,0,0.0029316145686115293,0,0.9981268150017999,0.5917794214644068,0,0,1
user_32,69cbd33df28fd95e5bf52a43,0,0.2906867040944778,0,0.30226110313030374,0.019005116891676943,0,1,0
user_32,69ca360fede0bca4dfb87698,0,0.1434827274619954,0,0.22597448688264216,0.31891357761595174,0,0,1
user_32,69cbd347f28fd95e5bf52a66,0,0.2993025730894998,0,0.29795697118654935,0.636522034192148,0,0,1
user_32,69ca35f2ede0bca4dfb8767a,0,0.2298306607804814,0,0.2555154114296032,0.6898941698163112,0,0,1
user_32,69ca35c1ede0bca4dfb87643,0,0.022513579564934716,0,0.24854876150325764,0.18533143714903177,1,0,0
user_32,69ca358dede0bca4dfb8762a,0,0.08779171273629408,0,0.40408911217817606,0.23204464724331664,1,0,0
user_32,69cbd359f28fd95e5bf52aa7,0,0.08193213521683917,0,0.2559811248473998,0.6886311055192187,1,0,0
user_32,69cbd344f28fd95e5bf52a5c,0,0.09897166371356506,0,0.42293065490417847,0.7256041810160467,1,0,0
user_32,69ca35e0ede0bca4dfb87670,0,0.039966360830624215,0,0.4636050861012691,0.8194224497926474,1,0,0
user_32,69ca35c5ede0bca4dfb8764d,0,0.0987494654696664,0,0.6487722692229874,0.7302418659623,0,0,1
user_32,69cbd35af28fd95e5bf52aac,0,0.018338813257553533,0,0.679928379432108,0.4366214444380563,0,1,0
user_32,69cbd340f28fd95e5bf52a4d,0,0.28393177762589916,0,0.30098741833414494,0.07383458344495164,1,0,0
user_32,69ca35c3ede0bca4dfb87648,0,0.26574565777589054,0,0.2815035788115976,0.05299895509329944,0,1,0
user_32,69ca3613ede0bca4dfb876a2,0,0.350089810071438,0,0.292548041857558,0.15318763803088364,1,0,0
user_32,69ca35b2ede0bca4dfb87639,0,0.20159039293223133,0,0.48571365939055644,0.47729343316107253,0,0,1
user_32,69cbd35af28fd95e5bf52aac,0,0.018007689721341792,0,0.5119765772671403,0.4011902819995936,0,1,0
user_32,69cbd333f28fd95e5bf52a25,0,0.34406515271064325,0,0.45334613613439384,0.10995784574730316,0,1,0
user_32,69cbd338f28fd95e5bf52a34,0,0.18668991673014085,0,0.6433450677026248,0.48039356102031605,0,1,0
user_32,69ca358aede0bca4dfb87625,0,0.1182001552981272,0,0.3791197127125497,0.7071094958899924,0,0,1
user_32,69cbd356f28fd95e5bf52a9d,0,0.22785581012184616,0,0.4449714513402036,0.922926066055582,0,1,0
user_33,69cbd340f28fd95e5bf52a4d,0,0.3506837446459007,0,0.33767501327852656,0.920579284191076,1,0,0
user_33,69cbd366f28fd95e5bf52ad4,0,0.30593417257620525,0,0.321647727925449,0.3562805821529875,1,0,0
user_33,69cbd367f28fd95e5bf52ad9,0,0.3793765649336444,0,0.7646661033387884,0.5896340946691707,0,1,0
user_33,69ca35faede0bca4dfb87684,0,0.31198831239477753,0,0.3656622299480552,0.47453643087789565,1,0,0
user_33,69cbd341f28fd95e5bf52a52,5,0.871436805527902,1,0.41985944894427507,0.7993936308332328,0,1,0
user_33,69cbd349f28fd95e5bf52a70,0,0.30609169636170624,0,0.48597786426011835,0.16594997760245533,0,1,0
user_33,69ca35faede0bca4dfb87684,0,0.35775680553223765,0,0.3813373047195775,0.1885196514775842,1,0,0
user_33,69ca35f8ede0bca4dfb8767f,0,0.06285157002534261,0,0.2543282099286691,0.15559994254387322,1,0,0
user_33,69cbd34cf28fd95e5bf52a7a,0,0.24301786996376942,0,0.8012013308323314,0.44774839932201926,1,0,0
user_33,69cbd347f28fd95e5bf52a66,0,0.159227585475296,0,0.43261022186134335,0.2504267313372577,0,0,1
user_33,69cbd340f28fd95e5bf52a4d,0,0.04050490501470927,0,0.23012117505755456,0.17847678073289308,1,0,0
user_33,69ca35f8ede0bca4dfb8767f,0,0.07731059215984182,0,0.3492990675877782,0.6551796466904383,1,0,0
user_33,69cbd347f28fd95e5bf52a66,0,0.2648143688073869,0,0.24113457938696525,0.25884199495978644,0,0,1
user_33,69ca35d9ede0bca4dfb87661,0,0.21675964523609947,0,0.3856891409053376,0.7951959220816183,0,0,1
user_33,69ca35caede0bca4dfb87657,0,0.026439524141984007,0,0.7356106499943653,0.24591757218827892,1,0,0
user_33,69ca358aede0bca4dfb87625,0,0.2682884066832494,0,0.9731921758044307,0.17737752308513843,0,0,1
user_33,69cbd333f28fd95e5bf52a25,0,0.05775683773972933,0,0.23955717713389554,0.8445462067704783,0,1,0
user_33,69cbd356f28fd95e5bf52a9d,0,0.24989145674338353,0,0.43970287513739126,0.0014562714067605231,0,1,0
user_33,69cbd335f28fd95e5bf52a2a,0,0.17172995556821463,0,0.7097506390136725,0.9798763609682901,0,0,1
user_33,69cbd332f28fd95e5bf52a20,0,0.11788174058581467,0,0.6049194920216588,0.657173477538368,1,0,0
user_33,69cbd356f28fd95e5bf52a9d,0,0.3886706660794079,0,0.25272195534793457,0.6627716673324062,0,1,0
user_33,69cbd35df28fd95e5bf52ab6,0,0.20381799894807565,0,0.49564500403487716,0.832931335384413,1,0,0
user_33,69cbd35ef28fd95e5bf52abb,0,0.23594307861710231,0,0.36620581618750425,0.26717465571320775,0,1,0
user_33,69ca35b4ede0bca4dfb8763e,0,0.1020542210390107,0,0.517878615025717,0.5988427053145768,1,0,0
user_33,69ca35f8ede0bca4dfb8767f,0,0.07405279024555993,0,0.45290165157153217,0.22939045264608704,1,0,0
user_34,69cbd348f28fd95e5bf52a6b,0,0.3054734326782092,0,0.5477168289649103,0.8285167756059835,1,0,0
user_34,69cbd350f28fd95e5bf52a89,0,0.0199070670942346,0,0.28147235489197103,0.7105935121188214,1,0,0
user_34,69cbd360f28fd95e5bf52ac0,0,0.2995864934417477,0,0.6474158884500845,0.05625641043786955,0,0,1
user_34,69ca35caede0bca4dfb87657,0,0.2066674357982481,0,0.24804864302710802,0.8110177126385998,1,0,0
user_34,69cbd36af28fd95e5bf52ae3,0,0.15310937310432282,0,0.2958892617330587,0.014935810375374947,1,0,0
user_34,69ca35d7ede0bca4dfb8765c,0,0.10049215345000678,0,0.6123753526713445,0.2991266685304963,1,0,0
user_34,69ca35d9ede0bca4dfb87661,0,0.141961453978153,0,0.9387990190946717,0.3627548276074182,0,0,1
user_34,69cbd35df28fd95e5bf52ab6,0,0.04793740974158141,0,0.4275866204571558,0.4284089796090349,1,0,0
user_34,69cbd368f28fd95e5bf52ade,0,0.31253531920562266,0,0.41875103676009423,0.7493607881678972,0,0,1
user_34,69ca35f2ede0bca4dfb8767a,0,0.35790580879299017,0,0.9364249641965106,0.23300347676421618,0,0,1
user_34,69cbd35cf28fd95e5bf52ab1,0,0.27731155409729064,0,0.33711156174034995,0.7771675304425716,0,0,1
user_34,69ca3611ede0bca4dfb8769d,0,0.2504089761399209,0,0.7599727204316321,0.024410074491036937,0,1,0
user_34,69cbd333f28fd95e5bf52a25,0,0.026543459400869197,0,0.5055989789623012,0.5042053314751955,0,1,0
user_34,69cbd336f28fd95e5bf52a2f,0,0.11269518980182297,0,0.622715811862047,0.2832777864719167,1,0,0
user_34,69ca35caede0bca4dfb87657,0,0.13815987240304556,0,0.21871666499861037,0.4430819553913199,1,0,0
user_34,69ca35c5ede0bca4dfb8764d,0,0.14393514054747475,0,0.24458412623245157,0.5517303028370371,0,0,1
user_34,69ca359bede0bca4dfb87634,0,0.2898617577790681,0,0.8631978660105333,0.3978489358587125,0,1,0
user_34,69cbfdae8c848404b2392589,0,0.3118571476308448,0,0.6096910795672095,0.33221837915955676,0,1,0
user_34,69cbd36ff28fd95e5bf52af7,0,0.152939181801112,0,0.45008518447535795,0.5490458503930868,0,1,0
user_34,69ca35fdede0bca4dfb87689,0,0.06005581615119393,0,0.2651396728788278,0.7468294229958059,1,0,0
user_34,69cbd368f28fd95e5bf52ade,0,0.1779561425794648,0,0.6018751699187659,0.3706535675956937,0,0,1
user_34,69cbd33af28fd95e5bf52a39,0,0.2510586163498223,0,0.8580486526214899,0.7237842085839163,0,0,1
user_34,69cbd35df28fd95e5bf52ab6,0,0.2178490170671415,0,0.6657009632400065,0.10717544877517704,1,0,0
user_34,69ca35d7ede0bca4dfb8765c,0,0.17486535499193528,0,0.9962707237114736,0.5778527243979332,1,0,0
user_34,69cbd343f28fd95e5bf52a57,0,0.3681356742362998,0,0.2957386604221601,0.882787436650118,0,0,1
user_35,69cbd347f28fd95e5bf52a66,0,0.38000018264624513,0,0.914591202160806,0.08460389461975582,0,0,1
user_35,69cbd33df28fd95e5bf52a43,0,0.3248711992197696,0,0.5103028836434909,0.9914869506806041,0,1,0
user_35,69cbd33cf28fd95e5bf52a3e,0,0.2667869968458346,0,0.9465971571177457,0.3091782291662366,1,0,0
user_35,69cbd335f28fd95e5bf52a2a,0,0.01973867675455887,0,0.5480915264244853,0.5302181165087563,0,0,1
user_35,69cbd340f28fd95e5bf52a4d,0,0.013273864586830709,0,0.5228719523294529,0.2939555835251788,1,0,0
user_35,69cbd361f28fd95e5bf52ac5,0,0.03917337960582765,0,0.39042754202636887,0.8936387753777997,1,0,0
user_35,69ca35f8ede0bca4dfb8767f,0,0.19825433849682828,0,0.23937370461084925,0.08557063663908782,1,0,0
user_35,69cbd344f28fd95e5bf52a5c,0,0.39394631092338905,0,0.44924426310441323,0.9151782483382525,1,0,0
user_35,69ca35d7ede0bca4dfb8765c,0,0.08313407772349662,0,0.24573881801252873,0.7824266054442415,1,0,0
user_35,69ca35d9ede0bca4dfb87661,0,0.2540049554310039,0,0.4333674720224434,0.7173555633487261,0,0,1
user_35,69cbd36ef28fd95e5bf52af2,0,0.06526077724031713,0,0.5121716957547798,0.7206137175239142,1,0,0
user_35,69cbd359f28fd95e5bf52aa7,0,0.35699965655431865,0,0.6415296654357006,0.11699958906006591,1,0,0
user_35,69ca3613ede0bca4dfb876a2,0,0.38108077974155097,0,0.4004669545339113,0.8175438320762343,1,0,0
user_35,69ca35c3ede0bca4dfb87648,0,0.2754311183923681,0,0.41576282743423326,0.6434903773322898,0,1,0
user_35,69cbd335f28fd95e5bf52a2a,0,0.33134421380913565,0,0.4708406398680139,0.28263305174773534,0,0,1
user_35,69ca35c5ede0bca4dfb8764d,0,0.29719135291295135,0,0.30811322836946203,0.9144323579044027,0,0,1
user_35,69cbd349f28fd95e5bf52a70,0,0.0164612895662418,0,0.2852291995744555,0.5531930139576562,0,1,0
user_35,69cbd36bf28fd95e5bf52ae8,0,0.19146440533446532,0,0.9033502863148448,0.8754976439536777,0,1,0
user_35,69ca35caede0bca4dfb87657,0,0.32665997471424096,0,0.30826270265638084,0.5126089711491593,1,0,0
user_35,69cbd330f28fd95e5bf52a1b,0,0.08881457760380879,0,0.2784033463541122,0.7235004106290563,0,0,1
user_35,69ca35f2ede0bca4dfb8767a,0,0.19242429799848734,0,0.6585116089039974,0.599505383455007,0,0,1
user_35,69cbd345f28fd95e5bf52a61,0,0.29550279578053695,0,0.22493700943201508,0.956247531608182,0,1,0
user_35,69ca360fede0bca4dfb87698,0,0.05558248881011725,0,0.7180741797194345,0.6239234857203892,0,0,1
user_35,69cbd341f28fd95e5bf52a52,0,0.30021433482522286,0,0.36190046983666135,0.6475920438748912,0,1,0
user_35,69ca35fdede0bca4dfb87689,0,0.11258263575402916,0,0.23304842448802046,0.7127893027654648,1,0,0
user_36,69cbd349f28fd95e5bf52a70,0,0.3995738791884256,0,0.21579330394111962,0.9144583840571134,0,1,0
user_36,69ca35fdede0bca4dfb87689,0,0.31203290209864054,0,0.3203515459814347,0.7495236123082558,1,0,0
user_36,69cbd352f28fd95e5bf52a8e,0,0.35285342432388056,0,0.22939797662679182,0.7926350681897791,0,1,0
user_36,69cbd344f28fd95e5bf52a5c,0,0.3038836562720124,0,0.5453876287594577,0.3333675804499914,1,0,0
user_36,69ca35d9ede0bca4dfb87661,0,0.2335313925869766,0,0.2237275282334743,0.08424931474126729,0,0,1
user_36,69cbd330f28fd95e5bf52a1b,0,0.0352226702401186,0,0.3771763319417987,0.7992501818483551,0,0,1
user_36,69ca35c3ede0bca4dfb87648,0,0.19138627801420924,0,0.6389022267981798,0.67280728966128,0,1,0
user_36,69cbd359f28fd95e5bf52aa7,0,0.34476748899645515,0,0.5927409699455408,0.5403847703537892,1,0,0
user_36,69cbd363f28fd95e5bf52aca,0,0.19346802827730852,0,0.6855194221339022,0.4104353394788598,0,1,0
user_36,69cbd360f28fd95e5bf52ac0,0,0.13689917510201707,0,0.5100981767970724,0.20214034064309128,0,0,1
user_36,69cbd361f28fd95e5bf52ac5,0,0.39822537748605796,0,0.5673192100920038,0.9248646853023919,1,0,0
user_36,69cbd357f28fd95e5bf52aa2,0,0.3676383974743269,0,0.5925827342433975,0.08065279246904766,0,0,1
user_36,69cbd356f28fd95e5bf52a9d,0,0.3555094551596584,0,0.23304251590242453,0.869754887857046,0,1,0
user_36,69cbd35cf28fd95e5bf52ab1,0,0.2028847282451488,0,0.528585057957559,0.5643201450460789,0,0,1
user_36,69ca35f2ede0bca4dfb8767a,0,0.24202358035807522,0,0.2210436127192327,0.0651902488835403,0,0,1
user_36,69cbd35df28fd95e5bf52ab6,0,0.15124181335287787,0,0.8491494520498186,0.3967538021667083,1,0,0
user_36,69cbd36ef28fd95e5bf52af2,0,0.10782246707442518,0,0.33331437901107785,0.7737645161200377,1,0,0
user_36,69cbd36af28fd95e5bf52ae3,0,0.06617036710702769,0,0.24360640927409524,0.5521711474278355,1,0,0
user_36,69cbd35ef28fd95e5bf52abb,0,0.23931959658383503,0,0.25652712192349975,0.36431445463239154,0,1,0
user_36,69ca35b4ede0bca4dfb8763e,0,0.2025860544898248,0,0.234412389459127,0.8914345004429465,1,0,0
user_36,69ca35c3ede0bca4dfb87648,0,0.21248529690469234,0,0.7103537793560902,0.9106066627575569,0,1,0
user_36,69cbd357f28fd95e5bf52aa2,0,0.05768396615327412,0,0.24646306620935188,0.3956757377262803,0,0,1
user_36,69cbd361f28fd95e5bf52ac5,0,0.3069260744633307,0,0.5661013944004796,0.5470726596245485,1,0,0
user_36,69cbd347f28fd95e5bf52a66,0,0.03117358660998111,0,0.21546192472816217,0.6275219080217049,0,0,1
user_36,69ca35c1ede0bca4dfb87643,0,0.15320650866218521,0,0.7743216968509484,0.035235793109715585,1,0,0
user_37,69cbd343f28fd95e5bf52a57,0,0.25895038011823024,0,0.7485219777932193,0.20254214402162263,0,0,1
user_37,69cbd35ef28fd95e5bf52abb,0,0.35025683249452944,0,0.8526009213181458,0.7987051265472234,0,1,0
user_37,69cbd36ff28fd95e5bf52af7,0,0.0769509734862889,0,0.7671252765079284,0.8288753969018852,0,1,0
user_37,69cbd330f28fd95e5bf52a1b,0,0.38414489397149576,0,0.2196322619123753,0.8204532693669024,0,0,1
user_37,69cbd36af28fd95e5bf52ae3,0,0.06467601775395285,0,0.37741632455704865,0.784307749724596,1,0,0
user_37,69cbd341f28fd95e5bf52a52,0,0.10562707998777193,0,0.359285793215542,0.6054598629482584,0,1,0
user_37,69cbd35cf28fd95e5bf52ab1,0,0.24249679535888574,0,0.721004695401654,0.40958437580803064,0,0,1
user_37,69ca358dede0bca4dfb8762a,0,0.3715990731108385,0,0.4284352658782629,0.0808616226617267,1,0,0
user_37,69ca360fede0bca4dfb87698,0,0.2515754916497845,0,0.45137261332849316,0.42694214362438365,0,0,1
user_37,69cbd364f28fd95e5bf52acf,0,0.39114828698458803,0,0.7019501672432442,0.48056790032005536,0,0,1
user_37,69cbd345f28fd95e5bf52a61,0,0.08900423201808634,0,0.32038913640583605,0.96021359425679,0,1,0
user_37,69cbd36bf28fd95e5bf52ae8,0,0.07216976514197544,0,0.5201583197106809,0.6493432395080918,0,1,0
user_37,69ca35caede0bca4dfb87657,0,0.02426978255575909,0,0.8754075473449737,0.06781042038384699,1,0,0
user_37,69ca35caede0bca4dfb87657,0,0.2812835153480597,0,0.6376083138954862,0.5814841288297199,1,0,0
user_37,69cbd353f28fd95e5bf52a93,0,0.21001730150739137,0,0.6930754217589603,0.7313022615244882,0,0,1
user_37,69cbd343f28fd95e5bf52a57,0,0.37262536492816994,0,0.8150513935943128,0.22027685386003548,0,0,1
user_37,69ca360dede0bca4dfb87693,0,0.10206454784306188,0,0.32770863585341947,0.4409686960670991,1,0,0
user_37,69ca360fede0bca4dfb87698,0,0.3604808722389507,0,0.543576404409523,0.22290584202424335,0,0,1
user_37,69ca3611ede0bca4dfb8769d,0,0.38943382051528985,0,0.4362093463698718,0.5997906824232468,0,1,0
user_37,69cbd33af28fd95e5bf52a39,0,0.1303883345808874,0,0.3420960979754156,0.11705207683642249,0,0,1
user_37,69cbd34bf28fd95e5bf52a75,0,0.012551016218600441,0,0.4950181966549766,0.03695207298062719,0,0,1
user_37,69cbd34ff28fd95e5bf52a84,0,0.3717034799692476,0,0.32141366119061754,0.7506815870604575,0,0,1
user_37,69ca35d9ede0bca4dfb87661,0,0.18525651517891034,0,0.2459205619280119,0.829038297643337,0,0,1
user_37,69cbd352f28fd95e5bf52a8e,0,0.22668524315910255,0,0.8128955811506802,0.15949840644492608,0,1,0
user_37,69cbd35af28fd95e5bf52aac,0,0.024753128443724216,0,0.5064807185655119,0.5950099112078315,0,1,0
user_38,69ca35d9ede0bca4dfb87661,0,0.05861538154541038,0,0.35901583978494955,0.7104914458838774,0,0,1
user_38,69cbd36bf28fd95e5bf52ae8,0,0.12712980247410216,0,0.42477800113975933,0.8413310089484181,0,1,0
user_38,69ca35deede0bca4dfb8766b,0,0.31662437480318406,0,0.42907175395377467,0.16734474000862942,0,1,0
user_38,69cbd34bf28fd95e5bf52a75,0,0.0015199896424398674,0,0.2519782073474001,0.18670103439391328,0,0,1
user_38,69cbd332f28fd95e5bf52a20,0,0.008591822857706788,0,0.28702915977649057,0.6615231500841641,1,0,0
user_38,69ca35d7ede0bca4dfb8765c,0,0.23616522085214192,0,0.8762339567907145,0.6991671547978151,1,0,0
user_38,69cbd366f28fd95e5bf52ad4,0,0.15697572158433798,0,0.3958025401185008,0.4641351143926762,1,0,0
user_38,69cbd335f28fd95e5bf52a2a,0,0.13307318561013678,0,0.2939880120505615,0.8138909706694157,0,0,1
user_38,69ca35c3ede0bca4dfb87648,0,0.10587540891898284,0,0.8824557252985991,0.06676200316555181,0,1,0
user_38,69ca3611ede0bca4dfb8769d,0,0.3078868782341963,0,0.6661667956307381,0.2844556338503088,0,1,0
user_38,69cbd356f28fd95e5bf52a9d,0,0.05083284020117418,0,0.4963117153356322,0.6041680344801768,0,1,0
user_38,69cbd349f28fd95e5bf52a70,0,0.00318772046523943,0,0.29047426980216107,0.25643379152893386,0,1,0
user_38,69cbd343f28fd95e5bf52a57,0,0.1925288598791343,0,0.7774700009643284,0.44332827797962615,0,0,1
user_38,69ca360fede0bca4dfb87698,0,0.3666933169537445,0,0.4595104901070799,0.5476473457995121,0,0,1
user_38,69cbd33ff28fd95e5bf52a48,0,0.2986357284321417,0,0.25251791115817895,0.7695248866744633,0,0,1
user_38,69cbd364f28fd95e5bf52acf,0,0.31662292274981,0,0.25417172001559846,0.006563920938254197,0,0,1
user_38,69cbd343f28fd95e5bf52a57,0,0.14937722653167765,0,0.3678505032193379,0.4109712321171872,0,0,1
user_38,69ca358dede0bca4dfb8762a,0,0.032074839938945936,0,0.7293889480147094,0.38355377419515313,1,0,0
user_38,69ca3609ede0bca4dfb8768e,0,0.33019708331878217,0,0.7916544941839199,0.8316501534214338,0,1,0
user_38,69ca358dede0bca4dfb8762a,0,0.32176303708839404,0,0.6874738717145773,0.2561872834964356,1,0,0
user_38,69ca35f2ede0bca4dfb8767a,0,0.24135539008980278,0,0.30686208853258873,0.38164833157469924,0,0,1
user_38,69ca35caede0bca4dfb87657,0,0.19619348487394372,0,0.29886389803569136,0.010855045023347776,1,0,0
user_38,69ca35c3ede0bca4dfb87648,0,0.06426108047660631,0,0.39391583990149714,0.902380386905584,0,1,0
user_38,69cbd33ff28fd95e5bf52a48,0,0.008551306597305786,0,0.39595380015996345,0.29600069885493774,0,0,1
user_38,69cbd349f28fd95e5bf52a70,0,0.04408946036615751,0,0.4753321881423098,0.38722694145111336,0,1,0
user_39,69cbd359f28fd95e5bf52aa7,0,0.08769550966706295,0,0.2671691845665424,0.10475194142964206,1,0,0
user_39,69cbd341f28fd95e5bf52a52,0,0.19125219347537598,0,0.2968027998874848,0.48250446281656023,0,1,0
user_39,69cbd36ef28fd95e5bf52af2,0,0.27820857034228974,0,0.26156686811882623,0.7982033051043118,1,0,0
user_39,69ca35c3ede0bca4dfb87648,0,0.08122061867355486,0,0.21488319733955763,0.3271110801054451,0,1,0
user_39,69cbd368f28fd95e5bf52ade,0,0.10541854544072066,0,0.44207475020033504,0.16115128150432922,0,0,1
user_39,69cbd34ff28fd95e5bf52a84,0,0.24049005049063094,0,0.2763523318183763,0.5340629552110359,0,0,1
user_39,69cbd36af28fd95e5bf52ae3,0,0.03690330843005363,0,0.4483573938407098,0.5290898185175363,1,0,0
user_39,69ca359bede0bca4dfb87634,0,0.1960509624177653,0,0.26998035369755746,0.43124005710622404,0,1,0
user_39,69cbd332f28fd95e5bf52a20,0,0.15839848447572644,0,0.22307638856721904,0.7001722082458044,1,0,0
user_39,69cbd366f28fd95e5bf52ad4,0,0.2756225966068497,0,0.38822473930389073,0.2274403680035173,1,0,0
user_39,69cbd364f28fd95e5bf52acf,0,0.3955486799689296,0,0.7645998823961199,0.19109951024571137,0,0,1
user_39,69cbd341f28fd95e5bf52a52,0,0.3570804513991315,0,0.3415627442729641,0.9484688809730526,0,1,0
user_39,69cbd361f28fd95e5bf52ac5,0,0.2036723214410432,0,0.4702348753686971,0.9919167221733898,1,0,0
user_39,69ca3613ede0bca4dfb876a2,0,0.10283404934533734,0,0.6346484693046959,0.68253799004436,1,0,0
user_39,69cbd352f28fd95e5bf52a8e,0,0.39768844390160507,0,0.48950362874424663,0.45616721949205385,0,1,0
user_39,69cbd345f28fd95e5bf52a61,0,0.13816884782317748,0,0.8678522653262817,0.3631624071861492,0,1,0
user_39,69ca35c7ede0bca4dfb87652,0,0.2832769516328643,0,0.24795991020991,0.6259099233382175,0,1,0
user_39,69ca35edede0bca4dfb87675,0,0.11304270199892451,0,0.7176220768636876,0.15021125651083445,0,1,0
user_39,69ca35c5ede0bca4dfb8764d,0,0.0018423077190026227,0,0.24984728139038595,0.6713987942978088,0,0,1
user_39,69ca359bede0bca4dfb87634,0,0.007618573437924248,0,0.8411509156889709,0.8843699667177043,0,1,0
user_39,69ca35caede0bca4dfb87657,0,0.041385995124124886,0,0.9891792416628078,0.18001594657528308,1,0,0
user_39,69ca3609ede0bca4dfb8768e,0,0.07085562325649208,0,0.4824232368104132,0.9294814736964514,0,1,0
user_39,69cbd340f28fd95e5bf52a4d,0,0.013457719420567305,0,0.5717073182778958,0.29045332959153725,1,0,0
user_39,69cbd34bf28fd95e5bf52a75,0,0.018823639673462192,0,0.31124512309207586,0.098116378833909,0,0,1
user_39,69ca35c1ede0bca4dfb87643,0,0.3706799188409239,0,0.3576413465286813,0.19787328900470524,1,0,0
user_40,69cbd348f28fd95e5bf52a6b,0,0.03855560509175593,0,0.7706931003279134,0.3814980174981084,1,0,0
user_40,69cbd366f28fd95e5bf52ad4,0,0.08859439091259223,0,0.28279497335715653,0.30690880307810686,1,0,0
user_40,69cbd34cf28fd95e5bf52a7a,0,0.010565136634353767,0,0.5582904314171621,0.43996227840766,1,0,0
user_40,69ca35f2ede0bca4dfb8767a,0,0.03351712261659721,0,0.359410879186021,0.9263677979236389,0,0,1
user_40,69cbd35df28fd95e5bf52ab6,0,0.15502208495012254,0,0.5347092028784547,0.8638376995101789,1,0,0
user_40,69cbd36af28fd95e5bf52ae3,0,0.34690548092140205,0,0.9149925208092167,0.8793729775687367,1,0,0
user_40,69cbd34bf28fd95e5bf52a75,0,0.32386372968876204,0,0.21698373474786614,0.06545545241353468,0,0,1
user_40,69ca35c3ede0bca4dfb87648,0,0.10680879446755763,0,0.40127811860057083,0.21506785072748347,0,1,0
user_40,69cbd33cf28fd95e5bf52a3e,0,0.2392796556522206,0,0.22245262789053064,0.23891203015562001,1,0,0
user_40,69cbd348f28fd95e5bf52a6b,0,0.07439944429309601,0,0.27851848506582066,0.6200795646657684,1,0,0
user_40,69cbd34cf28fd95e5bf52a7a,0,0.02326399678821609,0,0.2899036945745693,0.6070706078364045,1,0,0
user_40,69ca35dbede0bca4dfb87666,0,0.3336683787032909,0,0.2428942882618728,0.33507662042674013,0,0,1
user_40,69cbd33ff28fd95e5bf52a48,0,0.11610933184251318,0,0.8375634992505876,0.8926424624909033,0,0,1
user_40,69cbd345f28fd95e5bf52a61,0,0.3990512356709978,0,0.43884013956873424,0.5954476511234565,0,1,0
user_40,69cbd35af28fd95e5bf52aac,0,0.3747151075605586,0,0.49901363059246806,0.6427077320158119,0,1,0
user_40,69cbd367f28fd95e5bf52ad9,0,0.14986101470263202,0,0.21567000036631767,0.8027835400578411,0,1,0
user_40,69ca35deede0bca4dfb8766b,0,0.2755409647192681,0,0.5777943528307955,0.2606284216282122,0,1,0
user_40,69ca35f2ede0bca4dfb8767a,0,0.34600951735885044,0,0.5434694614557337,0.60858883140042,0,0,1
user_40,69cbd348f28fd95e5bf52a6b,0,0.2541906515699345,0,0.5501341462389119,0.9882751987931953,1,0,0
user_40,69cbd344f28fd95e5bf52a5c,0,0.14454447689190228,0,0.47598128080041097,0.0679325118802645,1,0,0
user_40,69cbd345f28fd95e5bf52a61,0,0.15857914861680744,0,0.819790672218736,0.5863218095401477,0,1,0
user_40,69cbd368f28fd95e5bf52ade,0,0.2929070144061144,0,0.8969041841111671,0.08856281627097728,0,0,1
user_40,69ca35c3ede0bca4dfb87648,0,0.036008197723108995,0,0.3519966715475848,0.0202295480273742,0,1,0
user_40,69cbd336f28fd95e5bf52a2f,0,0.2508714618927549,0,0.7853821792598452,0.803640755371402,1,0,0
user_40,69cbd34ef28fd95e5bf52a7f,0,0.32584640258186054,0,0.7731684933507095,0.9952580949996497,0,1,0
user_41,69cbd341f28fd95e5bf52a52,2,0.9378335378931523,1,0.23417319392640584,0.9426082122127308,0,1,0
user_41,69cbd344f28fd95e5bf52a5c,0,0.3762544582391388,0,0.39830836155248095,0.6669776157354284,1,0,0
user_41,69cbd361f28fd95e5bf52ac5,0,0.25852699849520183,0,0.5220260361719721,0.8067070282336073,1,0,0
user_41,69ca35f2ede0bca4dfb8767a,0,0.131488595760698,0,0.27290279114239957,0.4289285996909127,0,0,1
user_41,69ca358dede0bca4dfb8762a,0,0.20788046684434108,0,0.26040159654654804,0.8895281224222198,1,0,0
user_41,69cbd368f28fd95e5bf52ade,0,0.2903927373564496,0,0.6486641561096749,0.09844397423939899,0,0,1
user_41,69cbd357f28fd95e5bf52aa2,0,0.0835995801295118,0,0.2933434640083118,0.6854452299502909,0,0,1
user_41,69ca35fdede0bca4dfb87689,0,0.08953190496971919,0,0.5705560136318477,0.9879245278344804,1,0,0
user_41,69cbd33ff28fd95e5bf52a48,0,0.23041178389507586,0,0.3237000440209261,0.8743745046993285,0,0,1
user_41,69ca35fdede0bca4dfb87689,0,0.2983103776497815,0,0.23024899507905555,0.30918500880751965,1,0,0
user_41,69cbd332f28fd95e5bf52a20,0,0.26223398938324527,0,0.37587198599429356,0.579079218776658,1,0,0
user_41,69cbd36af28fd95e5bf52ae3,0,0.19203402895861477,0,0.24346389401092672,0.9286056143645975,1,0,0
user_41,69ca35c7ede0bca4dfb87652,0,0.03488553801689278,0,0.23034052835700497,0.5206869129737739,0,1,0
user_41,69cbd344f28fd95e5bf52a5c,0,0.06361165373576752,0,0.3469827746664213,0.3438095751117103,1,0,0
user_41,69cbd341f28fd95e5bf52a52,5,0.9160095839145881,1,0.45708949189092396,0.32518642078173476,0,1,0
user_41,69ca35d9ede0bca4dfb87661,0,0.2656331959222361,0,0.5534878866507016,0.26202935514621806,0,0,1
user_41,69ca35d7ede0bca4dfb8765c,0,0.09041494064934899,0,0.3810971493210262,0.9238619161066646,1,0,0
user_41,69cbd330f28fd95e5bf52a1b,0,0.35867171754986027,0,0.3797397878832247,0.28158212291525664,0,0,1
user_41,69cbd350f28fd95e5bf52a89,0,0.15961291225551602,0,0.35102215377715124,0.23289274589616338,1,0,0
user_41,69cbd35af28fd95e5bf52aac,0,0.19032212004061,0,0.40016663727555263,0.2144567776967241,0,1,0
user_41,69cbd368f28fd95e5bf52ade,0,0.3347651712070625,0,0.6495626792921543,0.8873591957909206,0,0,1
user_41,69ca35c1ede0bca4dfb87643,0,0.14699516466088944,0,0.6589725151617788,0.4858062747677543,1,0,0
user_41,69cbd35cf28fd95e5bf52ab1,0,0.006142903807702816,0,0.2929985440339625,0.22892307732016626,0,0,1
user_41,69cbd338f28fd95e5bf52a34,0,0.21396703034392361,0,0.6882709850050795,0.33099292329720176,0,1,0
user_41,69cbd336f28fd95e5bf52a2f,0,0.36196315141397667,0,0.22805735927289356,0.3318231434922507,1,0,0
user_42,69ca35faede0bca4dfb87684,0,0.08516552540903435,0,0.33930469912461236,0.5991060864253595,1,0,0
user_42,69cbd350f28fd95e5bf52a89,0,0.23523492244750585,0,0.2651476063670459,0.6264203685384107,1,0,0
user_42,69cbd345f28fd95e5bf52a61,0,0.08195308263482684,0,0.924655109182605,0.9326202681912874,0,1,0
user_42,69cbd354f28fd95e5bf52a98,0,0.36328141158057614,0,0.6888939522027612,0.4616682085552397,1,0,0
user_42,69cbd36ff28fd95e5bf52af7,0,0.309172421491792,0,0.3767870677906,0.47241570021649215,0,1,0
user_42,69cbd350f28fd95e5bf52a89,0,0.23563054509572937,0,0.42135927087178293,0.4457377693726814,1,0,0
user_42,69ca360fede0bca4dfb87698,0,0.19388676170171826,0,0.7298494264686358,0.37367893375964956,0,0,1
user_42,69ca35faede0bca4dfb87684,0,0.2416092976234209,0,0.23918120372960053,0.7031428519006118,1,0,0
user_42,69cbd33ff28fd95e5bf52a48,0,0.29902143013503796,0,0.793954586164801,0.35792717458813517,0,0,1
user_42,69cbd34cf28fd95e5bf52a7a,0,0.35644753739592744,0,0.2381516575451369,0.09680856120050452,1,0,0
user_42,69cbd33af28fd95e5bf52a39,0,0.23004212041355876,0,0.9118339233031105,0.9348724424819741,0,0,1
user_42,69ca35edede0bca4dfb87675,0,0.33788767806482173,0,0.28266940167929355,0.8933743157934977,0,1,0
user_42,69ca35c1ede0bca4dfb87643,0,0.14738717160004794,0,0.6248773397102236,0.9409653994029736,1,0,0
user_42,69cbd352f28fd95e5bf52a8e,0,0.35784831292028274,0,0.6523996627552284,0.8186395706259473,0,1,0
user_42,69ca35b2ede0bca4dfb87639,0,0.113527669886592,0,0.43841616434113895,0.6253539777992441,0,0,1
user_42,69cbd35df28fd95e5bf52ab6,0,0.24391569244584543,0,0.4576572404282644,0.5206716783613132,1,0,0
user_42,69ca35c7ede0bca4dfb87652,0,0.07031420843656928,0,0.35261348652100355,0.5517250361409365,0,1,0
user_42,69cbd333f28fd95e5bf52a25,0,0.026045273837744798,0,0.44139365275893505,0.6141144063006536,0,1,0
user_42,69ca35d7ede0bca4dfb8765c,0,0.3367224575373266,0,0.7388830452448796,0.8429001802912108,1,0,0
user_42,69cbd356f28fd95e5bf52a9d,0,0.22980908763569252,0,0.29943293668659393,0.71766125226812,0,1,0
user_42,69ca35edede0bca4dfb87675,0,0.2586996585014534,0,0.3888112071231769,0.25239568587374106,0,1,0
user_42,69ca35f8ede0bca4dfb8767f,0,0.07944106970104965,0,0.2269226332755324,0.5235874960591103,1,0,0
user_42,69ca358dede0bca4dfb8762a,0,0.2703539801175934,0,0.6213802251279095,0.012750134530454149,1,0,0
user_42,69cbd360f28fd95e5bf52ac0,0,0.0020662683155608266,0,0.8510847659460855,0.8470650629013949,0,0,1
user_42,69ca35b4ede0bca4dfb8763e,0,0.10746578445553148,0,0.4284584155316532,0.5651072679999023,1,0,0
user_43,69cbd360f28fd95e5bf52ac0,0,0.22171445894790695,0,0.5287644175086815,0.15189430166983775,0,0,1
user_43,69cbd35df28fd95e5bf52ab6,0,0.2029989222325008,0,0.3272023414529726,0.1801837786008722,1,0,0
user_43,69cbd348f28fd95e5bf52a6b,0,0.10830407071759424,0,0.7639058226812707,0.29257716396908684,1,0,0
user_43,69cbd347f28fd95e5bf52a66,0,0.3857073801721412,0,0.5224567863883904,0.6726210373118011,0,0,1
user_43,69ca35fdede0bca4dfb87689,0,0.09806546536770339,0,0.36687458133232764,0.1820096627370893,1,0,0
user_43,69cbd36df28fd95e5bf52aed,0,0.34726290925186376,0,0.8180367425274236,0.8775398879993777,0,0,1
user_43,69ca35b2ede0bca4dfb87639,2,0.7019135202786569,1,0.2408354505817306,0.778648754307681,0,0,1
user_43,69cbd36ff28fd95e5bf52af7,0,0.12120349475853187,0,0.7183665383973858,0.12691776217054218,0,1,0
user_43,69ca35d7ede0bca4dfb8765c,0,0.32083549429373753,0,0.8787458470089333,0.3815163045593333,1,0,0
user_43,69ca35f2ede0bca4dfb8767a,0,0.08334830232938764,0,0.40042003427298684,0.2263047196671195,0,0,1
user_43,69cbd36bf28fd95e5bf52ae8,0,0.2082868344661101,0,0.24516553940267843,0.5362464068006201,0,1,0
user_43,69cbd344f28fd95e5bf52a5c,0,0.2969692780468785,0,0.8907337807791762,0.4156790707053901,1,0,0
user_43,69ca3609ede0bca4dfb8768e,0,0.01746082752074898,0,0.6029227952666778,0.9221508144686095,0,1,0
user_43,69cbd35af28fd95e5bf52aac,0,0.37615210964416107,0,0.6354040298701386,0.40590081929191757,0,1,0
user_43,69cbd338f28fd95e5bf52a34,0,0.0061930863511387105,0,0.9914300147588413,0.5415954032177308,0,1,0
user_43,69cbd349f28fd95e5bf52a70,0,0.2816480348194573,0,0.6419861964945215,0.03689121667393103,0,1,0
user_43,69cbd352f28fd95e5bf52a8e,0,0.0036372849705552214,0,0.2986900930600681,0.5065440288434297,0,1,0
user_43,69cbd36bf28fd95e5bf52ae8,0,0.08730661081889002,0,0.4266363164843881,0.2829639847297021,0,1,0
user_43,69ca35d7ede0bca4dfb8765c,0,0.3427413647234497,0,0.3829490992496301,0.34074212044704133,1,0,0
user_43,69ca35b4ede0bca4dfb8763e,0,0.3952243440942832,0,0.2878252517823529,0.4073787161695479,1,0,0
user_43,69cbd336f28fd95e5bf52a2f,0,0.009332432558426796,0,0.8021170638649944,0.5537001699970512,1,0,0
user_43,69cbd347f28fd95e5bf52a66,0,0.22086082696199416,0,0.8130582636385137,0.3264279349943866,0,0,1
user_43,69cbd347f28fd95e5bf52a66,0,0.1319014077247398,0,0.3075355023374724,0.9606210344803618,0,0,1
user_43,69cbd345f28fd95e5bf52a61,0,0.3888567044833442,0,0.610288207394376,0.6795429023996413,0,1,0
user_43,69cbd36ef28fd95e5bf52af2,0,0.2386897392979318,0,0.2977134350093026,0.24518232774377835,1,0,0
user_44,69ca35d7ede0bca4dfb8765c,0,0.2524275881557692,0,0.3408006606266443,0.1338956583423898,1,0,0
user_44,69ca35caede0bca4dfb87657,0,0.38869771073002773,0,0.9469776822160949,0.894764790711273,1,0,0
user_44,69ca35b4ede0bca4dfb8763e,0,0.37034996866727765,0,0.6994023009166593,0.7609882450929264,1,0,0
user_44,69cbd347f28fd95e5bf52a66,0,0.18458050297725148,0,0.6175695869823327,0.09158232127566701,0,0,1
user_44,69cbd361f28fd95e5bf52ac5,0,0.10928644521570918,0,0.6210630686830743,0.40274958948695305,1,0,0
user_44,69ca360dede0bca4dfb87693,0,0.3010499762438464,0,0.8696550158909879,0.9568802283161726,1,0,0
user_44,69cbd335f28fd95e5bf52a2a,0,0.3215642437874294,0,0.6058291425514732,0.7522982797813402,0,0,1
user_44,69cbd36ff28fd95e5bf52af7,0,0.27623123260934096,0,0.39466884609922903,0.033076779003761825,0,1,0
user_44,69cbd356f28fd95e5bf52a9d,0,0.09540765709599991,0,0.8967516720198178,0.9906785277138135,0,1,0
user_44,69ca35e0ede0bca4dfb87670,0,0.0488041181398061,0,0.3819749897073995,0.4511155841841359,1,0,0
user_44,69cbd338f28fd95e5bf52a34,0,0.059321751055576404,0,0.9839368156024636,0.82641028835696,0,1,0
user_44,69ca3609ede0bca4dfb8768e,0,0.027697168471145162,0,0.25638898966025064,0.651175419538083,0,1,0
user_44,69cbd35df28fd95e5bf52ab6,0,0.34814057593700876,0,0.8564707486695516,0.23879372801696297,1,0,0
user_44,69cbd35ef28fd95e5bf52abb,0,0.0746840756409382,0,0.2806442036921751,0.23273811077628848,0,1,0
user_44,69cbd347f28fd95e5bf52a66,0,0.2088974072186005,0,0.7326900250798092,0.795974432352726,0,0,1
user_44,69ca35faede0bca4dfb87684,0,0.027257955443087047,0,0.41302164339139985,0.2890598530316242,1,0,0
user_44,69ca35c5ede0bca4dfb8764d,0,0.3495179727700312,0,0.24207519724241203,0.421288889080802,0,0,1
user_44,69cbd338f28fd95e5bf52a34,0,0.18599174577091954,0,0.44194834589731563,0.23249719078793696,0,1,0
user_44,69cbd36ef28fd95e5bf52af2,0,0.19836963975416097,0,0.5948978064395244,0.00877775748007914,1,0,0
user_44,69cbd347f28fd95e5bf52a66,0,0.13603779508293679,0,0.4189723579776912,0.5657357382706178,0,0,1
user_44,69cbd330f28fd95e5bf52a1b,0,0.08441991557312463,0,0.3846465487917284,0.4675364342050905,0,0,1
user_44,69cbd341f28fd95e5bf52a52,0,0.2688407818713094,0,0.22164266992869613,0.5021968885403496,0,1,0
user_44,69cbd350f28fd95e5bf52a89,0,0.01727324402977164,0,0.4383398415621591,0.3521196656360226,1,0,0
user_44,69cbd34ef28fd95e5bf52a7f,0,0.35450881409870044,0,0.24580994855003488,0.6491245840194739,0,1,0
user_44,69cbd354f28fd95e5bf52a98,0,0.21665848327121823,0,0.4326764604213693,0.6276120698986449,1,0,0
user_45,69cbd357f28fd95e5bf52aa2,0,0.21951795215045086,0,0.7639765310389306,0.37887272252564275,0,0,1
user_45,69cbd330f28fd95e5bf52a1b,0,0.07827845572740913,0,0.5798645412578258,0.43648195594537476,0,0,1
user_45,69cbd332f28fd95e5bf52a20,0,0.3608359791164786,0,0.49392357733313647,0.08214241579037185,1,0,0
user_45,69cbd347f28fd95e5bf52a66,0,0.19789591685018798,0,0.31502935143161054,0.7455916302707,0,0,1
user_45,69cbd367f28fd95e5bf52ad9,0,0.18259267967054926,0,0.39826206076440046,0.2308475780034258,0,1,0
user_45,69cbd360f28fd95e5bf52ac0,0,0.20228786696616502,0,0.5730799341400178,0.37993940552187233,0,0,1
user_45,69cbd336f28fd95e5bf52a2f,0,0.3905787608070439,0,0.26783822820943076,0.6048640869954844,1,0,0
user_45,69cbd348f28fd95e5bf52a6b,0,0.17759264888608817,0,0.7532970931574426,0.595995041585816,1,0,0
user_45,69cbd34ff28fd95e5bf52a84,0,0.38078425454269704,0,0.30321848175137855,0.6600724001647738,0,0,1
user_45,69ca360fede0bca4dfb87698,0,0.03811255668632052,0,0.48736440569328576,0.6776082229528064,0,0,1
user_45,69cbd33af28fd95e5bf52a39,0,0.1264307184550475,0,0.49201726294805737,0.6521055102904654,0,0,1
user_45,69cbd361f28fd95e5bf52ac5,0,0.13098278472185446,0,0.4202541554296453,0.994904427392685,1,0,0
user_45,69cbd36af28fd95e5bf52ae3,0,0.05733073303018106,0,0.6087461246100243,0.27065327178434573,1,0,0
user_45,69cbd349f28fd95e5bf52a70,0,0.37763981799622315,0,0.40812291746333573,0.598821996647465,0,1,0
user_45,69ca35d9ede0bca4dfb87661,0,0.29269385692703276,0,0.4561080776964465,0.42292181668497775,0,0,1
user_45,69ca35d7ede0bca4dfb8765c,0,0.34512158253314473,0,0.2812791529364477,0.6857164653402059,1,0,0
user_45,69cbd352f28fd95e5bf52a8e,0,0.20530761553493335,0,0.23836857455459307,0.3342201972586092,0,1,0
user_45,69cbd344f28fd95e5bf52a5c,0,0.2604089278159245,0,0.8082014624299674,0.44203543147715685,1,0,0
user_45,69cbd352f28fd95e5bf52a8e,0,0.2891589334737327,0,0.6301558560215755,0.09231363352049415,0,1,0
user_45,69ca35c1ede0bca4dfb87643,0,0.16679185761845874,0,0.33080463274367183,0.7342943367186923,1,0,0
user_45,69ca35d7ede0bca4dfb8765c,0,0.2665479633230343,0,0.4634297202893835,0.5438235245331526,1,0,0
user_45,69ca35b2ede0bca4dfb87639,0,0.14199314140547595,0,0.6167016157925315,0.24000718817109568,0,0,1
user_45,69cbd33df28fd95e5bf52a43,0,0.07077200914467845,0,0.3136870044736431,0.6441020114620841,0,1,0
user_45,69ca3609ede0bca4dfb8768e,0,0.04350270327920738,0,0.3877667216007106,0.5336279938624553,0,1,0
user_45,69cbd348f28fd95e5bf52a6b,0,0.17982357329492116,0,0.632961214225896,0.6134911337897162,1,0,0
user_46,69cbd340f28fd95e5bf52a4d,0,0.19378574309684185,0,0.5252193596917858,0.01651919777488975,1,0,0
user_46,69cbd360f28fd95e5bf52ac0,0,0.08411227699550557,0,0.3561494595391276,0.9759454018385416,0,0,1
user_46,69ca35e0ede0bca4dfb87670,0,0.051908011584650554,0,0.23174450822739878,0.0779022879476301,1,0,0
user_46,69ca360dede0bca4dfb87693,0,0.16599300488017166,0,0.33006946212121285,0.8844857440049314,1,0,0
user_46,69cbd366f28fd95e5bf52ad4,0,0.08453429312234945,0,0.642145761610763,0.8738225251954304,1,0,0
user_46,69ca35d9ede0bca4dfb87661,0,0.3858426541277898,0,0.7551358526059436,0.5872693425540434,0,0,1
user_46,69ca35c1ede0bca4dfb87643,0,0.041620570631778445,0,0.36293279976286164,0.506919765730675,1,0,0
user_46,69cbd35af28fd95e5bf52aac,0,0.27926894919935047,0,0.7592895641502342,0.019021822008360667,0,1,0
user_46,69ca35b2ede0bca4dfb87639,0,0.1334802282580597,0,0.8373984033770104,0.6813045621455205,0,0,1
user_46,69cbd356f28fd95e5bf52a9d,0,0.02192164649952515,0,0.4375109925067302,0.3188038869208978,0,1,0
user_46,69ca358dede0bca4dfb8762a,0,0.22255787923226,0,0.9021391868262195,0.3763664956589885,1,0,0
user_46,69cbd344f28fd95e5bf52a5c,0,0.20974505726365128,0,0.3723821672643909,0.41723576587431177,1,0,0
user_46,69ca35d7ede0bca4dfb8765c,0,0.1146559547307894,0,0.3000256847468022,0.5382285159931317,1,0,0
user_46,69cbd366f28fd95e5bf52ad4,0,0.31258003084237185,0,0.4940537068485531,0.7179073144527452,1,0,0
user_46,69cbd341f28fd95e5bf52a52,0,0.07382589757564695,0,0.2532045900116506,0.25109667143125547,0,1,0
user_46,69cbd357f28fd95e5bf52aa2,0,0.13463625121592157,0,0.6868858461474052,0.03266339005711538,0,0,1
user_46,69cbd340f28fd95e5bf52a4d,0,0.17487851744926575,0,0.6646425639582529,0.8613446879110798,1,0,0
user_46,69cbd352f28fd95e5bf52a8e,0,0.26300067373441366,0,0.22037462539108468,0.6072092990121878,0,1,0
user_46,69ca359bede0bca4dfb87634,0,0.13518470021678838,0,0.22170920803792374,0.9278637476476994,0,1,0
user_46,69ca35caede0bca4dfb87657,0,0.17660765973261086,0,0.677609237343451,0.283096966211525,1,0,0
user_46,69cbd354f28fd95e5bf52a98,0,0.051236893901643654,0,0.8443982786534112,0.12855459564702132,1,0,0
user_46,69cbd335f28fd95e5bf52a2a,0,0.203047258654538,0,0.6670184067032771,0.8607704782805574,0,0,1
user_46,69cbd357f28fd95e5bf52aa2,0,0.17066085345269358,0,0.6138608961400323,0.9902748770707388,0,0,1
user_46,69cbd35af28fd95e5bf52aac,0,0.35987507606066294,0,0.46781578390998607,0.2610853737841241,0,1,0
user_46,69ca358dede0bca4dfb8762a,0,0.3337145781169203,0,0.824312407842777,0.0957221897348155,1,0,0
user_47,69ca360fede0bca4dfb87698,0,0.2741526925890616,0,0.6318690250096757,0.03490551203430314,0,0,1
user_47,69cbd363f28fd95e5bf52aca,0,0.15346632521659462,0,0.37378428193829516,0.6898117593374935,0,1,0
user_47,69cbd349f28fd95e5bf52a70,0,0.3485390231155232,0,0.5636366815463547,0.16301818648382138,0,1,0
user_47,69cbd357f28fd95e5bf52aa2,0,0.22163706819364848,0,0.9743397191670919,0.24244388547020002,0,0,1
user_47,69cbd335f28fd95e5bf52a2a,0,0.13846662755668177,0,0.3921393434685749,0.17529033846965558,0,0,1
user_47,69ca3613ede0bca4dfb876a2,0,0.18064076937523615,0,0.35750400940323007,0.7503978128939137,1,0,0
user_47,69ca3613ede0bca4dfb876a2,0,0.20173164185930928,0,0.23415609828174158,0.996262259552992,1,0,0
user_47,69cbd36af28fd95e5bf52ae3,0,0.3418554314644447,0,0.7350281655439509,0.07798480709407896,1,0,0
user_47,69cbd360f28fd95e5bf52ac0,0,0.31649022428314444,0,0.9433354969326886,0.06660435451658286,0,0,1
user_47,69cbd36af28fd95e5bf52ae3,0,0.010611586463959367,0,0.2315276892481944,0.17347775111601926,1,0,0
user_47,69cbd366f28fd95e5bf52ad4,0,0.05113394309296089,0,0.47006008030117086,0.773290228482336,1,0,0
user_47,69cbd35af28fd95e5bf52aac,0,0.2394878432223557,0,0.6725743938657069,0.5846038232213262,0,1,0
user_47,69cbd35df28fd95e5bf52ab6,0,0.14427020477296545,0,0.24066423819054536,0.4255401928211495,1,0,0
user_47,69cbd34bf28fd95e5bf52a75,0,0.09312854251759815,0,0.3317586624660326,0.02514094599812955,0,0,1
user_47,69cbd35df28fd95e5bf52ab6,0,0.20712010910803472,0,0.2914001726871423,0.03897884504548754,1,0,0
user_47,69cbd353f28fd95e5bf52a93,0,0.34804105727553036,0,0.41371812017965187,0.26323998672985516,0,0,1
user_47,69cbd34ff28fd95e5bf52a84,0,0.24489063118563534,0,0.2349536477241437,0.7715509339677831,0,0,1
user_47,69ca358dede0bca4dfb8762a,0,0.24414599728791198,0,0.7317998844038694,0.7162624713547066,1,0,0
user_47,69cbd361f28fd95e5bf52ac5,0,0.23408848944476768,0,0.7490011734499513,0.8041683920222789,1,0,0
user_47,69cbd361f28fd95e5bf52ac5,0,0.16753649850323982,0,0.3270484371071926,0.6620708088117251,1,0,0
user_47,69cbd359f28fd95e5bf52aa7,0,0.39226002494381684,0,0.2893388652609468,0.2703447865244102,1,0,0
user_47,69cbd345f28fd95e5bf52a61,0,0.1705805642443118,0,0.5975440896751308,0.3167214885184879,0,1,0
user_47,69ca35fdede0bca4dfb87689,0,0.09247748892667734,0,0.2161602641020638,0.3293584071184561,1,0,0
user_47,69cbd341f28fd95e5bf52a52,2,0.8547554095185202,1,0.252019160991152,0.2264011319144401,0,1,0
user_47,69ca358aede0bca4dfb87625,0,0.3873602262947339,0,0.6245675658500143,0.06837971891754191,0,0,1
user_48,69cbd341f28fd95e5bf52a52,2,0.8710584070305682,1,0.36047772056955635,0.2563610642983778,0,1,0
user_48,69ca359bede0bca4dfb87634,0,0.08938881552080398,0,0.5439681417588641,0.9953752321691349,0,1,0
user_48,69cbd333f28fd95e5bf52a25,0,0.2713946562074793,0,0.32539307382190485,0.03336741026146939,0,1,0
user_48,69cbd35df28fd95e5bf52ab6,0,0.11588438817227172,0,0.6572784021636435,0.7610913278345559,1,0,0
user_48,69cbd36ff28fd95e5bf52af7,0,0.31383316665759164,0,0.33472182880055334,0.989119829585734,0,1,0
user_48,69cbd34ef28fd95e5bf52a7f,0,0.18116420153426605,0,0.4710219795366771,0.29771998641203967,0,1,0
user_48,69ca35b2ede0bca4dfb87639,0,0.23701211678216022,0,0.3105366616648261,0.6547561822061772,0,0,1
user_48,69ca358dede0bca4dfb8762a,0,0.25358750401816466,0,0.41640585339325414,0.31709794825058024,1,0,0
user_48,69ca35c7ede0bca4dfb87652,0,0.12013746361018258,0,0.5274961994904808,0.9772405459692295,0,1,0
user_48,69cbd34ef28fd95e5bf52a7f,0,0.08317424046635047,0,0.3507567870128593,0.6460734894692475,0,1,0
user_48,69ca3613ede0bca4dfb876a2,0,0.3951015111784905,0,0.40695065915143314,0.2864141613636264,1,0,0
user_48,69cbd36df28fd95e5bf52aed,0,0.18533751357611614,0,0.26710420768599147,0.04175944976944157,0,0,1
user_48,69ca358aede0bca4dfb87625,0,0.2643665401883955,0,0.4516251010692933,0.04177417223018831,0,0,1
user_48,69cbd35af28fd95e5bf52aac,0,0.3129767732976115,0,0.37024577711491924,0.08412354838664116,0,1,0
user_48,69ca35d9ede0bca4dfb87661,0,0.2935743130140184,0,0.9905330676752637,0.14711470895980083,0,0,1
user_48,69cbd349f28fd95e5bf52a70,0,0.030819255661972456,0,0.7929794998532891,0.3915490289745118,0,1,0
user_48,69ca35f8ede0bca4dfb8767f,0,0.35697122848352364,0,0.2523520004701352,0.5028294929366164,1,0,0
user_48,69ca358aede0bca4dfb87625,0,0.3379493613569122,0,0.8935223545051314,0.8518472988520631,0,0,1
user_48,69cbd338f28fd95e5bf52a34,0,0.22117381603334554,0,0.22387956916487506,0.8541882849166709,0,1,0
user_48,69cbd34ff28fd95e5bf52a84,0,0.0602340272776436,0,0.3927473660309444,0.8177048472462165,0,0,1
user_48,69cbd350f28fd95e5bf52a89,0,0.14947561306439622,0,0.7055221827487561,0.9061034332686322,1,0,0
user_48,69cbd348f28fd95e5bf52a6b,0,0.06101271975749132,0,0.29929353406224735,0.7040884921020654,1,0,0
user_48,69ca35c3ede0bca4dfb87648,0,0.15314418022591436,0,0.6419376236846148,0.8633028225741535,0,1,0
user_48,69ca360dede0bca4dfb87693,0,0.3476273282984945,0,0.2947988388853547,0.08394169820195452,1,0,0
user_48,69cbd366f28fd95e5bf52ad4,0,0.24862129669990418,0,0.9894880203034644,0.5809829283520449,1,0,0
user_49,69ca3609ede0bca4dfb8768e,0,0.03380901216882899,0,0.9845085272994304,0.9374970164018455,0,1,0
user_49,69cbd33af28fd95e5bf52a39,0,0.1750094927252114,0,0.9277663019629913,0.9326153485008335,0,0,1
user_49,69cbd345f28fd95e5bf52a61,0,0.3393313075338892,0,0.8494024464512937,0.08559690039833567,0,1,0
user_49,69cbd34ef28fd95e5bf52a7f,0,0.2521527252253093,0,0.24531908590640375,0.8258049021613953,0,1,0
user_49,69ca35f2ede0bca4dfb8767a,0,0.2878218817558453,0,0.2674867326938871,0.3633750967552001,0,0,1
user_49,69ca360fede0bca4dfb87698,0,0.0853845063920967,0,0.44615592235275386,0.4079370314851267,0,0,1
user_49,69ca35c1ede0bca4dfb87643,5,0.8643712228555045,1,0.8439484494263,0.8105744570377695,1,0,0
user_49,69ca35edede0bca4dfb87675,0,0.14538684535396565,0,0.6525265523530412,0.6631494405472531,0,1,0
user_49,69cbd367f28fd95e5bf52ad9,0,0.20100593096209238,0,0.45516818711915563,0.36213307031856257,0,1,0
user_49,69cbd35cf28fd95e5bf52ab1,0,0.20556938594329166,0,0.7157757145074625,0.8146691791378606,0,0,1
user_49,69cbd363f28fd95e5bf52aca,0,0.3826655379239318,0,0.27447866100349433,0.7960216887537985,0,1,0
user_49,69cbd35ef28fd95e5bf52abb,0,0.3928163475199929,0,0.27342297375714025,0.6907454265555741,0,1,0
user_49,69cbd368f28fd95e5bf52ade,0,0.38872757227490684,0,0.9022209585186487,0.5780193182571671,0,0,1
user_49,69cbd33cf28fd95e5bf52a3e,0,0.14068475424366858,0,0.9094407533767166,0.7896667492615939,1,0,0
user_49,69ca35d7ede0bca4dfb8765c,0,0.3968782385611751,0,0.7492111603059248,0.9698615326845414,1,0,0
user_49,69ca35edede0bca4dfb87675,0,0.06422704463804889,0,0.26079979826812666,0.20418998737862237,0,1,0
user_49,69ca35c5ede0bca4dfb8764d,0,0.2933343720048465,0,0.9938964505334571,0.10604710951623386,0,0,1
user_49,69cbd330f28fd95e5bf52a1b,0,0.14739181854258865,0,0.47045243378796575,0.35393279498055086,0,0,1
user_49,69cbd35df28fd95e5bf52ab6,0,0.23414210187375517,0,0.3909011288665544,0.8844854738431751,1,0,0
user_49,69ca35b2ede0bca4dfb87639,2,0.8139332869468914,1,0.22551264258154613,0.04550464325128667,0,0,1
user_49,69ca35d7ede0bca4dfb8765c,0,0.0017124613740954866,0,0.291880006435871,0.7047223418929469,1,0,0
user_49,69ca3613ede0bca4dfb876a2,0,0.1274188989206569,0,0.22237841456664936,0.9511114772636569,1,0,0
user_49,69cbd343f28fd95e5bf52a57,0,0.35284069040830834,0,0.2150334637121518,0.4594145321995011,0,0,1
user_49,69ca3611ede0bca4dfb8769d,0,0.16090377285532498,0,0.453747385317687,0.8936982160930922,0,1,0
user_49,69cbd332f28fd95e5bf52a20,0,0.1245145897958925,0,0.8509875560438621,0.6695420732991979,1,0,0
user_50,69ca35c5ede0bca4dfb8764d,0,0.10781669779070456,0,0.6023319275934678,0.8609493734484799,0,0,1
user_50,69cbd344f28fd95e5bf52a5c,0,0.05014211959346113,0,0.2651202493311561,0.8059000012875679,1,0,0
user_50,69ca35c7ede0bca4dfb87652,0,0.29472112859676286,0,0.3571396098604082,0.7527981807887762,0,1,0
user_50,69ca358dede0bca4dfb8762a,0,0.09070395526928171,0,0.23370078571364125,0.5593129716695024,1,0,0
user_50,69cbd333f28fd95e5bf52a25,0,0.30804898398219765,0,0.23781436706176798,0.3800274480913999,0,1,0
user_50,69ca35fdede0bca4dfb87689,0,0.1703066892870207,0,0.9405327390430145,0.4240977812391651,1,0,0
user_50,69cbd344f28fd95e5bf52a5c,0,0.2255974095920574,0,0.4351388569697219,0.7360105097749823,1,0,0
user_50,69cbd349f28fd95e5bf52a70,0,0.2689568310442401,0,0.3245625120264079,0.5040356619694155,0,1,0
user_50,69ca35d7ede0bca4dfb8765c,0,0.3921222384438789,0,0.45827724131963377,0.751598445369454,1,0,0
user_50,69cbd354f28fd95e5bf52a98,0,0.19155978607551108,0,0.7544311931774776,0.6833796475750704,1,0,0
user_50,69ca35d7ede0bca4dfb8765c,0,0.14895926591247255,0,0.6785954089635515,0.0429425338217313,1,0,0
user_50,69cbd36ef28fd95e5bf52af2,0,0.045599796993272795,0,0.24680555022652084,0.8709703884255511,1,0,0
user_50,69cbd357f28fd95e5bf52aa2,0,0.19026491408189017,0,0.3329130808431481,0.8910222253101834,0,0,1
user_50,69cbd35af28fd95e5bf52aac,0,0.39112455105044885,0,0.5402365793161357,0.8952614632647657,0,1,0
user_50,69cbd33df28fd95e5bf52a43,0,0.04308580897760246,0,0.4332507581357781,0.2085282382896374,0,1,0
user_50,69cbd356f28fd95e5bf52a9d,0,0.37437920777134304,0,0.5727665936556134,0.04435178287470909,0,1,0
user_50,69ca359bede0bca4dfb87634,0,0.19873991347310574,0,0.5462228381697966,0.8775188900561288,0,1,0
user_50,69ca359bede0bca4dfb87634,0,0.23857963073890015,0,0.23757778509953895,0.9219594726413061,0,1,0
user_50,69ca35d9ede0bca4dfb87661,0,0.3421614766717814,0,0.340727901921548,0.6751975738629967,0,0,1
user_50,69cbd35ef28fd95e5bf52abb,0,0.33003510389785967,0,0.2779503291864748,0.9622448610136458,0,1,0
user_50,69cbd36df28fd95e5bf52aed,0,0.3256223438950585,0,0.395557289054228,0.7561134750162126,0,0,1
user_50,69ca35f2ede0bca4dfb8767a,0,0.15929492075813753,0,0.3074674779190887,0.9064703331154442,0,0,1
user_50,69cbd353f28fd95e5bf52a93,0,0.27192166872611295,0,0.3642964200531832,0.5019128948873164,0,0,1
user_50,69cbd35cf28fd95e5bf52ab1,0,0.333776149774343,0,0.7569237319251008,0.23249134435589958,0,0,1
user_50,69cbd354f28fd95e5bf52a98,0,0.18831986000442555,0,0.4761276915483354,0.10581268040219038,1,0,0
user_51,69cbd34cf28fd95e5bf52a7a,0,0.28468821340467,0,0.39874121484394137,0.6149314286333978,1,0,0
user_51,69ca358dede0bca4dfb8762a,0,0.21941141863106361,0,0.4648996958523974,0.984478838322286,1,0,0
user_51,69ca358aede0bca4dfb87625,0,0.0037647160260994464,0,0.2838910728831566,0.9239242372142118,0,0,1
user_51,69ca358dede0bca4dfb8762a,0,0.3499049460292303,0,0.6367311737481951,0.8906430531864569,1,0,0
user_51,69cbd348f28fd95e5bf52a6b,0,0.007324071582195658,0,0.48231416536595445,0.05416720367641292,1,0,0
user_51,69cbd332f28fd95e5bf52a20,0,0.0846799094175915,0,0.6811244612671162,0.6519142013058981,1,0,0
user_51,69ca358aede0bca4dfb87625,0,0.1870704425576289,0,0.23414532263315688,0.9438365063150815,0,0,1
user_51,69ca35e0ede0bca4dfb87670,0,0.08011743454599013,0,0.5369089681308441,0.6800019713988688,1,0,0
user_51,69cbd354f28fd95e5bf52a98,0,0.3359713049837056,0,0.41157720997132524,0.7717424040535803,1,0,0
user_51,69ca35deede0bca4dfb8766b,0,0.05409344166959649,0,0.37682817473054764,0.3925051561150954,0,1,0
user_51,69cbd35df28fd95e5bf52ab6,0,0.11004785892215407,0,0.5995641113258106,0.264531379026377,1,0,0
user_51,69cbd33df28fd95e5bf52a43,0,0.2534374737086532,0,0.27632782346135776,0.8464368193084983,0,1,0
user_51,69cbd340f28fd95e5bf52a4d,0,0.2607938252137945,0,0.2908002802491612,0.7503079974457889,1,0,0
user_51,69ca360fede0bca4dfb87698,0,0.16927378644882574,0,0.3723807401094583,0.4164087337778717,0,0,1
user_51,69ca35c7ede0bca4dfb87652,0,0.23866615502820487,0,0.42527936328866944,0.09815526746692615,0,1,0
user_51,69cbd368f28fd95e5bf52ade,0,0.3754312970532032,0,0.2558182852356879,0.9621868006918064,0,0,1
user_51,69cbd353f28fd95e5bf52a93,0,0.03327589227011742,0,0.34766434001892266,0.7235758321949284,0,0,1
user_51,69cbd368f28fd95e5bf52ade,0,0.2711380050293893,0,0.6069299708278773,0.611349032291937,0,0,1
user_51,69ca359bede0bca4dfb87634,0,0.017208836793092087,0,0.47604536230101424,0.3568145240881735,0,1,0
user_51,69cbd330f28fd95e5bf52a1b,0,0.06873676448371428,0,0.8605241225334723,0.1596292387083007,0,0,1
user_51,69ca360dede0bca4dfb87693,0,0.07550761351394081,0,0.8989453601228629,0.9878816441866394,1,0,0
user_51,69cbd340f28fd95e5bf52a4d,0,0.12547993540311816,0,0.7832851851631522,0.7938007953873576,1,0,0
user_51,69cbd345f28fd95e5bf52a61,0,0.3064283488249867,0,0.5261907286020168,0.8590988466323468,0,1,0
user_51,69cbd349f28fd95e5bf52a70,0,0.36835805215576933,0,0.7426282667715135,0.7656101108354068,0,1,0
user_51,69cbd34cf28fd95e5bf52a7a,0,0.0529536993028966,0,0.7568687552110173,0.07268132135986716,1,0,0
user_52,69ca358aede0bca4dfb87625,0,0.3887611800727888,0,0.793286522443313,0.6485957467450274,0,0,1
user_52,69ca35e0ede0bca4dfb87670,0,0.04287527214369709,0,0.4657540344108164,0.9690688384019785,1,0,0
user_52,69cbd36ff28fd95e5bf52af7,0,0.2106223296030045,0,0.8542670432585833,0.4655078555554968,0,1,0
user_52,69ca35b2ede0bca4dfb87639,0,0.1485486733316365,0,0.7702006872627296,0.3728764257762558,0,0,1
user_52,69ca360fede0bca4dfb87698,0,0.1366113680395464,0,0.9166294820900908,0.4070010414056562,0,0,1
user_52,69ca3611ede0bca4dfb8769d,0,0.3574281117511762,0,0.4722711048372158,0.7910650161049768,0,1,0
user_52,69ca35f8ede0bca4dfb8767f,0,0.007591408810728506,0,0.5801177751502118,0.9014677668576907,1,0,0
user_52,69ca35c3ede0bca4dfb87648,0,0.34261043321369744,0,0.6802629048124673,0.48190282286098896,0,1,0
user_52,69ca35dbede0bca4dfb87666,0,0.18042573165977008,0,0.43675040654456954,0.45714265837153967,0,0,1
user_52,69cbd35ef28fd95e5bf52abb,0,0.3308408306420783,0,0.9754131505587392,0.5827349735026259,0,1,0
user_52,69cbd36df28fd95e5bf52aed,0,0.2947765771727357,0,0.3554142680396409,0.8213016701815528,0,0,1
user_52,69ca359bede0bca4dfb87634,0,0.21046954108767668,0,0.3438772641037564,0.8456742686355259,0,1,0
user_52,69cbd353f28fd95e5bf52a93,0,0.22380482391585962,0,0.5265074683878836,0.6946615373444365,0,0,1
user_52,69cbfdae8c848404b2392589,0,0.2532398197071424,0,0.3494177838090091,0.11130429087472993,0,1,0
user_52,69cbd34cf28fd95e5bf52a7a,0,0.3477934488394017,0,0.6985092532853721,0.05575274462056923,1,0,0
user_52,69ca35d7ede0bca4dfb8765c,0,0.16750161602595448,0,0.7366648847576152,0.0863284244874245,1,0,0
user_52,69ca359bede0bca4dfb87634,0,0.03227181229178475,0,0.24523305113959132,0.19135854287342524,0,1,0
user_52,69cbd33df28fd95e5bf52a43,0,0.265759491786811,0,0.7676488388773207,0.4594954197687584,0,1,0
user_52,69ca35dbede0bca4dfb87666,0,0.027141663186531773,0,0.2843944510178723,0.3217431987753787,0,0,1
user_52,69cbd364f28fd95e5bf52acf,0,0.01017645788498367,0,0.8927141729003258,0.8733954187335018,0,0,1
user_52,69ca360dede0bca4dfb87693,0,0.03146407748245466,0,0.26332972374048047,0.4144656212011437,1,0,0
user_52,69ca359bede0bca4dfb87634,0,0.2401843061075641,0,0.5265980469025293,0.24009940701860333,0,1,0
user_52,69cbd350f28fd95e5bf52a89,0,0.024217373264808995,0,0.44563152817629104,0.3644225393872864,1,0,0
user_52,69cbd335f28fd95e5bf52a2a,0,0.39412503218881184,0,0.5437629480564259,0.1694218749230223,0,0,1
user_52,69cbd35af28fd95e5bf52aac,0,0.10458336092295442,0,0.42722821755557394,0.8332755687813123,0,1,0
user_53,69cbd336f28fd95e5bf52a2f,0,0.11024299254857786,0,0.7384585312642762,0.4240156525941796,1,0,0
user_53,69cbd361f28fd95e5bf52ac5,0,0.2650381841474788,0,0.24252354534044082,0.6747238555072201,1,0,0
user_53,69cbd340f28fd95e5bf52a4d,0,0.12496005443594278,0,0.49084785230778905,0.26688390865822864,1,0,0
user_53,69cbd350f28fd95e5bf52a89,0,0.18532589459416693,0,0.5338410305908063,0.3675242965053338,1,0,0
user_53,69ca35deede0bca4dfb8766b,0,0.12086534270554035,0,0.42258732359428286,0.811237341555562,0,1,0
user_53,69cbd336f28fd95e5bf52a2f,0,0.2802517926191507,0,0.29068250092459796,0.46240282462366356,1,0,0
user_53,69cbd35df28fd95e5bf52ab6,0,0.15507384522974832,0,0.4013917930975188,0.7046844068637117,1,0,0
user_53,69cbd36df28fd95e5bf52aed,0,0.30742928867516134,0,0.6415107426563667,0.7497170407500138,0,0,1
user_53,69ca35e0ede0bca4dfb87670,0,0.3107859820308771,0,0.45241020221263867,0.18689184392258507,1,0,0
user_53,69cbd350f28fd95e5bf52a89,0,0.31418084563486065,0,0.46119674256622084,0.9735991586471218,1,0,0
user_53,69ca35c1ede0bca4dfb87643,0,0.14654962319743456,0,0.8789753820582983,0.19078164939602926,1,0,0
user_53,69ca3609ede0bca4dfb8768e,0,0.13972683872498956,0,0.813281502889045,0.6127172595948489,0,1,0
user_53,69cbd35ef28fd95e5bf52abb,0,0.21250805737550077,0,0.31563724116237574,0.26778035770778597,0,1,0
user_53,69cbd364f28fd95e5bf52acf,0,0.05604105505068038,0,0.25200121508815804,0.9138051492205779,0,0,1
user_53,69cbd343f28fd95e5bf52a57,0,0.020830632607466183,0,0.4273407861795698,0.6726720538438222,0,0,1
user_53,69ca35faede0bca4dfb87684,0,0.09909809023651235,0,0.2451048565487387,0.9051879873413355,1,0,0
user_53,69cbd347f28fd95e5bf52a66,0,0.10534624024125545,0,0.8544413867736154,0.7028692861385235,0,0,1
user_53,69cbd333f28fd95e5bf52a25,0,0.24838913324378603,0,0.5928752094521571,0.12673662996622892,0,1,0
user_53,69cbfdae8c848404b2392589,0,0.1633439198606034,0,0.2643322043508216,0.5444566302696927,0,1,0
user_53,69ca35d9ede0bca4dfb87661,0,0.19305110551100244,0,0.6270544110724735,0.5822671219567301,0,0,1
user_53,69cbd36df28fd95e5bf52aed,0,0.3523294927082993,0,0.8806088438268268,0.8352019943305657,0,0,1
user_53,69cbd335f28fd95e5bf52a2a,0,0.19595253542573055,0,0.38531596695940284,0.33084627586373316,0,0,1
user_53,69cbd347f28fd95e5bf52a66,0,0.39459227286701926,0,0.28605043141854897,0.18173039067112762,0,0,1
user_53,69ca35faede0bca4dfb87684,0,0.3978627000996271,0,0.7850119454458915,0.962787814519322,1,0,0
user_53,69cbd368f28fd95e5bf52ade,0,0.13950263768601098,0,0.2521323444444189,0.0923974121306379,0,0,1
user_54,69cbd356f28fd95e5bf52a9d,0,0.08292724366572167,0,0.2796777640346806,0.6065896127121468,0,1,0
user_54,69ca3609ede0bca4dfb8768e,0,0.1703488926754985,0,0.8956236498989836,0.933894343793664,0,1,0
user_54,69cbd336f28fd95e5bf52a2f,0,0.20557592644731032,0,0.6204078792509387,0.5533999508879504,1,0,0
user_54,69cbd338f28fd95e5bf52a34,0,0.2693437546989986,0,0.7459535390626655,0.2969527023981413,0,1,0
user_54,69ca35deede0bca4dfb8766b,0,0.2538762554284878,0,0.5436042355147669,0.2189974780311239,0,1,0
user_54,69cbd350f28fd95e5bf52a89,0,0.3358628403393942,0,0.7122735544248271,0.1394927265121253,1,0,0
user_54,69cbd330f28fd95e5bf52a1b,0,0.16415091773196722,0,0.49994562004423715,0.03959370426168718,0,0,1
user_54,69ca35c1ede0bca4dfb87643,5,0.8321900700778108,1,0.7886915029201506,0.9349798821342732,1,0,0
user_54,69cbd35df28fd95e5bf52ab6,0,0.12353762194677148,0,0.7143561713823634,0.28003647893064954,1,0,0
user_54,69ca3611ede0bca4dfb8769d,0,0.30063802559786074,0,0.28936485745859847,0.42601768823656183,0,1,0
user_54,69ca3613ede0bca4dfb876a2,0,0.3156264925185379,0,0.2611134262443197,0.23724355259571128,1,0,0
user_54,69cbd36bf28fd95e5bf52ae8,0,0.1718884741507247,0,0.9298091379117278,0.35059156821530557,0,1,0
user_54,69cbd350f28fd95e5bf52a89,0,0.39558214307460093,0,0.4510250898788344,0.24475136770740358,1,0,0
user_54,69cbd330f28fd95e5bf52a1b,0,0.06772369165433947,0,0.3335460375247044,0.5704336240370707,0,0,1
user_54,69cbd33af28fd95e5bf52a39,0,0.10841452206235047,0,0.35014281951590337,0.9124370824591808,0,0,1
user_54,69cbd347f28fd95e5bf52a66,0,0.10012897932378753,0,0.7196494200307735,0.5619803636629248,0,0,1
user_54,69cbd366f28fd95e5bf52ad4,0,0.1485067192692709,0,0.8398693704412757,0.47760119674541635,1,0,0
user_54,69cbd352f28fd95e5bf52a8e,0,0.28517023369602984,0,0.5779055332062736,0.520515133155383,0,1,0
user_54,69ca3611ede0bca4dfb8769d,0,0.31732496140592414,0,0.5651403381173707,0.37848293269887057,0,1,0
user_54,69ca35caede0bca4dfb87657,0,0.158540567764378,0,0.22730545377835737,0.20846994531632834,1,0,0
user_54,69cbd35ef28fd95e5bf52abb,0,0.045513445020362565,0,0.2828047816012015,0.8916589223281299,0,1,0
user_54,69ca360fede0bca4dfb87698,0,0.30246425442655145,0,0.3274222428750866,0.11818521009206928,0,0,1
user_54,69cbd34ff28fd95e5bf52a84,0,0.07890526125991207,0,0.2762634439771685,0.0539139405526734,0,0,1
user_54,69cbd341f28fd95e5bf52a52,0,0.2947849672733395,0,0.2470887792025669,0.6650137892994414,0,1,0
user_54,69ca35deede0bca4dfb8766b,0,0.041350221009265734,0,0.27493070388069474,0.05927667185993846,0,1,0
user_55,69cbd33af28fd95e5bf52a39,0,0.21356427886899568,0,0.5027512445832005,0.4580218268165306,0,0,1
user_55,69cbd348f28fd95e5bf52a6b,0,0.2214979948703597,0,0.32542737784332515,0.8408795447547104,1,0,0
user_55,69ca35e0ede0bca4dfb87670,0,0.16631272062748126,0,0.28057780593717163,0.32508372245162453,1,0,0
user_55,69ca35caede0bca4dfb87657,0,0.35870201569126786,0,0.33003914270394274,0.9096961864387991,1,0,0
user_55,69cbd34ff28fd95e5bf52a84,0,0.23905262028890403,0,0.21643386512169635,0.9408825925927606,0,0,1
user_55,69cbd364f28fd95e5bf52acf,0,0.07158577982365077,0,0.5166208170649905,0.7657744308171788,0,0,1
user_55,69ca35d9ede0bca4dfb87661,0,0.0739541912717736,0,0.2965516517067317,0.1738083108387709,0,0,1
user_55,69cbd36af28fd95e5bf52ae3,0,0.012170871107511872,0,0.6798776552667309,0.9632422558088278,1,0,0
user_55,69cbd33df28fd95e5bf52a43,0,0.24136523103079074,0,0.7849635148079999,0.0854565686617168,0,1,0
user_55,69ca3611ede0bca4dfb8769d,0,0.05921122405469639,0,0.7532638960590895,0.26310852617447433,0,1,0
user_55,69ca3613ede0bca4dfb876a2,0,0.0994616261238745,0,0.8400445865118124,0.2602930516106978,1,0,0
user_55,69cbd33df28fd95e5bf52a43,0,0.3943596456426189,0,0.3386144721616168,0.2647920900984635,0,1,0
user_55,69cbd349f28fd95e5bf52a70,0,0.38453311511176774,0,0.4475318865965266,0.9857643319041758,0,1,0
user_55,69cbd35df28fd95e5bf52ab6,0,0.3437809943618792,0,0.24552417407108268,0.010947014858393667,1,0,0
user_55,69cbd354f28fd95e5bf52a98,0,0.2962292436667164,0,0.43670256028459276,0.3677224416346805,1,0,0
user_55,69ca360dede0bca4dfb87693,0,0.2868242530467193,0,0.49717318651250475,0.4007976824723254,1,0,0
user_55,69cbd357f28fd95e5bf52aa2,0,0.27338943135073557,0,0.21602756877792928,0.4959147195183098,0,0,1
user_55,69ca35d7ede0bca4dfb8765c,0,0.2804168254519537,0,0.44488166540571394,0.6722816944451491,1,0,0
user_55,69ca35d7ede0bca4dfb8765c,0,0.16008047221632593,0,0.4158375770872144,0.12288617110779665,1,0,0
user_55,69cbd333f28fd95e5bf52a25,0,0.23115685532463434,0,0.5258325477332638,0.004167433865918335,0,1,0
user_55,69cbd35af28fd95e5bf52aac,0,0.291674040841773,0,0.4485352602520189,0.3302916964528466,0,1,0
user_55,69cbd363f28fd95e5bf52aca,0,0.21063741162780475,0,0.24017640969827558,0.5992592512602617,0,1,0
user_55,69ca360fede0bca4dfb87698,0,0.35276264473798324,0,0.519016327122824,0.5816751830510365,0,0,1
user_55,69ca35caede0bca4dfb87657,0,0.267617821943855,0,0.9521342288024318,0.6407960687730416,1,0,0
user_55,69ca35faede0bca4dfb87684,0,0.05474271039033303,0,0.3273568367979315,0.9497850434809771,1,0,0
user_56,69cbd35cf28fd95e5bf52ab1,0,0.39128262327763236,0,0.5158014256648772,0.060181451572880906,0,0,1
user_56,69cbd363f28fd95e5bf52aca,0,0.14783367498611197,0,0.5766468235608944,0.5110848582409717,0,1,0
user_56,69cbd35df28fd95e5bf52ab6,0,0.16249455243343158,0,0.5220161679186875,0.4401671269346592,1,0,0
user_56,69cbd36ef28fd95e5bf52af2,0,0.05692975064468673,0,0.32500111151103495,0.6971008987736644,1,0,0
user_56,69cbd338f28fd95e5bf52a34,0,0.19452027197209373,0,0.2766256625478599,0.7715497520637735,0,1,0
user_56,69cbd343f28fd95e5bf52a57,0,0.30451180972602904,0,0.2990286527659013,0.6875737579658809,0,0,1
user_56,69cbd33ff28fd95e5bf52a48,0,0.3134108396134333,0,0.9711276223919041,0.059283585914140735,0,0,1
user_56,69cbd35cf28fd95e5bf52ab1,0,0.24573304033595164,0,0.9678446733848565,0.3261167757601451,0,0,1
user_56,69cbd34ef28fd95e5bf52a7f,0,0.01740948354230696,0,0.222126636617187,0.3349624447248605,0,1,0
user_56,69ca359bede0bca4dfb87634,0,0.3221792802272737,0,0.2159021906984563,0.7441378307308393,0,1,0
user_56,69ca35b4ede0bca4dfb8763e,0,0.14640009923275024,0,0.2987003899977132,0.679287341088624,1,0,0
user_56,69cbd333f28fd95e5bf52a25,0,0.34440631395937804,0,0.5495301233958116,0.5764364210876958,0,1,0
user_56,69cbd345f28fd95e5bf52a61,0,0.12880524788931122,0,0.9488489554043239,0.9310807830347128,0,1,0
user_56,69cbd33ff28fd95e5bf52a48,0,0.23159849800724502,0,0.5560377780234338,0.5938087019957603,0,0,1
user_56,69cbd350f28fd95e5bf52a89,0,0.34865676918771105,0,0.8318716223809535,0.5812681118533534,1,0,0
user_56,69ca358aede0bca4dfb87625,0,0.10132210542942871,0,0.2920943418247518,0.2802433723958453,0,0,1
user_56,69cbd36df28fd95e5bf52aed,0,0.025951059881108574,0,0.28697380054310834,0.8214079204010796,0,0,1
user_56,69cbd36bf28fd95e5bf52ae8,0,0.06204440621781009,0,0.6444988244063534,0.34113779383388554,0,1,0
user_56,69cbd34bf28fd95e5bf52a75,0,0.1431672142644013,0,0.26081491255326544,0.1506421130932074,0,0,1
user_56,69ca35b4ede0bca4dfb8763e,0,0.06458442655298784,0,0.3476506518451575,0.4414024308313933,1,0,0
user_56,69cbd335f28fd95e5bf52a2a,0,0.014668239264548077,0,0.784039743913747,0.6990620586631546,0,0,1
user_56,69cbd349f28fd95e5bf52a70,0,0.15385183412410772,0,0.7695395235834176,0.5373663606311736,0,1,0
user_56,69ca360dede0bca4dfb87693,0,0.23352903021673496,0,0.5572158656660695,0.8235637130849958,1,0,0
user_56,69cbd36af28fd95e5bf52ae3,0,0.2843700056343044,0,0.8407777672247634,0.6801466975496344,1,0,0
user_56,69ca35c3ede0bca4dfb87648,0,0.1690969708956611,0,0.22016122178930203,0.9713982861743111,0,1,0
user_57,69cbd34bf28fd95e5bf52a75,0,0.17659821983070012,0,0.22741490264341432,0.9971421324562091,0,0,1
user_57,69ca35fdede0bca4dfb87689,0,0.009995770986597652,0,0.3081912798593028,0.7534121898903647,1,0,0
user_57,69ca3611ede0bca4dfb8769d,0,0.14922736067768447,0,0.4009529297432687,0.09067425906743587,0,1,0
user_57,69ca35fdede0bca4dfb87689,0,0.2789628997654578,0,0.21806876469914604,0.001700438350070721,1,0,0
user_57,69cbd35ef28fd95e5bf52abb,0,0.11100815026494387,0,0.7340536769603776,0.36939706416365636,0,1,0
user_57,69cbd340f28fd95e5bf52a4d,0,0.016604429044917792,0,0.5301500937712526,0.3519417313512978,1,0,0
user_57,69cbd360f28fd95e5bf52ac0,0,0.17546179855684851,0,0.6966913441709657,0.25817859848014546,0,0,1
user_57,69ca35c5ede0bca4dfb8764d,0,0.08128233115386063,0,0.7940766794749696,0.7067488016147827,0,0,1
user_57,69ca35f8ede0bca4dfb8767f,0,0.0431595115798773,0,0.2789338891744862,0.16860817594362754,1,0,0
user_57,69ca35dbede0bca4dfb87666,0,0.023968252665979597,0,0.41353079417579863,0.2915715980883904,0,0,1
user_57,69cbd33cf28fd95e5bf52a3e,0,0.16823234888596278,0,0.9289972026109725,0.4708428529037403,1,0,0
user_57,69ca3611ede0bca4dfb8769d,0,0.29645614473724935,0,0.833816033316273,0.9221387280116955,0,1,0
user_57,69cbd34ef28fd95e5bf52a7f,0,0.25782747872853456,0,0.7905710613049302,0.2750751694911331,0,1,0
user_57,69cbd354f28fd95e5bf52a98,0,0.257179591904558,0,0.24964376744099107,0.3471100454607017,1,0,0
user_57,69cbd34bf28fd95e5bf52a75,0,0.24919887830084725,0,0.6565534862482317,0.6454901081767155,0,0,1
user_57,69cbd33af28fd95e5bf52a39,0,0.27728788781225894,0,0.32212438263503024,0.4880189230173506,0,0,1
user_57,69cbd33df28fd95e5bf52a43,0,0.3499930015959996,0,0.38653133552127866,0.6298937651260441,0,1,0
user_57,69cbd33ff28fd95e5bf52a48,0,0.13951165480521005,0,0.6113314233732184,0.7710593285643315,0,0,1
user_57,69ca35d9ede0bca4dfb87661,0,0.23728269455550255,0,0.48370336764139626,0.6237413215768859,0,0,1
user_57,69cbd336f28fd95e5bf52a2f,0,0.28305382968141074,0,0.28129346621418017,0.6169666032579115,1,0,0
user_57,69cbd343f28fd95e5bf52a57,0,0.3073962489964604,0,0.27067099400980793,0.1858642335769929,0,0,1
user_57,69cbd348f28fd95e5bf52a6b,0,0.2932484676803863,0,0.7285923581291319,0.44417548117153727,1,0,0
user_57,69ca35b4ede0bca4dfb8763e,0,0.38061170205002876,0,0.8690343013719435,0.5192512721425373,1,0,0
user_57,69cbd353f28fd95e5bf52a93,0,0.2025477352795454,0,0.28368331931147434,0.20574324051131665,0,0,1
user_57,69cbfdae8c848404b2392589,0,0.029877798761606303,0,0.7275798748871913,0.6849926154522068,0,1,0
user_58,69ca35b4ede0bca4dfb8763e,0,0.07683274144883,0,0.5585826643370606,0.07315364640287525,1,0,0
user_58,69ca35fdede0bca4dfb87689,0,0.11478823465973793,0,0.29297355100503186,0.5637003283207496,1,0,0
user_58,69cbd366f28fd95e5bf52ad4,0,0.2481304536540958,0,0.4514184731856855,0.472245381420604,1,0,0
user_58,69ca360fede0bca4dfb87698,0,0.11355454051387089,0,0.5950865013559613,0.11855232746729194,0,0,1
user_58,69ca35d7ede0bca4dfb8765c,0,0.08750038208904415,0,0.8337648146264885,0.793757787649559,1,0,0
user_58,69cbd34ff28fd95e5bf52a84,0,0.03251381957180257,0,0.45062380408396463,0.5180659391708362,0,0,1
user_58,69cbd332f28fd95e5bf52a20,0,0.0480678387896881,0,0.24896090606025653,0.007614132218265235,1,0,0
user_58,69cbd340f28fd95e5bf52a4d,0,0.20539324251089033,0,0.4699237672317008,0.275679674131476,1,0,0
user_58,69ca358dede0bca4dfb8762a,0,0.10083338352100553,0,0.4863719257797556,0.12075640706700619,1,0,0
user_58,69cbd363f28fd95e5bf52aca,0,0.05994259124571029,0,0.3171259295037645,0.4671587864020452,0,1,0
user_58,69cbd36ff28fd95e5bf52af7,0,0.23798182322606964,0,0.22981134118240648,0.873221600176243,0,1,0
user_58,69cbfdae8c848404b2392589,0,0.2789800450658184,0,0.27630288946560455,0.612547513234512,0,1,0
user_58,69ca3611ede0bca4dfb8769d,0,0.37585916941787645,0,0.33932043631296627,0.27915370656899974,0,1,0
user_58,69cbd34cf28fd95e5bf52a7a,0,0.16948579012805506,0,0.5162989380347106,0.6349635873703661,1,0,0
user_58,69cbd352f28fd95e5bf52a8e,0,0.15788470795908482,0,0.4504835276566158,0.05164467380807425,0,1,0
user_58,69ca3613ede0bca4dfb876a2,0,0.1658895786228392,0,0.35065702520445396,0.7387261955714877,1,0,0
user_58,69cbd33af28fd95e5bf52a39,0,0.18489133776940403,0,0.5384273274761717,0.9655933260824476,0,0,1
user_58,69ca35faede0bca4dfb87684,0,0.2093484546379256,0,0.43449485045526026,0.4346050471306997,1,0,0
user_58,69cbd368f28fd95e5bf52ade,0,0.22868312625754506,0,0.3388655990649283,0.2530712366638723,0,0,1
user_58,69cbd332f28fd95e5bf52a20,0,0.39059132868094565,0,0.485264277618637,0.3529467414805947,1,0,0
user_58,69ca3609ede0bca4dfb8768e,0,0.15815595361999712,0,0.42049102339868855,0.7535022748450366,0,1,0
user_58,69ca360dede0bca4dfb87693,0,0.19555616586994695,0,0.700374244942617,0.6271431329237174,1,0,0
user_58,69cbd34ef28fd95e5bf52a7f,0,0.39924588477552664,0,0.6025545971001028,0.21570713676905728,0,1,0
user_58,69cbd345f28fd95e5bf52a61,0,0.10692488051094787,0,0.42474953763301454,0.23976325590949488,0,1,0
user_58,69cbd344f28fd95e5bf52a5c,0,0.012075689280567304,0,0.7174775408843082,0.8715169353507077,1,0,0
user_59,69ca35c5ede0bca4dfb8764d,0,0.035007098773299106,0,0.8294476835434027,0.5449717654726325,0,0,1
user_59,69cbd361f28fd95e5bf52ac5,0,0.36364864473782615,0,0.24125521514545073,0.1048221732257475,1,0,0
user_59,69ca35caede0bca4dfb87657,0,0.2510447418639018,0,0.6180008783383515,0.7706409944053931,1,0,0
user_59,69cbd361f28fd95e5bf52ac5,0,0.2425652772179249,0,0.30874788238876016,0.09140709779842626,1,0,0
user_59,69cbd36ef28fd95e5bf52af2,0,0.04968343122395158,0,0.2215261985068488,0.3968542220982383,1,0,0
user_59,69cbd357f28fd95e5bf52aa2,0,0.2444942901759043,0,0.30621706583786185,0.3838589465317874,0,0,1
user_59,69cbd332f28fd95e5bf52a20,0,0.38074255562117615,0,0.3420997243307434,0.6958727780529874,1,0,0
user_59,69cbd344f28fd95e5bf52a5c,0,0.33803703234186266,0,0.7415094895818967,0.3319776940193102,1,0,0
user_59,69cbfdae8c848404b2392589,0,0.31203653116221886,0,0.5546851909744884,0.68924380365847,0,1,0
user_59,69ca35f2ede0bca4dfb8767a,0,0.1921262592159857,0,0.23408932688876813,0.9743156964076352,0,0,1
user_59,69ca35caede0bca4dfb87657,0,0.06907549617213204,0,0.7800508227828972,0.6435548819719252,1,0,0
user_59,69ca3613ede0bca4dfb876a2,0,0.3098025841178611,0,0.43718182879527356,0.7828273212350754,1,0,0
user_59,69cbd340f28fd95e5bf52a4d,0,0.2239093745443067,0,0.8400390966649198,0.9014095610745114,1,0,0
user_59,69ca3613ede0bca4dfb876a2,0,0.04751576085613403,0,0.21872494147551513,0.7483109669169752,1,0,0
user_59,69cbd34ff28fd95e5bf52a84,0,0.1606264810127759,0,0.32417624707185777,0.81088787317421,0,0,1
user_59,69ca360fede0bca4dfb87698,0,0.024944368993399912,0,0.9405875239932097,0.20130636836822924,0,0,1
user_59,69cbd36df28fd95e5bf52aed,0,0.05837119792196948,0,0.5299859606919365,0.610158063844352,0,0,1
user_59,69cbd34cf28fd95e5bf52a7a,0,0.366473800960259,0,0.23657016705731584,0.014333609022773697,1,0,0
user_59,69cbd350f28fd95e5bf52a89,0,0.07504058377505762,0,0.4589288192590607,0.6967434900598493,1,0,0
user_59,69cbd33ff28fd95e5bf52a48,0,0.11365222779663667,0,0.3047688281610019,0.10075444949498746,0,0,1
user_59,69ca360dede0bca4dfb87693,0,0.056504549400735016,0,0.8070638386859483,0.6719797456252712,1,0,0
user_59,69cbd344f28fd95e5bf52a5c,0,0.21394757460768538,0,0.28275962383627395,0.23632674228143302,1,0,0
user_59,69ca35dbede0bca4dfb87666,0,0.12163809010729328,0,0.3108339053590185,0.13314302905351716,0,0,1
user_59,69ca35b4ede0bca4dfb8763e,0,0.32833892112805696,0,0.38893005412880227,0.4446782166220242,1,0,0
user_59,69cbd357f28fd95e5bf52aa2,0,0.38905916058511325,0,0.34323602629358085,0.10730580355306807,0,0,1
user_60,69cbd345f28fd95e5bf52a61,0,0.22350806927320407,0,0.23310627857836053,0.9739870447936534,0,1,0
user_60,69ca360fede0bca4dfb87698,0,0.021984807289474075,0,0.42718302913719197,0.9561610777464493,0,0,1
user_60,69cbd332f28fd95e5bf52a20,0,0.2767093368739248,0,0.4315103227436535,0.13820649387339712,1,0,0
user_60,69cbd361f28fd95e5bf52ac5,0,0.08536028724578762,0,0.8492542434386687,0.7389747578352497,1,0,0
user_60,69ca35edede0bca4dfb87675,0,0.23754241908661974,0,0.7181411982243984,0.47861264161316996,0,1,0
user_60,69cbd359f28fd95e5bf52aa7,0,0.17774903619007906,0,0.9306826739540188,0.6812666451169587,1,0,0
user_60,69ca35d7ede0bca4dfb8765c,0,0.08754401154724425,0,0.2541065403497317,0.9350475318205915,1,0,0
user_60,69ca3609ede0bca4dfb8768e,0,0.06154933312768671,0,0.4714568069471792,0.7513641836769662,0,1,0
user_60,69cbd363f28fd95e5bf52aca,0,0.2420126444532289,0,0.664813464410102,0.7089020518889326,0,1,0
user_60,69cbd343f28fd95e5bf52a57,0,0.38484674646045997,0,0.6304902977889282,0.3985897137394705,0,0,1
user_60,69cbd36ff28fd95e5bf52af7,0,0.008056326056735053,0,0.39938662953878085,0.6629038099968652,0,1,0
user_60,69cbd361f28fd95e5bf52ac5,0,0.3700978175650336,0,0.23202198491059145,0.6328545500416578,1,0,0
user_60,69ca35b4ede0bca4dfb8763e,0,0.04738817073333861,0,0.24655101961319156,0.2509826081400153,1,0,0
user_60,69cbd366f28fd95e5bf52ad4,0,0.35056195489908115,0,0.9204510312159448,0.6367311843637193,1,0,0
user_60,69ca35d7ede0bca4dfb8765c,0,0.09496730342087929,0,0.3603102144750623,0.634336139761031,1,0,0
user_60,69cbd354f28fd95e5bf52a98,0,0.07874246439219856,0,0.3525578439300633,0.8721895517523572,1,0,0
user_60,69ca35f8ede0bca4dfb8767f,0,0.3305620912293494,0,0.5222257396384603,0.10837562576457072,1,0,0
user_60,69cbd330f28fd95e5bf52a1b,0,0.18936330269344942,0,0.5144805625445376,0.6648302961072576,0,0,1
user_60,69cbd336f28fd95e5bf52a2f,0,0.3144514308375317,0,0.2670788960306766,0.4073159074551518,1,0,0
user_60,69ca35caede0bca4dfb87657,0,0.18844358519433613,0,0.7357128338608334,0.520773268700867,1,0,0
user_60,69cbd35af28fd95e5bf52aac,0,0.3671904186484696,0,0.8461879786385855,0.20862159395391466,0,1,0
user_60,69cbd33ff28fd95e5bf52a48,0,0.08718843993825783,0,0.4093584549659496,0.0010817810345760126,0,0,1
user_60,69ca35c7ede0bca4dfb87652,0,0.17418853448552873,0,0.8046698887382369,0.2594713015678385,0,1,0
user_60,69ca3613ede0bca4dfb876a2,0,0.3986643591777308,0,0.7331366120294442,0.5995219154147098,1,0,0
user_60,69cbd36ff28fd95e5bf52af7,0,0.09785483832807884,0,0.49342220792751845,0.7709677882769468,0,1,0
user_61,69ca35d7ede0bca4dfb8765c,0,0.11312777727159898,0,0.8311758593705775,0.15533249889294853,1,0,0
user_61,69ca360fede0bca4dfb87698,0,0.12274995386639356,0,0.986539796903334,0.4998616218669323,0,0,1
user_61,69cbd348f28fd95e5bf52a6b,0,0.33813863155536306,0,0.575140059210761,0.7565236416587293,1,0,0
user_61,69ca35c1ede0bca4dfb87643,5,0.9339765071198034,1,0.4617735103594149,0.9340788908992645,1,0,0
user_61,69cbd364f28fd95e5bf52acf,0,0.2496668338504013,0,0.3221314039826276,0.10060217718843067,0,0,1
user_61,69cbd359f28fd95e5bf52aa7,0,0.11566111662854937,0,0.25858124550041295,0.025448760756634492,1,0,0
user_61,69cbd361f28fd95e5bf52ac5,0,0.20074728425005858,0,0.2225188755425395,0.3721038276382156,1,0,0
user_61,69cbd353f28fd95e5bf52a93,0,0.31710134171763116,0,0.578235443941993,0.037329983129117394,0,0,1
user_61,69cbd340f28fd95e5bf52a4d,0,0.025736854743474247,0,0.4007569432256913,0.04903143868856619,1,0,0
user_61,69ca360dede0bca4dfb87693,0,0.2248924463000428,0,0.3527467501704665,0.9139096492294239,1,0,0
user_61,69ca35b2ede0bca4dfb87639,5,0.9203671972840427,1,0.30951147503966603,0.7031268827529864,0,0,1
user_61,69cbd36bf28fd95e5bf52ae8,0,0.021267338590266152,0,0.4400917436168893,0.1916413318679504,0,1,0
user_61,69cbd33df28fd95e5bf52a43,0,0.3316080313966507,0,0.267965445610029,0.05624604294505131,0,1,0
user_61,69ca35b2ede0bca4dfb87639,5,0.7964416361302943,1,0.3013684557019929,0.8102505629400478,0,0,1
user_61,69cbd34bf28fd95e5bf52a75,0,0.07930494276783416,0,0.4005430564056306,0.44300626013026956,0,0,1
user_61,69cbd35af28fd95e5bf52aac,0,0.07698344911940352,0,0.9668754865243662,0.3351163124101513,0,1,0
user_61,69cbd353f28fd95e5bf52a93,0,0.3492075372813026,0,0.3344456518443193,0.8201326992332041,0,0,1
user_61,69ca360dede0bca4dfb87693,0,0.11001811006857967,0,0.22864242622700492,0.6294995633759364,1,0,0
user_61,69cbd345f28fd95e5bf52a61,0,0.3410644094049806,0,0.6775164273699272,0.16003760065350203,0,1,0
user_61,69cbd353f28fd95e5bf52a93,0,0.006062826577820691,0,0.9942000937791665,0.11316634711492579,0,0,1
user_61,69ca35c5ede0bca4dfb8764d,0,0.22699529035615243,0,0.2872344252276803,0.8328333552380034,0,0,1
user_61,69cbd344f28fd95e5bf52a5c,0,0.10399342264527008,0,0.23679120091093275,0.5173031284169123,1,0,0
user_61,69cbd347f28fd95e5bf52a66,0,0.13078660305442488,0,0.8304593353944112,0.054169684888418335,0,0,1
user_61,69ca35c5ede0bca4dfb8764d,0,0.20130032109709975,0,0.7653200853598818,0.19402463640959522,0,0,1
user_61,69cbd34ef28fd95e5bf52a7f,0,0.03070953108317678,0,0.7031326927633763,0.4336548178561537,0,1,0
user_62,69ca35deede0bca4dfb8766b,0,0.11519354847518014,0,0.3323101132062034,0.631628676945728,0,1,0
user_62,69ca360fede0bca4dfb87698,0,0.19205289390570845,0,0.7339045466945033,0.0714348982341435,0,0,1
user_62,69cbd359f28fd95e5bf52aa7,0,0.35426857737052614,0,0.32445067749713674,0.3068617691617457,1,0,0
user_62,69ca35edede0bca4dfb87675,0,0.35018381841512575,0,0.8007296870469075,0.008042785768002103,0,1,0
user_62,69cbd36af28fd95e5bf52ae3,0,0.24669886808907293,0,0.6185139331705856,0.20056067466332061,1,0,0
user_62,69ca360dede0bca4dfb87693,0,0.16833473989725026,0,0.4781671522062406,0.22470118523250626,1,0,0
user_62,69cbd357f28fd95e5bf52aa2,0,0.36517920509304774,0,0.5997176535846361,0.27305459662631093,0,0,1
user_62,69ca359bede0bca4dfb87634,0,0.24325331512833515,0,0.6133108535641478,0.3993953078927015,0,1,0
user_62,69cbd368f28fd95e5bf52ade,0,0.20377160204907885,0,0.615888374888727,0.27047092837702014,0,0,1
user_62,69cbd359f28fd95e5bf52aa7,0,0.0742092616355265,0,0.2402060546199948,0.7654922017192105,1,0,0
user_62,69cbd34ef28fd95e5bf52a7f,0,0.3835052382792107,0,0.4159416265139878,0.7140348936890297,0,1,0
user_62,69ca359bede0bca4dfb87634,0,0.054724647088618905,0,0.8092167483345939,0.7517994345588244,0,1,0
user_62,69cbd330f28fd95e5bf52a1b,0,0.28298860469498754,0,0.3152319167362998,0.6930509528296922,0,0,1
user_62,69cbd368f28fd95e5bf52ade,0,0.15942302392053415,0,0.3552929734133037,0.27119309424967986,0,0,1
user_62,69cbd36df28fd95e5bf52aed,0,0.2766876459334666,0,0.30574252674189234,0.7102571436704348,0,0,1
user_62,69ca358dede0bca4dfb8762a,0,0.1318486969730123,0,0.3113848696738257,0.5603753445652355,1,0,0
user_62,69cbd33df28fd95e5bf52a43,0,0.3767510012252984,0,0.38115722265799623,0.3540707878904079,0,1,0
user_62,69cbd33df28fd95e5bf52a43,0,0.3018966643827232,0,0.5921053443556201,0.1492182836833349,0,1,0
user_62,69ca35c1ede0bca4dfb87643,0,0.21149056518743894,0,0.34298098077370387,0.9763695954578187,1,0,0
user_62,69cbd340f28fd95e5bf52a4d,0,0.39151384812580814,0,0.22084898209899434,0.5393068249377091,1,0,0
user_62,69cbd335f28fd95e5bf52a2a,0,0.16059093756690315,0,0.913165623865147,0.12499743241157368,0,0,1
user_62,69ca360fede0bca4dfb87698,0,0.16073201450539037,0,0.3906100453301837,0.058694953893609236,0,0,1
user_62,69ca35c7ede0bca4dfb87652,0,0.34710013208726914,0,0.3893048660700382,0.09316114570293843,0,1,0
user_62,69ca358aede0bca4dfb87625,0,0.09059089747981855,0,0.24468527628582154,0.5090688848450864,0,0,1
user_62,69ca3611ede0bca4dfb8769d,0,0.3007963664251374,0,0.40485134182346405,0.6595603219108894,0,1,0
user_63,69cbd366f28fd95e5bf52ad4,0,0.057575414297607534,0,0.7187993058572393,0.8610040909901857,1,0,0
user_63,69cbd34bf28fd95e5bf52a75,0,0.12173209408765323,0,0.2643005693649941,0.5126620622929416,0,0,1
user_63,69cbd35df28fd95e5bf52ab6,0,0.35491148679843915,0,0.4805418384755338,0.8356482159436995,1,0,0
user_63,69cbd36ef28fd95e5bf52af2,0,0.14844583558670088,0,0.5359757437656807,0.4272239606816426,1,0,0
user_63,69cbd336f28fd95e5bf52a2f,0,0.3512530446236438,0,0.29531287622319186,0.7500868934420588,1,0,0
user_63,69cbd354f28fd95e5bf52a98,0,0.18101065248866305,0,0.6752320197115727,0.9764046424337469,1,0,0
user_63,69cbd367f28fd95e5bf52ad9,0,0.19452170910524602,0,0.5081032036633755,0.9256872982616551,0,1,0
user_63,69cbd338f28fd95e5bf52a34,0,0.08660071317794574,0,0.2875078238443606,0.06735049617796851,0,1,0
user_63,69cbd360f28fd95e5bf52ac0,0,0.3370419901302471,0,0.2812847521815799,0.04512851035797105,0,0,1
user_63,69cbd34cf28fd95e5bf52a7a,0,0.17398454913012956,0,0.3177150247310419,0.9657336653485964,1,0,0
user_63,69cbd35af28fd95e5bf52aac,0,0.20324209636005222,0,0.22767957120208637,0.5414839976882542,0,1,0
user_63,69cbd336f28fd95e5bf52a2f,0,0.14253873072846385,0,0.25216031838835773,0.3300230402870836,1,0,0
user_63,69cbd333f28fd95e5bf52a25,0,0.3530809505735841,0,0.3423910937746162,0.6656881541919222,0,1,0
user_63,69cbd366f28fd95e5bf52ad4,0,0.3545145406516647,0,0.30220875576852724,0.07351830191230291,1,0,0
user_63,69cbd348f28fd95e5bf52a6b,0,0.3578853352910133,0,0.9632742340472512,0.7328894551261766,1,0,0
user_63,69cbd343f28fd95e5bf52a57,0,0.09267160069816996,0,0.23690582774861738,0.42458268644971064,0,0,1
user_63,69cbd33df28fd95e5bf52a43,0,0.2829225592947508,0,0.2834847032488095,0.14442113049444627,0,1,0
user_63,69cbd352f28fd95e5bf52a8e,0,0.2078116167816246,0,0.6066338683813093,0.5565139472672642,0,1,0
user_63,69cbd349f28fd95e5bf52a70,0,0.14221404929442283,0,0.966483967634539,0.7853983154775488,0,1,0
user_63,69cbd36df28fd95e5bf52aed,0,0.3035109162570955,0,0.5086048015414355,0.15749318661620948,0,0,1
user_63,69cbd36af28fd95e5bf52ae3,0,0.07990909402445663,0,0.233750380994709,0.6096493447712701,1,0,0
user_63,69cbd349f28fd95e5bf52a70,0,0.3096139504712372,0,0.48407503873633123,0.15529699314942724,0,1,0
user_63,69ca358aede0bca4dfb87625,0,0.10127684451748564,0,0.8370120697616377,0.39477112529195346,0,0,1
user_63,69cbd363f28fd95e5bf52aca,0,0.07484931468027778,0,0.9016994932718663,0.23888170903929007,0,1,0
user_63,69ca35faede0bca4dfb87684,0,0.2676301684996054,0,0.45205166393205065,0.30924004752951384,1,0,0
user_64,69ca35f8ede0bca4dfb8767f,0,0.38861212028321757,0,0.8355792864024786,0.49864537778658624,1,0,0
user_64,69cbd366f28fd95e5bf52ad4,0,0.056081216050994434,0,0.3965174959191585,0.1699937067709567,1,0,0
user_64,69ca35d9ede0bca4dfb87661,0,0.23653476603360366,0,0.8091492820285976,0.8589044137580519,0,0,1
user_64,69cbd34ef28fd95e5bf52a7f,0,0.18172970500169416,0,0.2332699070112682,0.9178056030357924,0,1,0
user_64,69cbd330f28fd95e5bf52a1b,0,0.3245668514975929,0,0.37673352436182417,0.41077518690307047,0,0,1
user_64,69ca358aede0bca4dfb87625,0,0.22156141090395576,0,0.984676355262609,0.745921158074851,0,0,1
user_64,69cbd338f28fd95e5bf52a34,0,0.07765445424834364,0,0.34893713352836564,0.19954987502813304,0,1,0
user_64,69cbd333f28fd95e5bf52a25,0,0.028203665544008064,0,0.2925071603528236,0.35371369312032663,0,1,0
user_64,69cbd366f28fd95e5bf52ad4,0,0.017061108443148766,0,0.4373456858699468,0.5780493098104047,1,0,0
user_64,69cbd338f28fd95e5bf52a34,0,0.25581570408615345,0,0.24540941248756568,0.41161646095162885,0,1,0
user_64,69ca358dede0bca4dfb8762a,0,0.1324314620338196,0,0.5800436769982925,0.5888140913382103,1,0,0
user_64,69ca35d7ede0bca4dfb8765c,0,0.39655915227307176,0,0.24688281643691468,0.7326552488510258,1,0,0
user_64,69cbd366f28fd95e5bf52ad4,0,0.19010613670829618,0,0.9790751422295935,0.37141444032584126,1,0,0
user_64,69cbd330f28fd95e5bf52a1b,0,0.17260806171220278,0,0.583181692170291,0.6726579200189395,0,0,1
user_64,69cbd366f28fd95e5bf52ad4,0,0.02052368761277981,0,0.9998734070300831,0.3035104575486067,1,0,0
user_64,69ca35d7ede0bca4dfb8765c,0,0.13402840178829667,0,0.5652707768475073,0.5460806493074717,1,0,0
user_64,69ca3613ede0bca4dfb876a2,0,0.10678247641988908,0,0.305007475756252,0.9321411174634568,1,0,0
user_64,69ca35f2ede0bca4dfb8767a,0,0.34892644788937893,0,0.8262065125587702,0.49368545364662975,0,0,1
user_64,69cbd357f28fd95e5bf52aa2,0,0.2429312774542045,0,0.9887812982594184,0.433324093216209,0,0,1
user_64,69cbd367f28fd95e5bf52ad9,0,0.11358631749984448,0,0.8861430682287412,0.11883285771029173,0,1,0
user_64,69cbd36af28fd95e5bf52ae3,0,0.09495979697432358,0,0.4006232365482163,0.06177504878754814,1,0,0
user_64,69ca35c5ede0bca4dfb8764d,0,0.1635472128942248,0,0.274106259334999,0.778307970977919,0,0,1
user_64,69ca3611ede0bca4dfb8769d,0,0.10567293756143635,0,0.9423070445390401,0.8297508499390673,0,1,0
user_64,69cbd350f28fd95e5bf52a89,0,0.18840287270651582,0,0.6256334304145912,0.028780245119509162,1,0,0
user_64,69cbd33ff28fd95e5bf52a48,0,0.13085934602301946,0,0.6300998517271492,0.1845709309650616,0,0,1
user_65,69ca359bede0bca4dfb87634,0,0.26386278571638194,0,0.8289340234576777,0.9251071639388906,0,1,0
user_65,69ca3609ede0bca4dfb8768e,0,0.2579968445067209,0,0.8983038909789403,0.23824769641794163,0,1,0
user_65,69cbd33cf28fd95e5bf52a3e,0,0.2728734324931491,0,0.46625449219252074,0.10993061048795538,1,0,0
user_65,69cbd366f28fd95e5bf52ad4,0,0.1695851175207097,0,0.8062047133107277,0.06486408402710642,1,0,0
user_65,69cbd35af28fd95e5bf52aac,0,0.32829220683250837,0,0.45269768186890524,0.20625655595902614,0,1,0
user_65,69cbd352f28fd95e5bf52a8e,0,0.07471553865538443,0,0.24564210714050155,0.4875398906448001,0,1,0
user_65,69ca35faede0bca4dfb87684,0,0.09396885757189653,0,0.33026943003386466,0.9828854202742454,1,0,0
user_65,69cbd34cf28fd95e5bf52a7a,0,0.37758639822525286,0,0.2552276002855679,0.8786754544913471,1,0,0
user_65,69ca360fede0bca4dfb87698,0,0.33618805608791746,0,0.9111304369473499,0.6951046481983143,0,0,1
user_65,69cbd348f28fd95e5bf52a6b,0,0.15709110733613568,0,0.32013614334998963,0.032532431815273544,1,0,0
user_65,69cbd36bf28fd95e5bf52ae8,0,0.24117539151188438,0,0.21580304628001157,0.37551903974957446,0,1,0
user_65,69ca35edede0bca4dfb87675,0,0.27396970496318235,0,0.32043428877694013,0.8141996573396366,0,1,0
user_65,69cbd353f28fd95e5bf52a93,0,0.20655761466260847,0,0.889700088965766,0.43584525251050965,0,0,1
user_65,69cbd34ff28fd95e5bf52a84,0,0.1606735404948405,0,0.38611906799743734,0.7303281139966116,0,0,1
user_65,69cbd357f28fd95e5bf52aa2,0,0.07814724426751073,0,0.2311113888731841,0.624866052626226,0,0,1
user_65,69cbd341f28fd95e5bf52a52,0,0.3315684093029619,0,0.2834455554245482,0.2539559924010093,0,1,0
user_65,69cbd335f28fd95e5bf52a2a,0,0.36606541921991875,0,0.28671957937185166,0.8454275120853243,0,0,1
user_65,69cbd36ff28fd95e5bf52af7,0,0.31536386519086057,0,0.3498071335472452,0.9266299652711221,0,1,0
user_65,69cbd360f28fd95e5bf52ac0,0,0.01929878859020038,0,0.7412595746291406,0.9037011688690533,0,0,1
user_65,69cbd34bf28fd95e5bf52a75,0,0.14784583039182211,0,0.9456998828100798,0.7490415461730844,0,0,1
user_65,69cbd34ff28fd95e5bf52a84,0,0.11576566693528179,0,0.890094461357834,0.7645188099686806,0,0,1
user_65,69ca35caede0bca4dfb87657,0,0.10653325673618426,0,0.7150026489803136,0.43496678313634685,1,0,0
user_65,69ca35c7ede0bca4dfb87652,0,0.19018698108021087,0,0.4877505583309352,0.16642667554942459,0,1,0
user_65,69ca360fede0bca4dfb87698,0,0.13824991530027075,0,0.2955911253808863,0.4233517641399396,0,0,1
user_65,69ca3613ede0bca4dfb876a2,0,0.04057669017997689,0,0.41630407418997495,0.9901604006623761,1,0,0
user_66,69cbd33af28fd95e5bf52a39,0,0.3832118872227471,0,0.6532116186367646,0.059272496353467874,0,0,1
user_66,69cbd34ef28fd95e5bf52a7f,0,0.12352006583435111,0,0.5181614778213915,0.9125077482032409,0,1,0
user_66,69cbd36bf28fd95e5bf52ae8,0,0.042262418342129494,0,0.28064719810492356,0.3229130035210579,0,1,0
user_66,69ca35c1ede0bca4dfb87643,0,0.30760950235376083,0,0.9850381694444417,0.21827458671057665,1,0,0
user_66,69ca35faede0bca4dfb87684,0,0.33029081542471667,0,0.2594179442680508,0.04174199388214439,1,0,0
user_66,69ca35f8ede0bca4dfb8767f,0,0.33817019624332884,0,0.2387627021005231,0.48435047910376783,1,0,0
user_66,69cbd36af28fd95e5bf52ae3,0,0.375046095714784,0,0.3508573926648758,0.5951628415272232,1,0,0
user_66,69cbd343f28fd95e5bf52a57,0,0.277282647707616,0,0.37458071864706677,0.15918400642264174,0,0,1
user_66,69cbd33df28fd95e5bf52a43,0,0.01627934795919659,0,0.2669230108747891,0.7208077205182679,0,1,0
user_66,69ca35fdede0bca4dfb87689,0,0.11944007426836833,0,0.2574423294930279,0.5411914769621362,1,0,0
user_66,69ca35faede0bca4dfb87684,0,0.3602725733622649,0,0.26086069250028604,0.2957448301542236,1,0,0
user_66,69cbd341f28fd95e5bf52a52,0,0.15654348643958454,0,0.6998008005777836,0.8961510333465028,0,1,0
user_66,69cbd34cf28fd95e5bf52a7a,0,0.11603887697284776,0,0.3461540140904185,0.27040991186602614,1,0,0
user_66,69cbd361f28fd95e5bf52ac5,0,0.22110667536907924,0,0.6376092070486536,0.1397396198682357,1,0,0
user_66,69cbd341f28fd95e5bf52a52,0,0.2374705600740814,0,0.4284479718516216,0.5108912700000801,0,1,0
user_66,69cbd363f28fd95e5bf52aca,0,0.06092243408083436,0,0.23018573603582393,0.23182784477744067,0,1,0
user_66,69ca3609ede0bca4dfb8768e,0,0.28738962261103185,0,0.2975807767825705,0.9272511691046448,0,1,0
user_66,69cbd35df28fd95e5bf52ab6,0,0.3790445760813508,0,0.283573039284563,0.3554276795436193,1,0,0
user_66,69cbd330f28fd95e5bf52a1b,0,0.3768481919361432,0,0.2992607066075008,0.05442895926847724,0,0,1
user_66,69cbd36ff28fd95e5bf52af7,0,0.323311159679864,0,0.661710353946247,0.4127261508063593,0,1,0
user_66,69ca35b2ede0bca4dfb87639,0,0.21447549244655362,0,0.4039840231771546,0.9912634949769334,0,0,1
user_66,69ca35dbede0bca4dfb87666,0,0.26134940364334763,0,0.3354176530135019,0.002572187307023688,0,0,1
user_66,69cbd332f28fd95e5bf52a20,0,0.35726005852387577,0,0.29054956650974145,0.7187082315558249,1,0,0
user_66,69cbd35af28fd95e5bf52aac,0,0.047772853095475125,0,0.4477977658085039,0.590852981610303,0,1,0
user_66,69cbd350f28fd95e5bf52a89,0,0.10695618628434858,0,0.8018127603796485,0.35430362541412985,1,0,0
user_67,69cbd36af28fd95e5bf52ae3,0,0.25029731663694027,0,0.5468654660491525,0.9799341254447165,1,0,0
user_67,69ca35f2ede0bca4dfb8767a,0,0.3292987719592301,0,0.8167676150108302,0.5299481697282518,0,0,1
user_67,69cbd345f28fd95e5bf52a61,0,0.011901817545564698,0,0.31743408390943173,0.4377983758375932,0,1,0
user_67,69cbd366f28fd95e5bf52ad4,0,0.04755096517222235,0,0.30438176243342496,0.5277560188406598,1,0,0
user_67,69cbd34bf28fd95e5bf52a75,0,0.04737667065456286,0,0.6227180182107388,0.6174189814119793,0,0,1
user_67,69cbd35df28fd95e5bf52ab6,0,0.12153061397972352,0,0.7403787160671498,0.6604066895434497,1,0,0
user_67,69cbd350f28fd95e5bf52a89,0,0.07146592843416073,0,0.37516786450822626,0.8284238998559983,1,0,0
user_67,69cbd34ef28fd95e5bf52a7f,0,0.12214849600950616,0,0.6303036116937226,0.9080375333225668,0,1,0
user_67,69cbd35af28fd95e5bf52aac,0,0.32835273641838064,0,0.2399491248542356,0.1860781982657449,0,1,0
user_67,69ca35fdede0bca4dfb87689,0,0.3088086691800899,0,0.3547819101541282,0.16652181904012409,1,0,0
user_67,69cbd35cf28fd95e5bf52ab1,0,0.24305190302200963,0,0.4326763172976831,0.6590040588609742,0,0,1
user_67,69cbd361f28fd95e5bf52ac5,0,0.047605767306519026,0,0.44781517344346383,0.07458931615434183,1,0,0
user_67,69ca35faede0bca4dfb87684,0,0.18339726826579775,0,0.6258883295053224,0.5826495501963922,1,0,0
user_67,69ca360fede0bca4dfb87698,0,0.2642498593146379,0,0.2798348244639105,0.9137796848527275,0,0,1
user_67,69cbd35df28fd95e5bf52ab6,0,0.3441949969181132,0,0.6034853333657548,0.1115561224574102,1,0,0
user_67,69cbd344f28fd95e5bf52a5c,0,0.35770561530347467,0,0.8641002286402714,0.013139247889102812,1,0,0
user_67,69cbd347f28fd95e5bf52a66,0,0.3944983555346444,0,0.6334639986840833,0.6013961054700043,0,0,1
user_67,69cbd340f28fd95e5bf52a4d,0,0.2082341500509166,0,0.381649286481643,0.09898522326526571,1,0,0
user_67,69cbd353f28fd95e5bf52a93,0,0.14346283479911195,0,0.5743047095694875,0.6145751492070342,0,0,1
user_67,69cbd333f28fd95e5bf52a25,0,0.2352865109998856,0,0.7439663335143059,0.5021206322874125,0,1,0
user_67,69ca360fede0bca4dfb87698,0,0.35052480626770355,0,0.6044160656572292,0.5600052163042284,0,0,1
user_67,69ca35d7ede0bca4dfb8765c,0,0.10123901107258543,0,0.40493257979097097,0.49254043805532555,1,0,0
user_67,69cbd350f28fd95e5bf52a89,0,0.32718300178791576,0,0.36616916786932596,0.18928090028523137,1,0,0
user_67,69cbd330f28fd95e5bf52a1b,0,0.31385107456088096,0,0.45702347543119826,0.021856821634131496,0,0,1
user_67,69cbd34cf28fd95e5bf52a7a,0,0.23364736175588982,0,0.5774912503905437,0.2035834765039055,1,0,0
user_68,69ca35dbede0bca4dfb87666,0,0.32051968210530213,0,0.925610886778856,0.6326839178999111,0,0,1
user_68,69cbd366f28fd95e5bf52ad4,0,0.257350795791261,0,0.8566881865310346,0.5745867705285759,1,0,0
user_68,69cbd330f28fd95e5bf52a1b,0,0.016008804088314132,0,0.36882804199322516,0.8666425282613957,0,0,1
user_68,69ca35b2ede0bca4dfb87639,0,0.12002746702476826,0,0.761613123387143,0.36308160305572934,0,0,1
user_68,69cbd363f28fd95e5bf52aca,0,0.12546478751416965,0,0.30148993860806345,0.5400250097577541,0,1,0
user_68,69cbd33df28fd95e5bf52a43,0,0.21267489398542294,0,0.6995817759469753,0.7289748238142373,0,1,0
user_68,69ca35d7ede0bca4dfb8765c,0,0.3547660085735001,0,0.33149185229248296,0.8267254266314541,1,0,0
user_68,69ca35caede0bca4dfb87657,0,0.019701897242573096,0,0.4097878010977528,0.8114824701703851,1,0,0
user_68,69cbd33ff28fd95e5bf52a48,0,0.119842217464136,0,0.6655974703618778,0.050153853300106466,0,0,1
user_68,69cbd344f28fd95e5bf52a5c,0,0.1330459577395433,0,0.36033891815804436,0.9169645413074792,1,0,0
user_68,69cbd359f28fd95e5bf52aa7,0,0.09560679099524441,0,0.6560192096171701,0.910962530475196,1,0,0
user_68,69cbd33af28fd95e5bf52a39,0,0.07036786067833374,0,0.3732805758960411,0.2611379382019505,0,0,1
user_68,69cbd35ef28fd95e5bf52abb,0,0.18305072743017173,0,0.6502480110426446,0.41755620779714486,0,1,0
user_68,69ca3609ede0bca4dfb8768e,0,0.14872239467519863,0,0.32712768262834174,0.03531800946053032,0,1,0
user_68,69ca35d7ede0bca4dfb8765c,0,0.3336285492746015,0,0.7135226338432346,0.432630600145006,1,0,0
user_68,69ca35d7ede0bca4dfb8765c,0,0.26292597102070625,0,0.2918706045106741,0.27874113804136647,1,0,0
user_68,69cbd34ff28fd95e5bf52a84,0,0.30982784737398783,0,0.4331382371553305,0.2237121407909468,0,0,1
user_68,69ca35f8ede0bca4dfb8767f,0,0.1697139044261875,0,0.3676931618576812,0.6351650247749849,1,0,0
user_68,69ca3611ede0bca4dfb8769d,0,0.08959116009810267,0,0.37698875145586547,0.5247218745472289,0,1,0
user_68,69ca35edede0bca4dfb87675,0,0.3038717052573221,0,0.46484582057279433,0.23363405782768032,0,1,0
user_68,69cbd33af28fd95e5bf52a39,0,0.008118080969689868,0,0.9411209373790812,0.31546501811181793,0,0,1
user_68,69ca35caede0bca4dfb87657,0,0.1530301801202758,0,0.7076763434928093,0.7101360474226623,1,0,0
user_68,69ca35faede0bca4dfb87684,0,0.1670426861877261,0,0.8077044945571952,0.3360880759591478,1,0,0
user_68,69cbd368f28fd95e5bf52ade,0,0.12104014250701667,0,0.5613090105717592,0.9148741696661851,0,0,1
user_68,69cbd359f28fd95e5bf52aa7,0,0.382915590765192,0,0.28755657018364106,0.6377570150490472,1,0,0
user_69,69cbd347f28fd95e5bf52a66,0,0.21596673072985864,0,0.44219116905095834,0.007616287119212917,0,0,1
user_69,69cbd36df28fd95e5bf52aed,0,0.32710415576310076,0,0.4787469493339838,0.8711779661465229,0,0,1
user_69,69ca35fdede0bca4dfb87689,0,0.3688679043229569,0,0.9319715621646165,0.7585140641457979,1,0,0
user_69,69cbd34bf28fd95e5bf52a75,0,0.01146343227520088,0,0.9802776921921338,0.5515856189633055,0,0,1
user_69,69cbd341f28fd95e5bf52a52,0,0.36630102692265637,0,0.8154167973461545,0.7042488454962221,0,1,0
user_69,69cbd34ff28fd95e5bf52a84,0,0.011831912687573621,0,0.3841442401519923,0.8840386247937158,0,0,1
user_69,69cbd357f28fd95e5bf52aa2,0,0.29463506775397236,0,0.7483378399253007,0.6093088497139043,0,0,1
user_69,69cbd349f28fd95e5bf52a70,0,0.24547317495623508,0,0.38605093105884836,0.9330640945837863,0,1,0
user_69,69cbd360f28fd95e5bf52ac0,0,0.028306223403360687,0,0.6541320427288506,0.5028391871732227,0,0,1
user_69,69cbd35ef28fd95e5bf52abb,0,0.34105032093238824,0,0.3377856609493329,0.7095464297902534,0,1,0
user_69,69cbd336f28fd95e5bf52a2f,0,0.01818724683894937,0,0.6028263720418862,0.1821665099009544,1,0,0
user_69,69ca35c5ede0bca4dfb8764d,0,0.15741577184993594,0,0.4643566037804078,0.6309150134220434,0,0,1
user_69,69cbd33ff28fd95e5bf52a48,0,0.22908700948236974,0,0.8013827690875793,0.02180739672451182,0,0,1
user_69,69cbd368f28fd95e5bf52ade,0,0.049933033823840046,0,0.5386489750319959,0.7133967651303774,0,0,1
user_69,69ca35c3ede0bca4dfb87648,0,0.12956676459524682,0,0.32783353227407014,0.187806231630971,0,1,0
user_69,69ca35caede0bca4dfb87657,0,0.01609474869405787,0,0.49997080427813545,0.08747562996296443,1,0,0
user_69,69cbd356f28fd95e5bf52a9d,0,0.04939267011447726,0,0.22272734018289408,0.7538966119859749,0,1,0
user_69,69cbd340f28fd95e5bf52a4d,0,0.24440767761110405,0,0.5496491895648234,0.7649309915417397,1,0,0
user_69,69cbd354f28fd95e5bf52a98,0,0.19040773375576805,0,0.5949367000294905,0.8008254630108911,1,0,0
user_69,69ca358aede0bca4dfb87625,0,0.33557919966611083,0,0.7397967522805986,0.8485158969909039,0,0,1
user_69,69ca35d7ede0bca4dfb8765c,0,0.12466116126065048,0,0.557593496490683,0.5968824281442917,1,0,0
user_69,69cbd367f28fd95e5bf52ad9,0,0.13635628260139657,0,0.7354104086946904,0.5823067358964831,0,1,0
user_69,69cbd33cf28fd95e5bf52a3e,0,0.2756633596746599,0,0.5103745266429246,0.8117257432561722,1,0,0
user_69,69ca35caede0bca4dfb87657,0,0.08404905403604844,0,0.4686248344185556,0.7179868203108264,1,0,0
user_69,69cbd363f28fd95e5bf52aca,0,0.18905724488768139,0,0.5351664096544307,0.5205473404970236,0,1,0
user_70,69cbd33ff28fd95e5bf52a48,0,0.16612210733606123,0,0.9173625758413205,0.686479782551632,0,0,1
user_70,69cbd332f28fd95e5bf52a20,0,0.35115028806349297,0,0.22910164774999947,0.19526078014392678,1,0,0
user_70,69ca35fdede0bca4dfb87689,0,0.28473904861157456,0,0.5897335102073686,0.317181669565874,1,0,0
user_70,69cbd35ef28fd95e5bf52abb,0,0.035214986869934344,0,0.8761815793999838,0.12228680971215788,0,1,0
user_70,69cbd338f28fd95e5bf52a34,0,0.10036816916247329,0,0.6956607789806644,0.8894557505511338,0,1,0
user_70,69cbd364f28fd95e5bf52acf,0,0.36602013503265707,0,0.3797677474118285,0.4179114260027017,0,0,1
user_70,69ca35c1ede0bca4dfb87643,0,0.07107787598478703,0,0.29731019055167895,0.2892791846058944,1,0,0
user_70,69cbd361f28fd95e5bf52ac5,0,0.32048858680363346,0,0.27752294219734275,0.09289515744600174,1,0,0
user_70,69ca35b4ede0bca4dfb8763e,0,0.2982654115851234,0,0.32594295270900064,0.12908460450541526,1,0,0
user_70,69cbd35df28fd95e5bf52ab6,0,0.1991227865183202,0,0.29609124176576074,0.45517334409645005,1,0,0
user_70,69ca35caede0bca4dfb87657,0,0.03362479138048809,0,0.29422168664370235,0.02023051457108571,1,0,0
user_70,69ca35f8ede0bca4dfb8767f,0,0.12867517971128645,0,0.9514006593936063,0.10462668577492584,1,0,0
user_70,69cbd36ff28fd95e5bf52af7,0,0.2511916671874171,0,0.633969822705023,0.7155912351551337,0,1,0
user_70,69cbd36bf28fd95e5bf52ae8,0,0.2954555574257244,0,0.5170034627180263,0.3467280306255933,0,1,0
user_70,69ca358dede0bca4dfb8762a,0,0.37335062866186314,0,0.3050094050499567,0.2999887949119977,1,0,0
user_70,69cbd360f28fd95e5bf52ac0,0,0.007679369991768415,0,0.269797909543947,0.5386516251313274,0,0,1
user_70,69cbd336f28fd95e5bf52a2f,0,0.3582386872275152,0,0.6591516521684238,0.6888914184049126,1,0,0
user_70,69ca35c3ede0bca4dfb87648,0,0.05430662352022369,0,0.6627289342801163,0.31428637669930093,0,1,0
user_70,69cbd350f28fd95e5bf52a89,0,0.034595099686548725,0,0.5207835309455712,0.7901430953988231,1,0,0
user_70,69cbd352f28fd95e5bf52a8e,0,0.003987436589294635,0,0.7277693353133342,0.8627433677636662,0,1,0
user_70,69ca35dbede0bca4dfb87666,0,0.15116476510666638,0,0.3497685271369567,0.11582193702065502,0,0,1
user_70,69ca358dede0bca4dfb8762a,0,0.15851667713350698,0,0.2971388709544428,0.6827731143397857,1,0,0
user_70,69cbd33ff28fd95e5bf52a48,0,0.10023151853659434,0,0.3133896550990021,0.7628617596274527,0,0,1
user_70,69cbd33cf28fd95e5bf52a3e,0,0.3980978390714747,0,0.655410522438061,0.13489861509374057,1,0,0
user_70,69cbd34bf28fd95e5bf52a75,0,0.24138642216358264,0,0.7511584110154392,0.4514021605400569,0,0,1
user_71,69ca359bede0bca4dfb87634,0,0.08841958718079655,0,0.871565134036825,0.9541089357971988,0,1,0
user_71,69cbd36bf28fd95e5bf52ae8,0,0.3763342539083073,0,0.6365605068326277,0.18894500084001353,0,1,0
user_71,69ca360fede0bca4dfb87698,0,0.37261883067195883,0,0.21840861733324735,0.5008507461293095,0,0,1
user_71,69cbd332f28fd95e5bf52a20,0,0.14477010124775483,0,0.9036738408912466,0.05611088971075917,1,0,0
user_71,69ca35d7ede0bca4dfb8765c,0,0.194290183515347,0,0.813229346191363,0.06299940409183669,1,0,0
user_71,69cbd359f28fd95e5bf52aa7,0,0.36574344821576876,0,0.8181461260742051,0.9559543429868003,1,0,0
user_71,69cbd33ff28fd95e5bf52a48,0,0.014862107837703765,0,0.4397074641986978,0.2913800234317345,0,0,1
user_71,69cbd35af28fd95e5bf52aac,0,0.03737983627673804,0,0.7854930414946376,0.09879376299023379,0,1,0
user_71,69ca35c1ede0bca4dfb87643,5,0.8853549406144707,1,0.6783718624233478,0.7491077638628005,1,0,0
user_71,69cbd340f28fd95e5bf52a4d,0,0.07630685196663825,0,0.8450228733661722,0.10858788672947428,1,0,0
user_71,69cbfdae8c848404b2392589,0,0.13397549015035679,0,0.9998267219387031,0.08978894505282264,0,1,0
user_71,69ca35d7ede0bca4dfb8765c,0,0.2892841657296071,0,0.7234863627969038,0.9895523123789325,1,0,0
user_71,69cbd360f28fd95e5bf52ac0,0,0.3963629690710227,0,0.31178130749457456,0.46338183532527766,0,0,1
user_71,69cbd368f28fd95e5bf52ade,0,0.32990992680722153,0,0.39302830090760404,0.35612083385683113,0,0,1
user_71,69cbd340f28fd95e5bf52a4d,0,0.07764579691886171,0,0.2809869947750658,0.38573700198830774,1,0,0
user_71,69ca35faede0bca4dfb87684,0,0.003934369189506271,0,0.23283013169509464,0.07911144395001934,1,0,0
user_71,69ca35c1ede0bca4dfb87643,5,0.7457574691352908,1,0.3779934172346253,0.5743036372243551,1,0,0
user_71,69cbd330f28fd95e5bf52a1b,0,0.2654080385815175,0,0.9425861569670826,0.6979458418908739,0,0,1
user_71,69cbd360f28fd95e5bf52ac0,0,0.03943163218358406,0,0.42380951001326644,0.31486282101757834,0,0,1
user_71,69cbd350f28fd95e5bf52a89,0,0.3335522375390543,0,0.8694962246992128,0.6479486710807614,1,0,0
user_71,69cbd363f28fd95e5bf52aca,0,0.11624049856445069,0,0.5593250728187216,0.774326792423746,0,1,0
user_71,69cbd336f28fd95e5bf52a2f,0,0.37722633161163366,0,0.8805089974685135,0.11146199367187748,1,0,0
user_71,69cbd335f28fd95e5bf52a2a,0,0.3228993773631542,0,0.5350506017191833,0.05276378021269745,0,0,1
user_71,69ca35faede0bca4dfb87684,0,0.315988119045852,0,0.37486453458512836,0.4779741853179411,1,0,0
user_71,69cbd36df28fd95e5bf52aed,0,0.1272692879673339,0,0.2995292408631044,0.10162276211899046,0,0,1
user_72,69ca358aede0bca4dfb87625,0,0.12302506550022728,0,0.28597477117928694,0.37492176938415267,0,0,1
user_72,69cbd35af28fd95e5bf52aac,0,0.20222436801616583,0,0.8051404212517262,0.09420403716163395,0,1,0
user_72,69cbd36df28fd95e5bf52aed,0,0.22293001199103202,0,0.6460033560110594,0.5665429043895689,0,0,1
user_72,69cbd35df28fd95e5bf52ab6,0,0.016502942744792026,0,0.9304213447568828,0.9230213066417905,1,0,0
user_72,69cbd361f28fd95e5bf52ac5,0,0.07746604337414098,0,0.6428385982154595,0.7692875549594955,1,0,0
user_72,69cbd336f28fd95e5bf52a2f,0,0.3734817958195531,0,0.4883958664959528,0.029256418007969964,1,0,0
user_72,69cbd349f28fd95e5bf52a70,0,0.3201067450738772,0,0.5985527013247781,0.6008195879229381,0,1,0
user_72,69cbd36ff28fd95e5bf52af7,0,0.3487404344721823,0,0.2705458324967386,0.7932667497868555,0,1,0
user_72,69cbd332f28fd95e5bf52a20,0,0.09814095544052535,0,0.5562375841994662,0.435829304521165,1,0,0
user_72,69cbd349f28fd95e5bf52a70,0,0.391364340500421,0,0.48375393779328,0.2286483906934733,0,1,0
user_72,69cbd36ef28fd95e5bf52af2,0,0.3248208025939987,0,0.30990471100432226,0.22511794635726678,1,0,0
user_72,69cbd345f28fd95e5bf52a61,0,0.1266635241651616,0,0.4685070850399027,0.21545602012154608,0,1,0
user_72,69cbd345f28fd95e5bf52a61,0,0.11502917736071137,0,0.48650510688977866,0.023061541660990947,0,1,0
user_72,69cbd336f28fd95e5bf52a2f,0,0.1345508169649092,0,0.8527328282355995,0.720167035590713,1,0,0
user_72,69cbd368f28fd95e5bf52ade,0,0.003831417046789909,0,0.6342755172008346,0.32551993192286655,0,0,1
user_72,69cbd332f28fd95e5bf52a20,0,0.30817457857663344,0,0.23216559313043186,0.7287822427835087,1,0,0
user_72,69cbd36af28fd95e5bf52ae3,0,0.08688398185820789,0,0.23236452652472284,0.3956959992883706,1,0,0
user_72,69cbd36df28fd95e5bf52aed,0,0.29032358308886064,0,0.39817272182777075,0.8420870264055651,0,0,1
user_72,69cbd330f28fd95e5bf52a1b,0,0.250856515931328,0,0.4361014292928018,0.13759637327588048,0,0,1
user_72,69cbd35cf28fd95e5bf52ab1,0,0.13496727896746458,0,0.7711893225354061,0.8646431714361116,0,0,1
user_72,69cbd34ef28fd95e5bf52a7f,0,0.31267524940951125,0,0.6002091308514166,0.8823512182802813,0,1,0
user_72,69cbd34ff28fd95e5bf52a84,0,0.05406534694006746,0,0.9708493793944467,0.43138793487975224,0,0,1
user_72,69cbd333f28fd95e5bf52a25,0,0.2550312051340827,0,0.30856526904719395,0.9879762662972293,0,1,0
user_72,69cbd36df28fd95e5bf52aed,0,0.24108663852155632,0,0.7691007062645765,0.7349473302055571,0,0,1
user_72,69cbd368f28fd95e5bf52ade,0,0.18347464204490668,0,0.31699629063648527,0.22348904024939942,0,0,1
user_73,69cbd367f28fd95e5bf52ad9,0,0.2728864167184929,0,0.3267647716263368,0.08005523717622798,0,1,0
user_73,69cbfdae8c848404b2392589,0,0.10645970735085593,0,0.579462551309966,0.7035168013244868,0,1,0
user_73,69cbd344f28fd95e5bf52a5c,0,0.2899171018534001,0,0.48182938614028425,0.6114677621419342,1,0,0
user_73,69cbd359f28fd95e5bf52aa7,0,0.14924158878822863,0,0.523276241067607,0.06775953114217237,1,0,0
user_73,69cbd335f28fd95e5bf52a2a,0,0.31121095697947976,0,0.5157242551438121,0.35719239080865584,0,0,1
user_73,69ca35d7ede0bca4dfb8765c,0,0.10939614296349723,0,0.9581573933220464,0.3815568837784076,1,0,0
user_73,69cbd33ff28fd95e5bf52a48,0,0.2936236996407212,0,0.4330715016194764,0.012757444724852407,0,0,1
user_73,69cbd335f28fd95e5bf52a2a,0,0.37636199124678305,0,0.41186637846513796,0.002712057884357355,0,0,1
user_73,69ca358aede0bca4dfb87625,0,0.2195189047458202,0,0.40674731827979266,0.0495835642278164,0,0,1
user_73,69cbd36bf28fd95e5bf52ae8,0,0.3214304062704778,0,0.8905271749894041,0.48609185638880725,0,1,0
user_73,69ca35faede0bca4dfb87684,0,0.16624300047199006,0,0.6800571072232529,0.7950385668299789,1,0,0
user_73,69cbd348f28fd95e5bf52a6b,0,0.3750179060154046,0,0.2556367518713225,0.5117525542024031,1,0,0
user_73,69cbd354f28fd95e5bf52a98,0,0.33254090955404564,0,0.717844220956131,0.49366433806838717,1,0,0
user_73,69cbd33df28fd95e5bf52a43,0,0.01054161148443571,0,0.2546370388595841,0.5534859190540309,0,1,0
user_73,69ca3609ede0bca4dfb8768e,0,0.011388040110848508,0,0.2884073689575805,0.4096794879578347,0,1,0
user_73,69cbd36ef28fd95e5bf52af2,0,0.07162865852115319,0,0.9197030117622308,0.95049081156551,1,0,0
user_73,69cbd341f28fd95e5bf52a52,0,0.3242385131771139,0,0.6983746569571979,0.1630134421952214,0,1,0
user_73,69cbd367f28fd95e5bf52ad9,0,0.13115961811030827,0,0.7126379361444102,0.21379320187712048,0,1,0
user_73,69cbd34cf28fd95e5bf52a7a,0,0.36099036014671393,0,0.22723302634800516,0.2165204467968287,1,0,0
user_73,69cbd338f28fd95e5bf52a34,0,0.17320209796787875,0,0.67316465292747,0.7359858245655462,0,1,0
user_73,69cbd35cf28fd95e5bf52ab1,0,0.14132974485323135,0,0.9110491104199956,0.1982175592808766,0,0,1
user_73,69cbd343f28fd95e5bf52a57,0,0.17859325344834398,0,0.9607194998630397,0.14823762377888472,0,0,1
user_73,69cbd367f28fd95e5bf52ad9,0,0.06954711286862984,0,0.5482343501419548,0.28901243279297506,0,1,0
user_73,69ca3611ede0bca4dfb8769d,0,0.324038699688992,0,0.4371041323614974,0.850307538863244,0,1,0
user_73,69ca35b2ede0bca4dfb87639,0,0.3862294487825179,0,0.5365846065291205,0.8158254923196091,0,0,1
user_74,69cbd340f28fd95e5bf52a4d,0,0.21594522948204908,0,0.9307713111156717,0.24276456231372578,1,0,0
user_74,69ca358dede0bca4dfb8762a,0,0.3710813161885808,0,0.2745713481681042,0.9728071407303613,1,0,0
user_74,69ca35e0ede0bca4dfb87670,0,0.06599669420781354,0,0.2486317417216353,0.5054052233627706,1,0,0
user_74,69ca360fede0bca4dfb87698,0,0.13978592381763208,0,0.6637765334476542,0.08376670266086039,0,0,1
user_74,69cbd366f28fd95e5bf52ad4,0,0.19117823318951122,0,0.31904070101799686,0.15008734268327206,1,0,0
user_74,69cbd338f28fd95e5bf52a34,0,0.16802399503132603,0,0.40285152059270685,0.3294035981295145,0,1,0
user_74,69ca35deede0bca4dfb8766b,0,0.23171518789588533,0,0.875531520407943,0.7191212448714805,0,1,0
user_74,69ca3611ede0bca4dfb8769d,0,0.37837511203871427,0,0.38538082542543256,0.19807080841309466,0,1,0
user_74,69cbd345f28fd95e5bf52a61,0,0.2820629676513661,0,0.9178870130109056,0.5278500606757335,0,1,0
user_74,69cbd35ef28fd95e5bf52abb,0,0.3012746577872646,0,0.4143233953688793,0.12181464460820024,0,1,0
user_74,69cbd332f28fd95e5bf52a20,0,0.03504435524057179,0,0.7634271358701529,0.4909240338791807,1,0,0
user_74,69ca3609ede0bca4dfb8768e,0,0.08699667037792498,0,0.8708972592353793,0.6490704447579514,0,1,0
user_74,69ca358aede0bca4dfb87625,0,0.04944255820002228,0,0.44502738914871437,0.670470380572479,0,0,1
user_74,69cbd353f28fd95e5bf52a93,0,0.2600454546243009,0,0.547982053036586,0.5687059554847285,0,0,1
user_74,69ca35c5ede0bca4dfb8764d,0,0.15292624918747935,0,0.38460671112657024,0.6470374294932961,0,0,1
user_74,69cbd33af28fd95e5bf52a39,0,0.028266271278184353,0,0.29148745157304756,0.137046216120716,0,0,1
user_74,69ca3611ede0bca4dfb8769d,0,0.09292378053013693,0,0.23707642929632494,0.18649089116649398,0,1,0
user_74,69cbd36df28fd95e5bf52aed,0,0.3761794329500333,0,0.4593146172188574,0.8977225517851823,0,0,1
user_74,69ca35c7ede0bca4dfb87652,0,0.3781585553167231,0,0.5840884877400236,0.166357816156965,0,1,0
user_74,69cbd35af28fd95e5bf52aac,0,0.04329798931213578,0,0.485903500921777,0.4053434154055233,0,1,0
user_74,69cbd345f28fd95e5bf52a61,0,0.29038864894023775,0,0.5139563693287303,0.2889309669489757,0,1,0
user_74,69cbd36bf28fd95e5bf52ae8,0,0.02302678134008911,0,0.5438584444474188,0.27589728556002857,0,1,0
user_74,69cbd33ff28fd95e5bf52a48,0,0.0464787791643146,0,0.30669418492334477,0.8876235756016249,0,0,1
user_74,69cbd36df28fd95e5bf52aed,0,0.17270581103600505,0,0.30714168720490154,0.5098042676252001,0,0,1
user_74,69cbd341f28fd95e5bf52a52,0,0.12906224026698174,0,0.4346118217652154,0.022456153090559372,0,1,0
user_75,69ca358aede0bca4dfb87625,0,0.1980710464725374,0,0.402829503287179,0.9717588505201242,0,0,1
user_75,69cbd33df28fd95e5bf52a43,0,0.38399217221441256,0,0.9335873295518297,0.3041367174405001,0,1,0
user_75,69cbd333f28fd95e5bf52a25,0,0.27815808727657076,0,0.748033672557324,0.6465211099891996,0,1,0
user_75,69cbd36bf28fd95e5bf52ae8,0,0.07208845764005255,0,0.5871625275508869,0.10482495111978518,0,1,0
user_75,69ca35b4ede0bca4dfb8763e,0,0.16833878537067692,0,0.6248276588909786,0.531727156548764,1,0,0
user_75,69cbd35df28fd95e5bf52ab6,0,0.39967561483073955,0,0.8938582308783575,0.3578052180679452,1,0,0
user_75,69cbd352f28fd95e5bf52a8e,0,0.0800089322108569,0,0.5101038103210063,0.08692225273358445,0,1,0
user_75,69ca360fede0bca4dfb87698,0,0.35415190134402796,0,0.8302145697092622,0.024656293014757802,0,0,1
user_75,69ca35c5ede0bca4dfb8764d,0,0.17564839125888343,0,0.357028524931934,0.052531819079667086,0,0,1
user_75,69ca35caede0bca4dfb87657,0,0.2601583888896391,0,0.5642787728491078,0.5973028398001032,1,0,0
user_75,69cbd348f28fd95e5bf52a6b,0,0.3229113299208061,0,0.7325046587575146,0.16329644092226303,1,0,0
user_75,69cbd345f28fd95e5bf52a61,0,0.22136994704462032,0,0.6603582197675062,0.5629817660658001,0,1,0
user_75,69cbd359f28fd95e5bf52aa7,0,0.11590362770302348,0,0.2961370896898393,0.14425344986249478,1,0,0
user_75,69cbd33af28fd95e5bf52a39,0,0.21222913595955337,0,0.5354022962249957,0.8542632137393511,0,0,1
user_75,69cbd360f28fd95e5bf52ac0,0,0.16379376395271122,0,0.44041998782147784,0.5979081958955408,0,0,1
user_75,69cbd348f28fd95e5bf52a6b,0,0.23032013988577857,0,0.5213867654908629,0.5527475414451237,1,0,0
user_75,69cbd35df28fd95e5bf52ab6,0,0.35752284689973335,0,0.3657601247563662,0.580950837213269,1,0,0
user_75,69ca35b4ede0bca4dfb8763e,0,0.1963783245830568,0,0.39299124573834127,0.3352045654475104,1,0,0
user_75,69cbd335f28fd95e5bf52a2a,0,0.24734731277514152,0,0.25278750680688633,0.25534549158804887,0,0,1
user_75,69cbd347f28fd95e5bf52a66,0,0.13982576327277105,0,0.9881067453667656,0.6967476507971333,0,0,1
user_75,69ca359bede0bca4dfb87634,0,0.0646035520545011,0,0.42275566637299766,0.7716192470755838,0,1,0
user_75,69cbd36af28fd95e5bf52ae3,0,0.33968903332873607,0,0.5109516540760727,0.9127107111169852,1,0,0
user_75,69cbd356f28fd95e5bf52a9d,0,0.09846834622631224,0,0.5549735232031167,0.8949250580811086,0,1,0
user_75,69cbfdae8c848404b2392589,0,0.33512616270702317,0,0.7508427801370958,0.525916039696229,0,1,0
user_75,69cbd36df28fd95e5bf52aed,0,0.2672915931023523,0,0.3729347717938879,0.22004904942361847,0,0,1
user_76,69cbd33ff28fd95e5bf52a48,0,0.2004423832649554,0,0.4224871615204651,0.3753074924511939,0,0,1
user_76,69cbd359f28fd95e5bf52aa7,0,0.26003176936296707,0,0.5269084732728538,0.8544159039429213,1,0,0
user_76,69cbd345f28fd95e5bf52a61,0,0.014321465540153878,0,0.5602861365397628,0.2488775658307365,0,1,0
user_76,69ca35c7ede0bca4dfb87652,0,0.2850738165248772,0,0.40598363053664943,0.7052990891899367,0,1,0
user_76,69cbd35ef28fd95e5bf52abb,0,0.22741614530582865,0,0.47183383609839474,0.3548313042289075,0,1,0
user_76,69cbd350f28fd95e5bf52a89,0,0.1121024035362245,0,0.8153648078632797,0.005729961787947602,1,0,0
user_76,69ca35edede0bca4dfb87675,0,0.25396391657563794,0,0.2896314342103983,0.28660704470521714,0,1,0
user_76,69cbd350f28fd95e5bf52a89,0,0.3584560960795141,0,0.4654727786500783,0.28954599066038544,1,0,0
user_76,69ca358dede0bca4dfb8762a,0,0.07312280830142025,0,0.649823334044013,0.6403190841038644,1,0,0
user_76,69ca359bede0bca4dfb87634,0,0.17455690317905362,0,0.23417534034022308,0.588716987779595,0,1,0
user_76,69cbd35df28fd95e5bf52ab6,0,0.2956482548103348,0,0.7127688520763935,0.16360970424045407,1,0,0
user_76,69cbd361f28fd95e5bf52ac5,0,0.0032107446419868957,0,0.25095898792995236,0.7955478651814192,1,0,0
user_76,69cbd36df28fd95e5bf52aed,0,0.0064086792805838405,0,0.6479505037521989,0.11147383630558605,0,0,1
user_76,69cbd357f28fd95e5bf52aa2,0,0.09051144268656462,0,0.6463150098433481,0.6633623655063272,0,0,1
user_76,69cbd359f28fd95e5bf52aa7,0,0.06399288291009642,0,0.2372842293358273,0.7909182374437673,1,0,0
user_76,69cbd360f28fd95e5bf52ac0,0,0.27776632220794667,0,0.39340521388532035,0.06261232262252614,0,0,1
user_76,69ca35b2ede0bca4dfb87639,5,0.8830453403336171,1,0.7917484105579485,0.023932187253785653,0,0,1
user_76,69ca35f8ede0bca4dfb8767f,0,0.3782731738015926,0,0.37425785111752763,0.6369664606216998,1,0,0
user_76,69cbd34ff28fd95e5bf52a84,0,0.020033198201651104,0,0.7210595998899613,0.8092795561929897,0,0,1
user_76,69ca35f2ede0bca4dfb8767a,0,0.34503636830343426,0,0.21724101838927512,0.9001424036403942,0,0,1
user_76,69cbd34cf28fd95e5bf52a7a,0,0.23763175256704905,0,0.9329703045948479,0.382060879057327,1,0,0
user_76,69ca35dbede0bca4dfb87666,0,0.1940984624709115,0,0.3857823898233344,0.1904547002758834,0,0,1
user_76,69cbd33df28fd95e5bf52a43,0,0.17013034308742717,0,0.2361843882160929,0.935790473271596,0,1,0
user_76,69cbd348f28fd95e5bf52a6b,0,0.11686185300986862,0,0.5195740951559598,0.8088341845256619,1,0,0
user_76,69ca359bede0bca4dfb87634,0,0.31332439333594186,0,0.9410626771359717,0.42798741862552103,0,1,0
user_77,69cbd332f28fd95e5bf52a20,0,0.17787011731168587,0,0.40146850130134903,0.11681651879470589,1,0,0
user_77,69cbd363f28fd95e5bf52aca,0,0.3461128691265076,0,0.23099912658547617,0.424030215878205,0,1,0
user_77,69cbd347f28fd95e5bf52a66,0,0.13814644149603678,0,0.8690608392317174,0.6227794663826547,0,0,1
user_77,69ca35f8ede0bca4dfb8767f,0,0.3982493087831256,0,0.3926094308470054,0.8812883296787872,1,0,0
user_77,69cbd335f28fd95e5bf52a2a,0,0.1805016171060105,0,0.6172805160974837,0.15280711877492203,0,0,1
user_77,69cbd352f28fd95e5bf52a8e,0,0.38230035778936067,0,0.26341806922814714,0.8090654491829452,0,1,0
user_77,69cbd347f28fd95e5bf52a66,0,0.20411271717895751,0,0.2197413200460801,0.2816087261670046,0,0,1
user_77,69cbd344f28fd95e5bf52a5c,0,0.07282060596480937,0,0.5298758437984131,0.15721111700069557,1,0,0
user_77,69ca360dede0bca4dfb87693,0,0.02476737828281399,0,0.2771667657522857,0.9912034458930432,1,0,0
user_77,69cbd341f28fd95e5bf52a52,5,0.915583629318278,1,0.9757635261167439,0.03279956966801634,0,1,0
user_77,69ca360fede0bca4dfb87698,0,0.017970630395170505,0,0.7691669638066212,0.9517262967126476,0,0,1
user_77,69cbfdae8c848404b2392589,0,0.189694486372969,0,0.7373592191709144,0.6030766748416969,0,1,0
user_77,69cbd33af28fd95e5bf52a39,0,0.3645720774838365,0,0.8451809957580971,0.6425429986912485,0,0,1
user_77,69cbd353f28fd95e5bf52a93,0,0.38368940096676357,0,0.3343694600827783,0.9245850664828632,0,0,1
user_77,69ca35deede0bca4dfb8766b,0,0.051600052969348734,0,0.3953938618515548,0.010690179593519478,0,1,0
user_77,69cbd332f28fd95e5bf52a20,0,0.11363306262131197,0,0.8399608994830283,0.3843455574694743,1,0,0
user_77,69ca35c1ede0bca4dfb87643,0,0.11483647696286994,0,0.8091229960442499,0.6387126193200667,1,0,0
user_77,69cbd361f28fd95e5bf52ac5,0,0.1974764219646807,0,0.8941467855761542,0.47479630515020643,1,0,0
user_77,69cbd34cf28fd95e5bf52a7a,0,0.00613774563097751,0,0.4855117315695554,0.0777056702403327,1,0,0
user_77,69ca35caede0bca4dfb87657,0,0.38533442836819937,0,0.46572205803785294,0.9670929554032253,1,0,0
user_77,69cbd35ef28fd95e5bf52abb,0,0.10339298598056637,0,0.46258831339653556,0.5107888284535049,0,1,0
user_77,69ca358aede0bca4dfb87625,0,0.050921348886281415,0,0.718013848536031,0.2447133255993552,0,0,1
user_77,69cbd344f28fd95e5bf52a5c,0,0.29790601365447594,0,0.270533096047042,0.30093385752413515,1,0,0
user_77,69cbd35df28fd95e5bf52ab6,0,0.27280498461249325,0,0.5977808262294197,0.9676562607023871,1,0,0
user_77,69cbd35ef28fd95e5bf52abb,0,0.19681251780545317,0,0.8817606714777777,0.8663344033079374,0,1,0
user_78,69cbd35ef28fd95e5bf52abb,0,0.24694563718827942,0,0.907579501217401,0.09138817773068975,0,1,0
user_78,69cbd34ff28fd95e5bf52a84,0,0.28157374632814636,0,0.5585024061107913,0.11028954800695034,0,0,1
user_78,69ca35c7ede0bca4dfb87652,0,0.21062245681501812,0,0.4378331168375308,0.443353473611255,0,1,0
user_78,69ca35caede0bca4dfb87657,0,0.24715779872445698,0,0.9670037625737182,0.7109892581214614,1,0,0
user_78,69cbd335f28fd95e5bf52a2a,0,0.32155209935081813,0,0.2541120030823917,0.007236145392678139,0,0,1
user_78,69cbd33af28fd95e5bf52a39,0,0.10980548874706156,0,0.7223384394702155,0.21948209799089202,0,0,1
user_78,69ca35edede0bca4dfb87675,0,0.11482287147485543,0,0.5763336824281687,0.9011473602143416,0,1,0
user_78,69ca35faede0bca4dfb87684,0,0.010901482491020076,0,0.24037559415635476,0.13548943837532823,1,0,0
user_78,69cbd35af28fd95e5bf52aac,0,0.2351911965301075,0,0.33874461318604604,0.7608090491865898,0,1,0
user_78,69cbd330f28fd95e5bf52a1b,0,0.007993317432041814,0,0.5801772435601978,0.983453350275191,0,0,1
user_78,69ca360fede0bca4dfb87698,0,0.1196946016121525,0,0.7389187635429361,0.9070384013206674,0,0,1
user_78,69cbd359f28fd95e5bf52aa7,0,0.2027206921005701,0,0.7384538922585773,0.5606471580844741,1,0,0
user_78,69cbd36bf28fd95e5bf52ae8,0,0.17173417747877312,0,0.8192481485959292,0.7560895147236879,0,1,0
user_78,69cbd361f28fd95e5bf52ac5,0,0.04629320038729939,0,0.9840167624539177,0.29520014888250445,1,0,0
user_78,69ca360fede0bca4dfb87698,0,0.3389037630622361,0,0.4604840414131399,0.30792082438007484,0,0,1
user_78,69cbd368f28fd95e5bf52ade,0,0.3198152778735625,0,0.5824135525887184,0.31218789271737646,0,0,1
user_78,69ca35b2ede0bca4dfb87639,0,0.3226565167775146,0,0.5699384116435057,0.37172887294608725,0,0,1
user_78,69ca358dede0bca4dfb8762a,0,0.03546282033171222,0,0.7623951019530303,0.9986250122079583,1,0,0
user_78,69cbd367f28fd95e5bf52ad9,0,0.11461585481649578,0,0.8420999897755796,0.47614826827800805,0,1,0
user_78,69ca358dede0bca4dfb8762a,0,0.33585811544507965,0,0.21941746928216257,0.7274860817309516,1,0,0
user_78,69ca35caede0bca4dfb87657,0,0.05085388885901674,0,0.5767972074891272,0.9618297280426422,1,0,0
user_78,69cbd36bf28fd95e5bf52ae8,0,0.2773902442972002,0,0.6174181426770562,0.8851721301327335,0,1,0
user_78,69cbd366f28fd95e5bf52ad4,0,0.25859743145735303,0,0.5074678864928563,0.812858226376008,1,0,0
user_78,69cbd352f28fd95e5bf52a8e,0,0.3878923774985529,0,0.4055431445450348,0.14764491265361657,0,1,0
user_78,69cbd35df28fd95e5bf52ab6,0,0.0766210427791549,0,0.6776963417064665,0.2103443464396153,1,0,0
user_79,69cbd36ef28fd95e5bf52af2,0,0.21695707772567321,0,0.2889195926001052,0.9556741646563427,1,0,0
user_79,69cbd34cf28fd95e5bf52a7a,0,0.2982982268706669,0,0.8028689446801158,0.03983289763356379,1,0,0
user_79,69ca35fdede0bca4dfb87689,0,0.19151984046230083,0,0.8848471678844302,0.13375762708320593,1,0,0
user_79,69cbd335f28fd95e5bf52a2a,0,0.09545506852687878,0,0.3256192765723073,0.2728717040617168,0,0,1
user_79,69cbd36df28fd95e5bf52aed,0,0.17903967732739928,0,0.34766700543137247,0.8172125874203768,0,0,1
user_79,69ca35c5ede0bca4dfb8764d,0,0.2468250397710624,0,0.30565519997023183,0.4630733943919161,0,0,1
user_79,69cbd359f28fd95e5bf52aa7,0,0.38957269122076305,0,0.6617253706092334,0.652555955070425,1,0,0
user_79,69ca3611ede0bca4dfb8769d,0,0.182406997807424,0,0.8167385630565688,0.08573594730118606,0,1,0
user_79,69cbd347f28fd95e5bf52a66,0,0.3497486978918565,0,0.38931532251104284,0.20902102751514096,0,0,1
user_79,69ca3609ede0bca4dfb8768e,0,0.25319389003532883,0,0.615635376719213,0.009179346689305978,0,1,0
user_79,69cbd34ef28fd95e5bf52a7f,0,0.06606797893093673,0,0.4817278991498461,0.05726508675525821,0,1,0
user_79,69cbd333f28fd95e5bf52a25,0,0.30002170122797045,0,0.31645393661894367,0.37528587849702544,0,1,0
user_79,69ca35dbede0bca4dfb87666,0,0.35318047679058484,0,0.37788450509578947,0.6487462399279238,0,0,1
user_79,69cbd368f28fd95e5bf52ade,0,0.0014372975516278254,0,0.33268297150648757,0.9554899052373724,0,0,1
user_79,69cbd33ff28fd95e5bf52a48,0,0.19297181341101616,0,0.7062653569339621,0.5221187807455978,0,0,1
user_79,69cbd360f28fd95e5bf52ac0,0,0.37572502320268164,0,0.22903037201975585,0.07134128709077725,0,0,1
user_79,69ca35c3ede0bca4dfb87648,0,0.3086449061474119,0,0.9905480039234987,0.009212521868874113,0,1,0
user_79,69ca360fede0bca4dfb87698,0,0.022153347331320728,0,0.9762862407742582,0.5534228684825133,0,0,1
user_79,69ca35e0ede0bca4dfb87670,0,0.11880416037600812,0,0.3520548772600067,0.060655108756411114,1,0,0
user_79,69cbd35af28fd95e5bf52aac,0,0.27398352318214764,0,0.4526841513414083,0.23438192192548302,0,1,0
user_79,69cbd35cf28fd95e5bf52ab1,0,0.09906053445324794,0,0.922849001919123,0.6401867353587831,0,0,1
user_79,69ca35c1ede0bca4dfb87643,0,0.31041958958688354,0,0.4971418788125288,0.5928131514862098,1,0,0
user_79,69cbd36ef28fd95e5bf52af2,0,0.34168055567207345,0,0.3277844906534998,0.16454855034168947,1,0,0
user_79,69ca358dede0bca4dfb8762a,0,0.07909936781252905,0,0.29181979052927787,0.06410013792626623,1,0,0
user_79,69ca35c5ede0bca4dfb8764d,0,0.07884479860570003,0,0.5139885239554928,0.01123754594705817,0,0,1